{"nodes":[{"name":"C-3PO","value":144,"colour":"#FFD700","id":23,"type":"character","x":558.7530705765587,"y":344.69804060333655,"sizeLabel":0,"colorLabel":"white","r":10,"width":20,"height":20,"relativeR":10,"relativeScaleR":1,"isHover":false,"color":"#fdc086","stroke_color":"#fdc086","strokeSize":1,"initial_color":"#fdc086","initial_stroke_color":"#fdc086","sketchPaths":[],"isFixed":false},{"name":"ANAKIN","value":132,"colour":"#ce3b59","id":19,"type":"character","x":584.8106996633455,"y":250.23431779747855,"sizeLabel":0,"colorLabel":"white","r":10,"width":20,"height":20,"relativeR":10,"relativeScaleR":1,"isHover":false,"color":"#fdc086","stroke_color":"#fdc086","strokeSize":1,"initial_color":"#fdc086","initial_stroke_color":"#fdc086","sketchPaths":[],"isFixed":false},{"name":"R2-D2","value":168,"colour":"#bde0f6","id":0,"type":"character","x":566.2115789099136,"y":315.93265676676253,"sizeLabel":0,"colorLabel":"white","r":10,"width":20,"height":20,"relativeR":10,"relativeScaleR":1,"isHover":false,"color":"#fdc086","stroke_color":"#fdc086","strokeSize":1,"initial_color":"#fdc086","initial_stroke_color":"#fdc086","sketchPaths":[],"isFixed":false},{"name":"HAN","value":125,"colour":"#ff9400","id":72,"type":"character","x":596.8488235586306,"y":315.3643574535647,"sizeLabel":0,"colorLabel":"white","r":10,"width":20,"height":20,"relativeR":10,"relativeScaleR":1,"isHover":false,"color":"#fdc086","stroke_color":"#fdc086","strokeSize":1,"initial_color":"#fdc086","initial_stroke_color":"#fdc086","sketchPaths":[],"isFixed":false},{"name":"OBI-WAN","value":148,"colour":"#48D1CC","id":6,"type":"character","x":551.3999015501751,"y":253.42187119775215,"sizeLabel":0,"colorLabel":"white","r":10,"width":20,"height":20,"relativeR":10,"relativeScaleR":1,"isHover":false,"color":"#fdc086","stroke_color":"#fdc086","strokeSize":1,"initial_color":"#fdc086","initial_stroke_color":"#fdc086","sketchPaths":[],"isFixed":false}],"links":[{"source":23,"target":0,"value":52,"id":9,"type":"discussion","index":0,"color":"rgba(191, 191, 191, 0.6)","size":70,"sketchWidth":1,"sketchHeight":1,"initial_color":"rgba(191,191,191,0.6)","from":0,"to":2,"curvature":10,"control_point":[]},{"source":19,"target":6,"value":46,"id":118,"type":"discussion","index":1,"color":"rgba(191, 191, 191, 0.6)","size":70,"sketchWidth":1,"sketchHeight":1,"initial_color":"rgba(191,191,191,0.6)","from":1,"to":4,"curvature":10,"control_point":[]},{"source":23,"target":72,"value":51,"id":313,"type":"discussion","index":2,"color":"rgba(191, 191, 191, 0.6)","size":70,"sketchWidth":1,"sketchHeight":1,"initial_color":"rgba(191,191,191,0.6)","from":0,"to":3,"curvature":10,"control_point":[]}],"images":[],"freeDrawing":[]}