{"nodes":[{"name":"Napoleon","group":"group1","id":1,"type":"male","x":1018.6370727141393,"y":374,"sizeLabel":0,"colorLabel":"white","r":10,"width":20,"height":20,"relativeR":10,"relativeScaleR":1,"isHover":false,"color":"#1f77b4","stroke_color":"#aec7e8","strokeSize":1,"initial_color":"#1f77b4","initial_stroke_color":"#aec7e8","sketchPaths":[],"isFixed":false,"fy":374},{"name":"Geborand","group":"group1","id":5,"type":"male","x":1047.8109514606267,"y":374,"sizeLabel":0,"colorLabel":"white","r":10,"width":20,"height":20,"relativeR":10,"relativeScaleR":1,"isHover":false,"color":"#1f77b4","stroke_color":"#aec7e8","strokeSize":1,"initial_color":"#1f77b4","initial_stroke_color":"#aec7e8","sketchPaths":[],"isFixed":false,"fy":374},{"name":"Champtercier","group":"group1","id":6,"type":"male","x":809.6167016969558,"y":374,"sizeLabel":0,"colorLabel":"white","r":10,"width":20,"height":20,"relativeR":10,"relativeScaleR":1,"isHover":false,"color":"#1f77b4","stroke_color":"#aec7e8","strokeSize":1,"initial_color":"#1f77b4","initial_stroke_color":"#aec7e8","sketchPaths":[],"isFixed":false,"fx":809.6167016969558,"fy":374},{"name":"Cravatte","group":"group1","id":7,"type":"male","x":1077.5887771225557,"y":374,"sizeLabel":0,"colorLabel":"white","r":10,"width":20,"height":20,"relativeR":10,"relativeScaleR":1,"isHover":false,"color":"#1f77b4","stroke_color":"#aec7e8","strokeSize":1,"initial_color":"#1f77b4","initial_stroke_color":"#aec7e8","sketchPaths":[],"isFixed":false,"fy":374},{"name":"Count","group":"group1","id":8,"type":"male","x":1107.5571044928477,"y":374,"sizeLabel":0,"colorLabel":"white","r":10,"width":20,"height":20,"relativeR":10,"relativeScaleR":1,"isHover":false,"color":"#1f77b4","stroke_color":"#aec7e8","strokeSize":1,"initial_color":"#1f77b4","initial_stroke_color":"#aec7e8","sketchPaths":[],"isFixed":false,"fy":374},{"name":"Valjean","group":"group2","id":11,"type":"male","x":489.2161891367469,"y":374,"sizeLabel":0,"colorLabel":"white","r":10,"width":20,"height":20,"relativeR":10,"relativeScaleR":1,"isHover":false,"color":"#aec7e8","stroke_color":"#aec7e8","strokeSize":1,"initial_color":"#aec7e8","initial_stroke_color":"#aec7e8","sketchPaths":[],"isFixed":false,"fy":374},{"name":"Tholomyes","group":"group3","id":16,"type":"male","x":-29.219337505666626,"y":374,"sizeLabel":0,"colorLabel":"white","r":10,"width":20,"height":20,"relativeR":10,"relativeScaleR":1,"isHover":false,"color":"#ff7f0e","stroke_color":"#aec7e8","strokeSize":1,"initial_color":"#ff7f0e","initial_stroke_color":"#aec7e8","sketchPaths":[],"isFixed":false,"fy":374},{"name":"Listolier","group":"group3","id":17,"type":"male","x":-112.4549531469847,"y":374,"sizeLabel":0,"colorLabel":"white","r":10,"width":20,"height":20,"relativeR":10,"relativeScaleR":1,"isHover":false,"color":"#ff7f0e","stroke_color":"#aec7e8","strokeSize":1,"initial_color":"#ff7f0e","initial_stroke_color":"#aec7e8","sketchPaths":[],"isFixed":false,"fy":374},{"name":"Fameuil","group":"group3","id":18,"type":"male","x":-199.95625040451034,"y":374,"sizeLabel":0,"colorLabel":"white","r":10,"width":20,"height":20,"relativeR":10,"relativeScaleR":1,"isHover":false,"color":"#ff7f0e","stroke_color":"#aec7e8","strokeSize":1,"initial_color":"#ff7f0e","initial_stroke_color":"#aec7e8","sketchPaths":[],"isFixed":false,"fy":374},{"name":"Blacheville","group":"group3","id":19,"type":"male","x":-140.59654081048927,"y":374,"sizeLabel":0,"colorLabel":"white","r":10,"width":20,"height":20,"relativeR":10,"relativeScaleR":1,"isHover":false,"color":"#ff7f0e","stroke_color":"#aec7e8","strokeSize":1,"initial_color":"#ff7f0e","initial_stroke_color":"#aec7e8","sketchPaths":[],"isFixed":false,"fy":374},{"name":"Favourite","group":"group3","id":20,"type":"male","x":-55.02397671690508,"y":374,"sizeLabel":0,"colorLabel":"white","r":10,"width":20,"height":20,"relativeR":10,"relativeScaleR":1,"isHover":false,"color":"#ff7f0e","stroke_color":"#aec7e8","strokeSize":1,"initial_color":"#ff7f0e","initial_stroke_color":"#aec7e8","sketchPaths":[],"isFixed":false,"fy":374},{"name":"Thenardier","group":"group4","id":25,"type":"male","x":226.19059546034677,"y":374,"sizeLabel":0,"colorLabel":"white","r":10,"width":20,"height":20,"relativeR":10,"relativeScaleR":1,"isHover":false,"color":"#ffbb78","stroke_color":"#aec7e8","strokeSize":1,"initial_color":"#ffbb78","initial_stroke_color":"#aec7e8","sketchPaths":[],"isFixed":false,"fy":374},{"name":"Javert","group":"group4","id":27,"type":"male","x":180.52150665356166,"y":374,"sizeLabel":0,"colorLabel":"white","r":10,"width":20,"height":20,"relativeR":10,"relativeScaleR":1,"isHover":false,"color":"#ffbb78","stroke_color":"#aec7e8","strokeSize":1,"initial_color":"#ffbb78","initial_stroke_color":"#aec7e8","sketchPaths":[],"isFixed":false,"fy":374},{"name":"Judge","group":"group2","id":34,"type":"male","x":693.0298105879187,"y":374,"sizeLabel":0,"colorLabel":"white","r":10,"width":20,"height":20,"relativeR":10,"relativeScaleR":1,"isHover":false,"color":"#aec7e8","stroke_color":"#aec7e8","strokeSize":1,"initial_color":"#aec7e8","initial_stroke_color":"#aec7e8","sketchPaths":[],"isFixed":false,"fy":374},{"name":"Champmathieu","group":"group2","id":35,"type":"male","x":734.8653141760808,"y":374,"sizeLabel":0,"colorLabel":"white","r":10,"width":20,"height":20,"relativeR":10,"relativeScaleR":1,"isHover":false,"color":"#aec7e8","stroke_color":"#aec7e8","strokeSize":1,"initial_color":"#aec7e8","initial_stroke_color":"#aec7e8","sketchPaths":[],"isFixed":false,"fy":374},{"name":"Brevet","group":"group2","id":36,"type":"male","x":651.9194064714394,"y":374,"sizeLabel":0,"colorLabel":"white","r":10,"width":20,"height":20,"relativeR":10,"relativeScaleR":1,"isHover":false,"color":"#aec7e8","stroke_color":"#aec7e8","strokeSize":1,"initial_color":"#aec7e8","initial_stroke_color":"#aec7e8","sketchPaths":[],"isFixed":false,"fy":374},{"name":"Chenildieu","group":"group2","id":37,"type":"male","x":768.3724603236806,"y":374,"sizeLabel":0,"colorLabel":"white","r":10,"width":20,"height":20,"relativeR":10,"relativeScaleR":1,"isHover":false,"color":"#aec7e8","stroke_color":"#aec7e8","strokeSize":1,"initial_color":"#aec7e8","initial_stroke_color":"#aec7e8","sketchPaths":[],"isFixed":false,"fy":374},{"name":"Cochepaille","group":"group2","id":38,"type":"male","x":762.9785608926632,"y":374,"sizeLabel":0,"colorLabel":"white","r":10,"width":20,"height":20,"relativeR":10,"relativeScaleR":1,"isHover":false,"color":"#aec7e8","stroke_color":"#aec7e8","strokeSize":1,"initial_color":"#aec7e8","initial_stroke_color":"#aec7e8","sketchPaths":[],"isFixed":false,"fy":374},{"name":"Fauchelevent","group":0,"id":28,"type":"male","x":310.5422734880087,"y":374,"sizeLabel":0,"colorLabel":"white","r":10,"width":20,"height":20,"relativeR":10,"relativeScaleR":1,"isHover":false,"color":"#2ca02c","stroke_color":"#aec7e8","strokeSize":1,"initial_color":"#2ca02c","initial_stroke_color":"#aec7e8","sketchPaths":[],"isFixed":false,"fy":374},{"name":"Gavroche","group":"group8","id":48,"type":"male","x":630.4843097872031,"y":374,"sizeLabel":0,"colorLabel":"white","r":10,"width":20,"height":20,"relativeR":10,"relativeScaleR":1,"isHover":false,"color":"#98df8a","stroke_color":"#aec7e8","strokeSize":1,"initial_color":"#98df8a","initial_stroke_color":"#aec7e8","sketchPaths":[],"isFixed":false,"fy":374},{"name":"Gillenormand","group":"group5","id":49,"type":"male","x":361.3872950680779,"y":374,"sizeLabel":0,"colorLabel":"white","r":10,"width":20,"height":20,"relativeR":10,"relativeScaleR":1,"isHover":false,"color":"#d62728","stroke_color":"#aec7e8","strokeSize":1,"initial_color":"#d62728","initial_stroke_color":"#aec7e8","sketchPaths":[],"isFixed":false,"fy":374},{"name":"Magnon","group":"group5","id":50,"type":"male","x":171.8674068947929,"y":374,"sizeLabel":0,"colorLabel":"white","r":10,"width":20,"height":20,"relativeR":10,"relativeScaleR":1,"isHover":false,"color":"#d62728","stroke_color":"#aec7e8","strokeSize":1,"initial_color":"#d62728","initial_stroke_color":"#aec7e8","sketchPaths":[],"isFixed":false,"fy":374},{"name":"Pontmercy","group":"group4","id":39,"type":"male","x":307.9363017854379,"y":374,"sizeLabel":0,"colorLabel":"white","r":10,"width":20,"height":20,"relativeR":10,"relativeScaleR":1,"isHover":false,"color":"#ffbb78","stroke_color":"#aec7e8","strokeSize":1,"initial_color":"#ffbb78","initial_stroke_color":"#aec7e8","sketchPaths":[],"isFixed":false,"fy":374},{"name":"Lt.Gillenormand","group":"group5","id":54,"type":"male","x":271.6276474523567,"y":374,"sizeLabel":0,"colorLabel":"white","r":10,"width":20,"height":20,"relativeR":10,"relativeScaleR":1,"isHover":false,"color":"#d62728","stroke_color":"#aec7e8","strokeSize":1,"initial_color":"#d62728","initial_stroke_color":"#aec7e8","sketchPaths":[],"isFixed":false,"fy":374},{"name":"Marius","group":"group8","id":55,"type":"male","x":426.26489522180316,"y":374,"sizeLabel":0,"colorLabel":"white","r":10,"width":20,"height":20,"relativeR":10,"relativeScaleR":1,"isHover":false,"color":"#98df8a","stroke_color":"#aec7e8","strokeSize":1,"initial_color":"#98df8a","initial_stroke_color":"#aec7e8","sketchPaths":[],"isFixed":false,"fy":374},{"name":"Mabeuf","group":"group8","id":57,"type":"male","x":721.6735981476234,"y":374,"sizeLabel":0,"colorLabel":"white","r":10,"width":20,"height":20,"relativeR":10,"relativeScaleR":1,"isHover":false,"color":"#98df8a","stroke_color":"#aec7e8","strokeSize":1,"initial_color":"#98df8a","initial_stroke_color":"#aec7e8","sketchPaths":[],"isFixed":false,"fy":374},{"name":"Enjolras","group":"group8","id":58,"type":"male","x":551.178588549413,"y":374,"sizeLabel":0,"colorLabel":"white","r":10,"width":20,"height":20,"relativeR":10,"relativeScaleR":1,"isHover":false,"color":"#98df8a","stroke_color":"#aec7e8","strokeSize":1,"initial_color":"#98df8a","initial_stroke_color":"#aec7e8","sketchPaths":[],"isFixed":false,"fy":374},{"name":"Prouvaire","group":"group8","id":60,"type":"male","x":659.1535885493815,"y":374,"sizeLabel":0,"colorLabel":"white","r":10,"width":20,"height":20,"relativeR":10,"relativeScaleR":1,"isHover":false,"color":"#98df8a","stroke_color":"#aec7e8","strokeSize":1,"initial_color":"#98df8a","initial_stroke_color":"#aec7e8","sketchPaths":[],"isFixed":false,"fy":374},{"name":"Combeferre","group":"group8","id":59,"type":"male","x":708.6569373682003,"y":374,"sizeLabel":0,"colorLabel":"white","r":10,"width":20,"height":20,"relativeR":10,"relativeScaleR":1,"isHover":false,"color":"#98df8a","stroke_color":"#aec7e8","strokeSize":1,"initial_color":"#98df8a","initial_stroke_color":"#aec7e8","sketchPaths":[],"isFixed":false,"fy":374},{"name":"Courfeyrac","group":"group8","id":62,"type":"male","x":575.9376767774104,"y":374,"sizeLabel":0,"colorLabel":"white","r":10,"width":20,"height":20,"relativeR":10,"relativeScaleR":1,"isHover":false,"color":"#98df8a","stroke_color":"#aec7e8","strokeSize":1,"initial_color":"#98df8a","initial_stroke_color":"#aec7e8","sketchPaths":[],"isFixed":false,"fy":374},{"name":"Bahorel","group":"group8","id":63,"type":"male","x":603.3852734610691,"y":374,"sizeLabel":0,"colorLabel":"white","r":10,"width":20,"height":20,"relativeR":10,"relativeScaleR":1,"isHover":false,"color":"#98df8a","stroke_color":"#aec7e8","strokeSize":1,"initial_color":"#98df8a","initial_stroke_color":"#aec7e8","sketchPaths":[],"isFixed":false,"fy":374},{"name":"Gueulemer","group":"group4","id":68,"type":"male","x":332.9544585572647,"y":374,"sizeLabel":0,"colorLabel":"white","r":10,"width":20,"height":20,"relativeR":10,"relativeScaleR":1,"isHover":false,"color":"#ffbb78","stroke_color":"#aec7e8","strokeSize":1,"initial_color":"#ffbb78","initial_stroke_color":"#aec7e8","sketchPaths":[],"isFixed":false,"fy":374},{"name":"Claquesous","group":"group4","id":70,"type":"male","x":261.0951660765869,"y":374,"sizeLabel":0,"colorLabel":"white","r":10,"width":20,"height":20,"relativeR":10,"relativeScaleR":1,"isHover":false,"color":"#ffbb78","stroke_color":"#aec7e8","strokeSize":1,"initial_color":"#ffbb78","initial_stroke_color":"#aec7e8","sketchPaths":[],"isFixed":false,"fy":374},{"name":"Montparnasse","group":"group4","id":71,"type":"male","x":469.3071195603632,"y":374,"sizeLabel":0,"colorLabel":"white","r":10,"width":20,"height":20,"relativeR":10,"relativeScaleR":1,"isHover":false,"color":"#ffbb78","stroke_color":"#aec7e8","strokeSize":1,"initial_color":"#ffbb78","initial_stroke_color":"#aec7e8","sketchPaths":[],"isFixed":false,"fy":374},{"name":"Brujon","group":"group4","id":75,"type":"male","x":458.4538303142143,"y":374,"sizeLabel":0,"colorLabel":"white","r":10,"width":20,"height":20,"relativeR":10,"relativeScaleR":1,"isHover":false,"color":"#ffbb78","stroke_color":"#aec7e8","strokeSize":1,"initial_color":"#ffbb78","initial_stroke_color":"#aec7e8","sketchPaths":[],"isFixed":false,"fy":374},{"name":"Myriel","group":"group1","id":0,"type":"female","x":959.6176355485129,"y":374,"sizeLabel":0,"colorLabel":"white","r":10,"width":20,"height":20,"relativeR":10,"relativeScaleR":1,"isHover":false,"color":"#1f77b4","stroke_color":"#1f77b4","strokeSize":1,"initial_color":"#1f77b4","initial_stroke_color":"#1f77b4","sketchPaths":[],"isFixed":false,"fy":374},{"name":"Mme.Magloire","group":"group1","id":3,"type":"female","x":838.929996570919,"y":374,"sizeLabel":0,"colorLabel":"white","r":10,"width":20,"height":20,"relativeR":10,"relativeScaleR":1,"isHover":false,"color":"#1f77b4","stroke_color":"#1f77b4","strokeSize":1,"initial_color":"#1f77b4","initial_stroke_color":"#1f77b4","sketchPaths":[],"isFixed":false,"fy":374},{"name":"Mlle.Baptistine","group":"group1","id":2,"type":"female","x":868.7498354331345,"y":374,"sizeLabel":0,"colorLabel":"white","r":10,"width":20,"height":20,"relativeR":10,"relativeScaleR":1,"isHover":false,"color":"#1f77b4","stroke_color":"#1f77b4","strokeSize":1,"initial_color":"#1f77b4","initial_stroke_color":"#1f77b4","sketchPaths":[],"isFixed":false,"fy":374},{"name":"Marguerite","group":"group3","id":12,"type":"female","x":151.10536097397744,"y":374,"sizeLabel":0,"colorLabel":"white","r":10,"width":20,"height":20,"relativeR":10,"relativeScaleR":1,"isHover":false,"color":"#ff7f0e","stroke_color":"#1f77b4","strokeSize":1,"initial_color":"#ff7f0e","initial_stroke_color":"#1f77b4","sketchPaths":[],"isFixed":false,"fy":374},{"name":"Mme.deR","group":"group2","id":13,"type":"female","x":529.4926757290057,"y":374,"sizeLabel":0,"colorLabel":"white","r":10,"width":20,"height":20,"relativeR":10,"relativeScaleR":1,"isHover":false,"color":"#aec7e8","stroke_color":"#1f77b4","strokeSize":1,"initial_color":"#aec7e8","initial_stroke_color":"#1f77b4","sketchPaths":[],"isFixed":false,"fy":374},{"name":"Isabeau","group":"group2","id":14,"type":"female","x":536.0465222725791,"y":374,"sizeLabel":0,"colorLabel":"white","r":10,"width":20,"height":20,"relativeR":10,"relativeScaleR":1,"isHover":false,"color":"#aec7e8","stroke_color":"#1f77b4","strokeSize":1,"initial_color":"#aec7e8","initial_stroke_color":"#1f77b4","sketchPaths":[],"isFixed":false,"fy":374},{"name":"Dahlia","group":"group3","id":21,"type":"female","x":-85.007958346788,"y":374,"sizeLabel":0,"colorLabel":"white","r":10,"width":20,"height":20,"relativeR":10,"relativeScaleR":1,"isHover":false,"color":"#ff7f0e","stroke_color":"#1f77b4","strokeSize":1,"initial_color":"#ff7f0e","initial_stroke_color":"#1f77b4","sketchPaths":[],"isFixed":false,"fy":374},{"name":"Zephine","group":"group3","id":22,"type":"female","x":-170.58052297459628,"y":374,"sizeLabel":0,"colorLabel":"white","r":10,"width":20,"height":20,"relativeR":10,"relativeScaleR":1,"isHover":false,"color":"#ff7f0e","stroke_color":"#1f77b4","strokeSize":1,"initial_color":"#ff7f0e","initial_stroke_color":"#1f77b4","sketchPaths":[],"isFixed":false,"fy":374},{"name":"Fantine","group":"group3","id":23,"type":"female","x":21.37334651786326,"y":374,"sizeLabel":0,"colorLabel":"white","r":10,"width":20,"height":20,"relativeR":10,"relativeScaleR":1,"isHover":false,"color":"#ff7f0e","stroke_color":"#1f77b4","strokeSize":1,"initial_color":"#ff7f0e","initial_stroke_color":"#1f77b4","sketchPaths":[],"isFixed":false,"fy":374},{"name":"Mme.Thenardier","group":"group4","id":24,"type":"female","x":66.88581974462693,"y":374,"sizeLabel":0,"colorLabel":"white","r":10,"width":20,"height":20,"relativeR":10,"relativeScaleR":1,"isHover":false,"color":"#ffbb78","stroke_color":"#1f77b4","strokeSize":1,"initial_color":"#ffbb78","initial_stroke_color":"#1f77b4","sketchPaths":[],"isFixed":false,"fy":374},{"name":"Cosette","group":"group5","id":26,"type":"female","x":106.43005623217054,"y":374,"sizeLabel":0,"colorLabel":"white","r":10,"width":20,"height":20,"relativeR":10,"relativeScaleR":1,"isHover":false,"color":"#d62728","stroke_color":"#1f77b4","strokeSize":1,"initial_color":"#d62728","initial_stroke_color":"#1f77b4","sketchPaths":[],"isFixed":false,"fy":374},{"name":"Bamatabois","group":"group2","id":29,"type":"female","x":561.3038825394092,"y":374,"sizeLabel":0,"colorLabel":"white","r":10,"width":20,"height":20,"relativeR":10,"relativeScaleR":1,"isHover":false,"color":"#aec7e8","stroke_color":"#1f77b4","strokeSize":1,"initial_color":"#aec7e8","initial_stroke_color":"#1f77b4","sketchPaths":[],"isFixed":false,"fy":374},{"name":"Simplice","group":"group2","id":31,"type":"female","x":43.04845394242631,"y":374,"sizeLabel":0,"colorLabel":"white","r":10,"width":20,"height":20,"relativeR":10,"relativeScaleR":1,"isHover":false,"color":"#aec7e8","stroke_color":"#1f77b4","strokeSize":1,"initial_color":"#aec7e8","initial_stroke_color":"#1f77b4","sketchPaths":[],"isFixed":false,"fy":374},{"name":"Woman1","group":"group2","id":33,"type":"female","x":234.21465023239335,"y":374,"sizeLabel":0,"colorLabel":"white","r":10,"width":20,"height":20,"relativeR":10,"relativeScaleR":1,"isHover":false,"color":"#aec7e8","stroke_color":"#1f77b4","strokeSize":1,"initial_color":"#aec7e8","initial_stroke_color":"#1f77b4","sketchPaths":[],"isFixed":false,"fy":374},{"name":"Eponine","group":"group4","id":41,"type":"female","x":286.1856580079135,"y":374,"sizeLabel":0,"colorLabel":"white","r":10,"width":20,"height":20,"relativeR":10,"relativeScaleR":1,"isHover":false,"color":"#ffbb78","stroke_color":"#1f77b4","strokeSize":1,"initial_color":"#ffbb78","initial_stroke_color":"#1f77b4","sketchPaths":[],"isFixed":false,"fy":374},{"name":"Anzelma","group":"group4","id":42,"type":"female","x":84.60017913654767,"y":374,"sizeLabel":0,"colorLabel":"white","r":10,"width":20,"height":20,"relativeR":10,"relativeScaleR":1,"isHover":false,"color":"#ffbb78","stroke_color":"#1f77b4","strokeSize":1,"initial_color":"#ffbb78","initial_stroke_color":"#1f77b4","sketchPaths":[],"isFixed":false,"fy":374},{"name":"Woman2","group":"group5","id":43,"type":"female","x":186.86029252352643,"y":374,"sizeLabel":0,"colorLabel":"white","r":10,"width":20,"height":20,"relativeR":10,"relativeScaleR":1,"isHover":false,"color":"#d62728","stroke_color":"#1f77b4","strokeSize":1,"initial_color":"#d62728","initial_stroke_color":"#1f77b4","sketchPaths":[],"isFixed":false,"fy":374},{"name":"MotherInnocent","group":0,"id":44,"type":"female","x":403.46127770539096,"y":374,"sizeLabel":0,"colorLabel":"white","r":10,"width":20,"height":20,"relativeR":10,"relativeScaleR":1,"isHover":false,"color":"#2ca02c","stroke_color":"#1f77b4","strokeSize":1,"initial_color":"#2ca02c","initial_stroke_color":"#1f77b4","sketchPaths":[],"isFixed":false,"fy":374},{"name":"Mme.Burgon","group":"group7","id":47,"type":"female","x":898.7299838402109,"y":374,"sizeLabel":0,"colorLabel":"white","r":10,"width":20,"height":20,"relativeR":10,"relativeScaleR":1,"isHover":false,"color":"#ff9896","stroke_color":"#1f77b4","strokeSize":1,"initial_color":"#ff9896","initial_stroke_color":"#1f77b4","sketchPaths":[],"isFixed":false,"fy":374},{"name":"Mlle.Gillenormand","group":"group5","id":51,"type":"female","x":394.0123588561244,"y":374,"sizeLabel":0,"colorLabel":"white","r":10,"width":20,"height":20,"relativeR":10,"relativeScaleR":1,"isHover":false,"color":"#d62728","stroke_color":"#1f77b4","strokeSize":1,"initial_color":"#d62728","initial_stroke_color":"#1f77b4","sketchPaths":[],"isFixed":false,"fy":374},{"name":"Mme.Pontmercy","group":"group5","id":52,"type":"female","x":372.61404493962425,"y":374,"sizeLabel":0,"colorLabel":"white","r":10,"width":20,"height":20,"relativeR":10,"relativeScaleR":1,"isHover":false,"color":"#d62728","stroke_color":"#1f77b4","strokeSize":1,"initial_color":"#d62728","initial_stroke_color":"#1f77b4","sketchPaths":[],"isFixed":false,"fy":374},{"name":"BaronessT","group":"group5","id":56,"type":"female","x":437.5787609361436,"y":374,"sizeLabel":0,"colorLabel":"white","r":10,"width":20,"height":20,"relativeR":10,"relativeScaleR":1,"isHover":false,"color":"#d62728","stroke_color":"#1f77b4","strokeSize":1,"initial_color":"#d62728","initial_stroke_color":"#1f77b4","sketchPaths":[],"isFixed":false,"fy":374},{"name":"Feuilly","group":"group8","id":61,"type":"female","x":678.6744614013141,"y":374,"sizeLabel":0,"colorLabel":"white","r":10,"width":20,"height":20,"relativeR":10,"relativeScaleR":1,"isHover":false,"color":"#98df8a","stroke_color":"#1f77b4","strokeSize":1,"initial_color":"#98df8a","initial_stroke_color":"#1f77b4","sketchPaths":[],"isFixed":false,"fy":374},{"name":"Bossuet","group":"group8","id":64,"type":"female","x":647.0185933818882,"y":374,"sizeLabel":0,"colorLabel":"white","r":10,"width":20,"height":20,"relativeR":10,"relativeScaleR":1,"isHover":false,"color":"#98df8a","stroke_color":"#1f77b4","strokeSize":1,"initial_color":"#98df8a","initial_stroke_color":"#1f77b4","sketchPaths":[],"isFixed":false,"fy":374},{"name":"Joly","group":"group8","id":65,"type":"female","x":738.2964112303222,"y":374,"sizeLabel":0,"colorLabel":"white","r":10,"width":20,"height":20,"relativeR":10,"relativeScaleR":1,"isHover":false,"color":"#98df8a","stroke_color":"#1f77b4","strokeSize":1,"initial_color":"#98df8a","initial_stroke_color":"#1f77b4","sketchPaths":[],"isFixed":false,"fy":374},{"name":"Grantaire","group":"group8","id":66,"type":"female","x":589.2084523018739,"y":374,"sizeLabel":0,"colorLabel":"white","r":10,"width":20,"height":20,"relativeR":10,"relativeScaleR":1,"isHover":false,"color":"#98df8a","stroke_color":"#1f77b4","strokeSize":1,"initial_color":"#98df8a","initial_stroke_color":"#1f77b4","sketchPaths":[],"isFixed":false,"fy":374},{"name":"MotherPlutarch","group":0,"id":67,"type":"female","x":790.1972118647064,"y":374,"sizeLabel":0,"colorLabel":"white","r":10,"width":20,"height":20,"relativeR":10,"relativeScaleR":1,"isHover":false,"color":"#2ca02c","stroke_color":"#1f77b4","strokeSize":1,"initial_color":"#2ca02c","initial_stroke_color":"#1f77b4","sketchPaths":[],"isFixed":false,"fy":374},{"name":"Babet","group":"group4","id":69,"type":"female","x":314.4140948060893,"y":374,"sizeLabel":0,"colorLabel":"white","r":10,"width":20,"height":20,"relativeR":10,"relativeScaleR":1,"isHover":false,"color":"#ffbb78","stroke_color":"#1f77b4","strokeSize":1,"initial_color":"#ffbb78","initial_stroke_color":"#1f77b4","sketchPaths":[],"isFixed":false,"fy":374},{"name":"Toussaint","group":"group5","id":72,"type":"female","x":216.83085603837807,"y":374,"sizeLabel":0,"colorLabel":"white","r":10,"width":20,"height":20,"relativeR":10,"relativeScaleR":1,"isHover":false,"color":"#d62728","stroke_color":"#1f77b4","strokeSize":1,"initial_color":"#d62728","initial_stroke_color":"#1f77b4","sketchPaths":[],"isFixed":false,"fy":374},{"name":"Mme.Hucheloup","group":"group8","id":76,"type":"female","x":619.1897977659409,"y":374,"sizeLabel":0,"colorLabel":"white","r":10,"width":20,"height":20,"relativeR":10,"relativeScaleR":1,"isHover":false,"color":"#98df8a","stroke_color":"#1f77b4","strokeSize":1,"initial_color":"#98df8a","initial_stroke_color":"#1f77b4","sketchPaths":[],"isFixed":false,"fy":374},{"name":"CountessdeLo","group":"group1","id":4,"type":"female","x":989.4434056026213,"y":374,"sizeLabel":0,"colorLabel":"white","r":10,"width":20,"height":20,"relativeR":10,"relativeScaleR":1,"isHover":false,"color":"#1f77b4","stroke_color":"#1f77b4","strokeSize":1,"initial_color":"#1f77b4","initial_stroke_color":"#1f77b4","sketchPaths":[],"isFixed":false,"fy":374},{"name":"Perpetue","group":"group3","id":30,"type":"female","x":-4.559652713114996,"y":374,"sizeLabel":0,"colorLabel":"white","r":10,"width":20,"height":20,"relativeR":10,"relativeScaleR":1,"isHover":false,"color":"#ff7f0e","stroke_color":"#1f77b4","strokeSize":1,"initial_color":"#ff7f0e","initial_stroke_color":"#1f77b4","sketchPaths":[],"isFixed":false,"fy":374},{"name":"Mlle.Vaubois","group":"group5","id":53,"type":"female","x":407.60628328311043,"y":374,"sizeLabel":0,"colorLabel":"white","r":10,"width":20,"height":20,"relativeR":10,"relativeScaleR":1,"isHover":false,"color":"#d62728","stroke_color":"#1f77b4","strokeSize":1,"initial_color":"#d62728","initial_stroke_color":"#1f77b4","sketchPaths":[],"isFixed":false,"fy":374},{"name":"Jondrette","group":"group7","id":46,"type":"female","x":929.9642163909025,"y":374,"sizeLabel":0,"colorLabel":"white","r":10,"width":20,"height":20,"relativeR":10,"relativeScaleR":1,"isHover":false,"color":"#ff9896","stroke_color":"#1f77b4","strokeSize":1,"initial_color":"#ff9896","initial_stroke_color":"#1f77b4","sketchPaths":[],"isFixed":false,"fy":374},{"name":"Gervais","group":"group2","id":15,"type":"male","x":476.26021259848477,"y":374,"sizeLabel":0,"colorLabel":"white","r":10,"width":20,"height":20,"relativeR":10,"relativeScaleR":1,"isHover":false,"color":"#aec7e8","stroke_color":"#aec7e8","strokeSize":1,"initial_color":"#aec7e8","initial_stroke_color":"#aec7e8","sketchPaths":[],"isFixed":false,"fy":374},{"name":"Scaufflaire","group":"group2","id":32,"type":"male","x":522.4738507049392,"y":374,"sizeLabel":0,"colorLabel":"white","r":10,"width":20,"height":20,"relativeR":10,"relativeScaleR":1,"isHover":false,"color":"#aec7e8","stroke_color":"#aec7e8","strokeSize":1,"initial_color":"#aec7e8","initial_stroke_color":"#aec7e8","sketchPaths":[],"isFixed":false,"fy":374},{"name":"Boulatruelle","group":"group6","id":40,"type":"male","x":129.2404194682424,"y":374,"sizeLabel":0,"colorLabel":"white","r":10,"width":20,"height":20,"relativeR":10,"relativeScaleR":1,"isHover":false,"color":"#9467bd","stroke_color":"#aec7e8","strokeSize":1,"initial_color":"#9467bd","initial_stroke_color":"#aec7e8","sketchPaths":[],"isFixed":false,"fy":374},{"name":"Gribier","group":0,"id":45,"type":"male","x":344.38635714033734,"y":374,"sizeLabel":0,"colorLabel":"white","r":10,"width":20,"height":20,"relativeR":10,"relativeScaleR":1,"isHover":false,"color":"#2ca02c","stroke_color":"#aec7e8","strokeSize":1,"initial_color":"#2ca02c","initial_stroke_color":"#aec7e8","sketchPaths":[],"isFixed":false,"fy":374},{"name":"Child1","group":"group10","id":73,"type":"male","x":807.9497346344808,"y":374,"sizeLabel":0,"colorLabel":"white","r":10,"width":20,"height":20,"relativeR":10,"relativeScaleR":1,"isHover":false,"color":"#1f77b4","stroke_color":"#aec7e8","strokeSize":1,"initial_color":"#1f77b4","initial_stroke_color":"#aec7e8","sketchPaths":[],"isFixed":false,"fy":374},{"name":"Child2","group":"group10","id":74,"type":"male","x":773.81863766972,"y":374,"sizeLabel":0,"colorLabel":"white","r":10,"width":20,"height":20,"relativeR":10,"relativeScaleR":1,"isHover":false,"color":"#1f77b4","stroke_color":"#aec7e8","strokeSize":1,"initial_color":"#1f77b4","initial_stroke_color":"#aec7e8","sketchPaths":[],"isFixed":false,"fy":374},{"name":"Labarre","group":"group2","id":10,"type":"male","x":492.5760402647842,"y":374,"sizeLabel":0,"colorLabel":"white","r":10,"width":20,"height":20,"relativeR":10,"relativeScaleR":1,"isHover":false,"color":"#aec7e8","stroke_color":"#aec7e8","strokeSize":1,"initial_color":"#aec7e8","initial_stroke_color":"#aec7e8","sketchPaths":[],"isFixed":false,"fy":374}],"links":[{"source":1,"target":0,"value":1,"id":0,"type":"talking","index":0,"color":"rgba(191, 191, 191, 0.6)","size":70,"sketchWidth":1,"sketchHeight":1,"initial_color":"rgba(191,191,191,0.6)","from":0,"to":35,"curvature":10,"control_point":[]},{"source":5,"target":0,"value":1,"id":5,"type":"talking","index":1,"color":"rgba(191, 191, 191, 0.6)","size":70,"sketchWidth":1,"sketchHeight":1,"initial_color":"rgba(191,191,191,0.6)","from":1,"to":35,"curvature":10,"control_point":[]},{"source":6,"target":0,"value":1,"id":6,"type":"talking","index":2,"color":"rgba(191, 191, 191, 0.6)","size":70,"sketchWidth":1,"sketchHeight":1,"initial_color":"rgba(191,191,191,0.6)","from":2,"to":35,"curvature":10,"control_point":[]},{"source":7,"target":0,"value":1,"id":7,"type":"talking","index":3,"color":"rgba(191, 191, 191, 0.6)","size":70,"sketchWidth":1,"sketchHeight":1,"initial_color":"rgba(191,191,191,0.6)","from":3,"to":35,"curvature":10,"control_point":[]},{"source":8,"target":0,"value":2,"id":8,"type":"talking","index":4,"color":"rgba(191, 191, 191, 0.6)","size":70,"sketchWidth":1,"sketchHeight":1,"initial_color":"rgba(191,191,191,0.6)","from":4,"to":35,"curvature":10,"control_point":[]},{"source":11,"target":3,"value":3,"id":11,"type":"talking","index":5,"color":"rgba(191, 191, 191, 0.6)","size":70,"sketchWidth":1,"sketchHeight":1,"initial_color":"rgba(191,191,191,0.6)","from":5,"to":36,"curvature":10,"control_point":[]},{"source":11,"target":2,"value":3,"id":12,"type":"talking","index":6,"color":"rgba(191, 191, 191, 0.6)","size":70,"sketchWidth":1,"sketchHeight":1,"initial_color":"rgba(191,191,191,0.6)","from":5,"to":37,"curvature":10,"control_point":[]},{"source":11,"target":0,"value":5,"id":13,"type":"talking","index":7,"color":"rgba(191, 191, 191, 0.6)","size":70,"sketchWidth":1,"sketchHeight":1,"initial_color":"rgba(191,191,191,0.6)","from":5,"to":35,"curvature":10,"control_point":[]},{"source":12,"target":11,"value":1,"id":14,"type":"talking","index":8,"color":"rgba(191, 191, 191, 0.6)","size":70,"sketchWidth":1,"sketchHeight":1,"initial_color":"rgba(191,191,191,0.6)","from":38,"to":5,"curvature":10,"control_point":[]},{"source":13,"target":11,"value":1,"id":15,"type":"talking","index":9,"color":"rgba(191, 191, 191, 0.6)","size":70,"sketchWidth":1,"sketchHeight":1,"initial_color":"rgba(191,191,191,0.6)","from":39,"to":5,"curvature":10,"control_point":[]},{"source":14,"target":11,"value":1,"id":16,"type":"talking","index":10,"color":"rgba(191, 191, 191, 0.6)","size":70,"sketchWidth":1,"sketchHeight":1,"initial_color":"rgba(191,191,191,0.6)","from":40,"to":5,"curvature":10,"control_point":[]},{"source":21,"target":16,"value":3,"id":28,"type":"talking","index":11,"color":"rgba(191, 191, 191, 0.6)","size":70,"sketchWidth":1,"sketchHeight":1,"initial_color":"rgba(191,191,191,0.6)","from":41,"to":6,"curvature":10,"control_point":[]},{"source":21,"target":17,"value":3,"id":29,"type":"talking","index":12,"color":"rgba(191, 191, 191, 0.6)","size":70,"sketchWidth":1,"sketchHeight":1,"initial_color":"rgba(191,191,191,0.6)","from":41,"to":7,"curvature":10,"control_point":[]},{"source":21,"target":18,"value":3,"id":30,"type":"talking","index":13,"color":"rgba(191, 191, 191, 0.6)","size":70,"sketchWidth":1,"sketchHeight":1,"initial_color":"rgba(191,191,191,0.6)","from":41,"to":8,"curvature":10,"control_point":[]},{"source":21,"target":19,"value":3,"id":31,"type":"talking","index":14,"color":"rgba(191, 191, 191, 0.6)","size":70,"sketchWidth":1,"sketchHeight":1,"initial_color":"rgba(191,191,191,0.6)","from":41,"to":9,"curvature":10,"control_point":[]},{"source":21,"target":20,"value":5,"id":32,"type":"talking","index":15,"color":"rgba(191, 191, 191, 0.6)","size":70,"sketchWidth":1,"sketchHeight":1,"initial_color":"rgba(191,191,191,0.6)","from":41,"to":10,"curvature":10,"control_point":[]},{"source":22,"target":16,"value":3,"id":33,"type":"talking","index":16,"color":"rgba(191, 191, 191, 0.6)","size":70,"sketchWidth":1,"sketchHeight":1,"initial_color":"rgba(191,191,191,0.6)","from":42,"to":6,"curvature":10,"control_point":[]},{"source":22,"target":17,"value":3,"id":34,"type":"talking","index":17,"color":"rgba(191, 191, 191, 0.6)","size":70,"sketchWidth":1,"sketchHeight":1,"initial_color":"rgba(191,191,191,0.6)","from":42,"to":7,"curvature":10,"control_point":[]},{"source":22,"target":18,"value":3,"id":35,"type":"talking","index":18,"color":"rgba(191, 191, 191, 0.6)","size":70,"sketchWidth":1,"sketchHeight":1,"initial_color":"rgba(191,191,191,0.6)","from":42,"to":8,"curvature":10,"control_point":[]},{"source":22,"target":19,"value":3,"id":36,"type":"talking","index":19,"color":"rgba(191, 191, 191, 0.6)","size":70,"sketchWidth":1,"sketchHeight":1,"initial_color":"rgba(191,191,191,0.6)","from":42,"to":9,"curvature":10,"control_point":[]},{"source":22,"target":20,"value":4,"id":37,"type":"talking","index":20,"color":"rgba(191, 191, 191, 0.6)","size":70,"sketchWidth":1,"sketchHeight":1,"initial_color":"rgba(191,191,191,0.6)","from":42,"to":10,"curvature":10,"control_point":[]},{"source":23,"target":16,"value":3,"id":39,"type":"talking","index":21,"color":"rgba(191, 191, 191, 0.6)","size":70,"sketchWidth":1,"sketchHeight":1,"initial_color":"rgba(191,191,191,0.6)","from":43,"to":6,"curvature":10,"control_point":[]},{"source":23,"target":17,"value":3,"id":40,"type":"talking","index":22,"color":"rgba(191, 191, 191, 0.6)","size":70,"sketchWidth":1,"sketchHeight":1,"initial_color":"rgba(191,191,191,0.6)","from":43,"to":7,"curvature":10,"control_point":[]},{"source":23,"target":18,"value":3,"id":41,"type":"talking","index":23,"color":"rgba(191, 191, 191, 0.6)","size":70,"sketchWidth":1,"sketchHeight":1,"initial_color":"rgba(191,191,191,0.6)","from":43,"to":8,"curvature":10,"control_point":[]},{"source":23,"target":19,"value":3,"id":42,"type":"talking","index":24,"color":"rgba(191, 191, 191, 0.6)","size":70,"sketchWidth":1,"sketchHeight":1,"initial_color":"rgba(191,191,191,0.6)","from":43,"to":9,"curvature":10,"control_point":[]},{"source":23,"target":20,"value":4,"id":43,"type":"talking","index":25,"color":"rgba(191, 191, 191, 0.6)","size":70,"sketchWidth":1,"sketchHeight":1,"initial_color":"rgba(191,191,191,0.6)","from":43,"to":10,"curvature":10,"control_point":[]},{"source":23,"target":11,"value":0,"id":47,"type":"talking","index":26,"color":"rgba(191, 191, 191, 0.6)","size":70,"sketchWidth":1,"sketchHeight":1,"initial_color":"rgba(191,191,191,0.6)","from":43,"to":5,"curvature":10,"control_point":[]},{"source":24,"target":11,"value":7,"id":49,"type":"talking","index":27,"color":"rgba(191, 191, 191, 0.6)","size":70,"sketchWidth":1,"sketchHeight":1,"initial_color":"rgba(191,191,191,0.6)","from":44,"to":5,"curvature":10,"control_point":[]},{"source":25,"target":24,"value":13,"id":50,"type":"talking","index":28,"color":"rgba(191, 191, 191, 0.6)","size":70,"sketchWidth":1,"sketchHeight":1,"initial_color":"rgba(191,191,191,0.6)","from":11,"to":44,"curvature":10,"control_point":[]},{"source":25,"target":23,"value":1,"id":51,"type":"talking","index":29,"color":"rgba(191, 191, 191, 0.6)","size":70,"sketchWidth":1,"sketchHeight":1,"initial_color":"rgba(191,191,191,0.6)","from":11,"to":43,"curvature":10,"control_point":[]},{"source":26,"target":11,"value":31,"id":54,"type":"talking","index":30,"color":"rgba(191, 191, 191, 0.6)","size":70,"sketchWidth":1,"sketchHeight":1,"initial_color":"rgba(191,191,191,0.6)","from":45,"to":5,"curvature":10,"control_point":[]},{"source":26,"target":16,"value":1,"id":55,"type":"talking","index":31,"color":"rgba(191, 191, 191, 0.6)","size":70,"sketchWidth":1,"sketchHeight":1,"initial_color":"rgba(191,191,191,0.6)","from":45,"to":6,"curvature":10,"control_point":[]},{"source":26,"target":25,"value":1,"id":56,"type":"talking","index":32,"color":"rgba(191, 191, 191, 0.6)","size":70,"sketchWidth":1,"sketchHeight":1,"initial_color":"rgba(191,191,191,0.6)","from":45,"to":11,"curvature":10,"control_point":[]},{"source":27,"target":23,"value":5,"id":58,"type":"talking","index":33,"color":"rgba(191, 191, 191, 0.6)","size":70,"sketchWidth":1,"sketchHeight":1,"initial_color":"rgba(191,191,191,0.6)","from":12,"to":43,"curvature":10,"control_point":[]},{"source":27,"target":24,"value":1,"id":60,"type":"talking","index":34,"color":"rgba(191, 191, 191, 0.6)","size":70,"sketchWidth":1,"sketchHeight":1,"initial_color":"rgba(191,191,191,0.6)","from":12,"to":44,"curvature":10,"control_point":[]},{"source":27,"target":26,"value":1,"id":61,"type":"talking","index":35,"color":"rgba(191, 191, 191, 0.6)","size":70,"sketchWidth":1,"sketchHeight":1,"initial_color":"rgba(191,191,191,0.6)","from":12,"to":45,"curvature":10,"control_point":[]},{"source":29,"target":27,"value":1,"id":65,"type":"talking","index":36,"color":"rgba(191, 191, 191, 0.6)","size":70,"sketchWidth":1,"sketchHeight":1,"initial_color":"rgba(191,191,191,0.6)","from":46,"to":12,"curvature":10,"control_point":[]},{"source":29,"target":11,"value":2,"id":66,"type":"talking","index":37,"color":"rgba(191, 191, 191, 0.6)","size":70,"sketchWidth":1,"sketchHeight":1,"initial_color":"rgba(191,191,191,0.6)","from":46,"to":5,"curvature":10,"control_point":[]},{"source":31,"target":11,"value":3,"id":69,"type":"talking","index":38,"color":"rgba(191, 191, 191, 0.6)","size":70,"sketchWidth":1,"sketchHeight":1,"initial_color":"rgba(191,191,191,0.6)","from":47,"to":5,"curvature":10,"control_point":[]},{"source":31,"target":27,"value":1,"id":71,"type":"talking","index":39,"color":"rgba(191, 191, 191, 0.6)","size":70,"sketchWidth":1,"sketchHeight":1,"initial_color":"rgba(191,191,191,0.6)","from":47,"to":12,"curvature":10,"control_point":[]},{"source":33,"target":11,"value":2,"id":73,"type":"talking","index":40,"color":"rgba(191, 191, 191, 0.6)","size":70,"sketchWidth":1,"sketchHeight":1,"initial_color":"rgba(191,191,191,0.6)","from":48,"to":5,"curvature":10,"control_point":[]},{"source":33,"target":27,"value":1,"id":74,"type":"talking","index":41,"color":"rgba(191, 191, 191, 0.6)","size":70,"sketchWidth":1,"sketchHeight":1,"initial_color":"rgba(191,191,191,0.6)","from":48,"to":12,"curvature":10,"control_point":[]},{"source":34,"target":29,"value":2,"id":76,"type":"talking","index":42,"color":"rgba(191, 191, 191, 0.6)","size":70,"sketchWidth":1,"sketchHeight":1,"initial_color":"rgba(191,191,191,0.6)","from":13,"to":46,"curvature":10,"control_point":[]},{"source":35,"target":29,"value":2,"id":79,"type":"talking","index":43,"color":"rgba(191, 191, 191, 0.6)","size":70,"sketchWidth":1,"sketchHeight":1,"initial_color":"rgba(191,191,191,0.6)","from":14,"to":46,"curvature":10,"control_point":[]},{"source":36,"target":29,"value":1,"id":83,"type":"talking","index":44,"color":"rgba(191, 191, 191, 0.6)","size":70,"sketchWidth":1,"sketchHeight":1,"initial_color":"rgba(191,191,191,0.6)","from":15,"to":46,"curvature":10,"control_point":[]},{"source":37,"target":29,"value":1,"id":88,"type":"talking","index":45,"color":"rgba(191, 191, 191, 0.6)","size":70,"sketchWidth":1,"sketchHeight":1,"initial_color":"rgba(191,191,191,0.6)","from":16,"to":46,"curvature":10,"control_point":[]},{"source":38,"target":29,"value":1,"id":94,"type":"talking","index":46,"color":"rgba(191, 191, 191, 0.6)","size":70,"sketchWidth":1,"sketchHeight":1,"initial_color":"rgba(191,191,191,0.6)","from":17,"to":46,"curvature":10,"control_point":[]},{"source":41,"target":25,"value":3,"id":98,"type":"talking","index":47,"color":"rgba(191, 191, 191, 0.6)","size":70,"sketchWidth":1,"sketchHeight":1,"initial_color":"rgba(191,191,191,0.6)","from":49,"to":11,"curvature":10,"control_point":[]},{"source":42,"target":25,"value":2,"id":100,"type":"talking","index":48,"color":"rgba(191, 191, 191, 0.6)","size":70,"sketchWidth":1,"sketchHeight":1,"initial_color":"rgba(191,191,191,0.6)","from":50,"to":11,"curvature":10,"control_point":[]},{"source":43,"target":11,"value":3,"id":102,"type":"talking","index":49,"color":"rgba(191, 191, 191, 0.6)","size":70,"sketchWidth":1,"sketchHeight":1,"initial_color":"rgba(191,191,191,0.6)","from":51,"to":5,"curvature":10,"control_point":[]},{"source":43,"target":27,"value":1,"id":104,"type":"talking","index":50,"color":"rgba(191, 191, 191, 0.6)","size":70,"sketchWidth":1,"sketchHeight":1,"initial_color":"rgba(191,191,191,0.6)","from":51,"to":12,"curvature":10,"control_point":[]},{"source":44,"target":28,"value":3,"id":105,"type":"talking","index":51,"color":"rgba(191, 191, 191, 0.6)","size":70,"sketchWidth":1,"sketchHeight":1,"initial_color":"rgba(191,191,191,0.6)","from":52,"to":18,"curvature":10,"control_point":[]},{"source":44,"target":11,"value":1,"id":106,"type":"talking","index":52,"color":"rgba(191, 191, 191, 0.6)","size":70,"sketchWidth":1,"sketchHeight":1,"initial_color":"rgba(191,191,191,0.6)","from":52,"to":5,"curvature":10,"control_point":[]},{"source":48,"target":47,"value":2,"id":109,"type":"talking","index":53,"color":"rgba(191, 191, 191, 0.6)","size":70,"sketchWidth":1,"sketchHeight":1,"initial_color":"rgba(191,191,191,0.6)","from":19,"to":53,"curvature":10,"control_point":[]},{"source":49,"target":26,"value":3,"id":113,"type":"talking","index":54,"color":"rgba(191, 191, 191, 0.6)","size":70,"sketchWidth":1,"sketchHeight":1,"initial_color":"rgba(191,191,191,0.6)","from":20,"to":45,"curvature":10,"control_point":[]},{"source":50,"target":24,"value":1,"id":116,"type":"talking","index":55,"color":"rgba(191, 191, 191, 0.6)","size":70,"sketchWidth":1,"sketchHeight":1,"initial_color":"rgba(191,191,191,0.6)","from":21,"to":44,"curvature":10,"control_point":[]},{"source":51,"target":49,"value":0,"id":117,"type":"talking","index":56,"color":"rgba(191, 191, 191, 0.6)","size":70,"sketchWidth":1,"sketchHeight":1,"initial_color":"rgba(191,191,191,0.6)","from":54,"to":20,"curvature":10,"control_point":[]},{"source":51,"target":11,"value":2,"id":119,"type":"talking","index":57,"color":"rgba(191, 191, 191, 0.6)","size":70,"sketchWidth":1,"sketchHeight":1,"initial_color":"rgba(191,191,191,0.6)","from":54,"to":5,"curvature":10,"control_point":[]},{"source":52,"target":39,"value":1,"id":121,"type":"talking","index":58,"color":"rgba(191, 191, 191, 0.6)","size":70,"sketchWidth":1,"sketchHeight":1,"initial_color":"rgba(191,191,191,0.6)","from":55,"to":22,"curvature":10,"control_point":[]},{"source":54,"target":51,"value":2,"id":123,"type":"talking","index":59,"color":"rgba(191, 191, 191, 0.6)","size":70,"sketchWidth":1,"sketchHeight":1,"initial_color":"rgba(191,191,191,0.6)","from":23,"to":54,"curvature":10,"control_point":[]},{"source":54,"target":26,"value":1,"id":125,"type":"talking","index":60,"color":"rgba(191, 191, 191, 0.6)","size":70,"sketchWidth":1,"sketchHeight":1,"initial_color":"rgba(191,191,191,0.6)","from":23,"to":45,"curvature":10,"control_point":[]},{"source":55,"target":51,"value":6,"id":126,"type":"talking","index":61,"color":"rgba(191, 191, 191, 0.6)","size":70,"sketchWidth":1,"sketchHeight":1,"initial_color":"rgba(191,191,191,0.6)","from":24,"to":54,"curvature":10,"control_point":[]},{"source":55,"target":26,"value":21,"id":130,"type":"talking","index":62,"color":"rgba(191, 191, 191, 0.6)","size":70,"sketchWidth":1,"sketchHeight":1,"initial_color":"rgba(191,191,191,0.6)","from":24,"to":45,"curvature":10,"control_point":[]},{"source":55,"target":41,"value":5,"id":134,"type":"talking","index":63,"color":"rgba(191, 191, 191, 0.6)","size":70,"sketchWidth":1,"sketchHeight":1,"initial_color":"rgba(191,191,191,0.6)","from":24,"to":49,"curvature":10,"control_point":[]},{"source":56,"target":49,"value":1,"id":136,"type":"talking","index":64,"color":"rgba(191, 191, 191, 0.6)","size":70,"sketchWidth":1,"sketchHeight":1,"initial_color":"rgba(191,191,191,0.6)","from":56,"to":20,"curvature":10,"control_point":[]},{"source":56,"target":55,"value":1,"id":137,"type":"talking","index":65,"color":"rgba(191, 191, 191, 0.6)","size":70,"sketchWidth":1,"sketchHeight":1,"initial_color":"rgba(191,191,191,0.6)","from":56,"to":24,"curvature":10,"control_point":[]},{"source":57,"target":41,"value":1,"id":139,"type":"talking","index":66,"color":"rgba(191, 191, 191, 0.6)","size":70,"sketchWidth":1,"sketchHeight":1,"initial_color":"rgba(191,191,191,0.6)","from":25,"to":49,"curvature":10,"control_point":[]},{"source":61,"target":48,"value":2,"id":153,"type":"talking","index":67,"color":"rgba(191, 191, 191, 0.6)","size":70,"sketchWidth":1,"sketchHeight":1,"initial_color":"rgba(191,191,191,0.6)","from":57,"to":19,"curvature":10,"control_point":[]},{"source":61,"target":58,"value":6,"id":154,"type":"talking","index":68,"color":"rgba(191, 191, 191, 0.6)","size":70,"sketchWidth":1,"sketchHeight":1,"initial_color":"rgba(191,191,191,0.6)","from":57,"to":26,"curvature":10,"control_point":[]},{"source":61,"target":60,"value":2,"id":155,"type":"talking","index":69,"color":"rgba(191, 191, 191, 0.6)","size":70,"sketchWidth":1,"sketchHeight":1,"initial_color":"rgba(191,191,191,0.6)","from":57,"to":27,"curvature":10,"control_point":[]},{"source":61,"target":59,"value":5,"id":156,"type":"talking","index":70,"color":"rgba(191, 191, 191, 0.6)","size":70,"sketchWidth":1,"sketchHeight":1,"initial_color":"rgba(191,191,191,0.6)","from":57,"to":28,"curvature":10,"control_point":[]},{"source":61,"target":57,"value":1,"id":157,"type":"talking","index":71,"color":"rgba(191, 191, 191, 0.6)","size":70,"sketchWidth":1,"sketchHeight":1,"initial_color":"rgba(191,191,191,0.6)","from":57,"to":25,"curvature":10,"control_point":[]},{"source":61,"target":55,"value":1,"id":158,"type":"talking","index":72,"color":"rgba(191, 191, 191, 0.6)","size":70,"sketchWidth":1,"sketchHeight":1,"initial_color":"rgba(191,191,191,0.6)","from":57,"to":24,"curvature":10,"control_point":[]},{"source":62,"target":41,"value":1,"id":164,"type":"talking","index":73,"color":"rgba(191, 191, 191, 0.6)","size":70,"sketchWidth":1,"sketchHeight":1,"initial_color":"rgba(191,191,191,0.6)","from":29,"to":49,"curvature":10,"control_point":[]},{"source":62,"target":61,"value":6,"id":165,"type":"talking","index":74,"color":"rgba(191, 191, 191, 0.6)","size":70,"sketchWidth":1,"sketchHeight":1,"initial_color":"rgba(191,191,191,0.6)","from":29,"to":57,"curvature":10,"control_point":[]},{"source":63,"target":61,"value":3,"id":172,"type":"talking","index":75,"color":"rgba(191, 191, 191, 0.6)","size":70,"sketchWidth":1,"sketchHeight":1,"initial_color":"rgba(191,191,191,0.6)","from":30,"to":57,"curvature":10,"control_point":[]},{"source":64,"target":55,"value":5,"id":175,"type":"talking","index":76,"color":"rgba(191, 191, 191, 0.6)","size":70,"sketchWidth":1,"sketchHeight":1,"initial_color":"rgba(191,191,191,0.6)","from":58,"to":24,"curvature":10,"control_point":[]},{"source":64,"target":62,"value":12,"id":176,"type":"talking","index":77,"color":"rgba(191, 191, 191, 0.6)","size":70,"sketchWidth":1,"sketchHeight":1,"initial_color":"rgba(191,191,191,0.6)","from":58,"to":29,"curvature":10,"control_point":[]},{"source":64,"target":48,"value":5,"id":177,"type":"talking","index":78,"color":"rgba(191, 191, 191, 0.6)","size":70,"sketchWidth":1,"sketchHeight":1,"initial_color":"rgba(191,191,191,0.6)","from":58,"to":19,"curvature":10,"control_point":[]},{"source":64,"target":63,"value":4,"id":178,"type":"talking","index":79,"color":"rgba(191, 191, 191, 0.6)","size":70,"sketchWidth":1,"sketchHeight":1,"initial_color":"rgba(191,191,191,0.6)","from":58,"to":30,"curvature":10,"control_point":[]},{"source":64,"target":58,"value":10,"id":179,"type":"talking","index":80,"color":"rgba(191, 191, 191, 0.6)","size":70,"sketchWidth":1,"sketchHeight":1,"initial_color":"rgba(191,191,191,0.6)","from":58,"to":26,"curvature":10,"control_point":[]},{"source":64,"target":60,"value":2,"id":181,"type":"talking","index":81,"color":"rgba(191, 191, 191, 0.6)","size":70,"sketchWidth":1,"sketchHeight":1,"initial_color":"rgba(191,191,191,0.6)","from":58,"to":27,"curvature":10,"control_point":[]},{"source":64,"target":59,"value":0,"id":182,"type":"talking","index":82,"color":"rgba(191, 191, 191, 0.6)","size":70,"sketchWidth":1,"sketchHeight":1,"initial_color":"rgba(191,191,191,0.6)","from":58,"to":28,"curvature":10,"control_point":[]},{"source":64,"target":57,"value":1,"id":183,"type":"talking","index":83,"color":"rgba(191, 191, 191, 0.6)","size":70,"sketchWidth":1,"sketchHeight":1,"initial_color":"rgba(191,191,191,0.6)","from":58,"to":25,"curvature":10,"control_point":[]},{"source":64,"target":11,"value":1,"id":184,"type":"talking","index":84,"color":"rgba(191, 191, 191, 0.6)","size":70,"sketchWidth":1,"sketchHeight":1,"initial_color":"rgba(191,191,191,0.6)","from":58,"to":5,"curvature":10,"control_point":[]},{"source":65,"target":63,"value":5,"id":185,"type":"talking","index":85,"color":"rgba(191, 191, 191, 0.6)","size":70,"sketchWidth":1,"sketchHeight":1,"initial_color":"rgba(191,191,191,0.6)","from":59,"to":30,"curvature":10,"control_point":[]},{"source":65,"target":48,"value":3,"id":187,"type":"talking","index":86,"color":"rgba(191, 191, 191, 0.6)","size":70,"sketchWidth":1,"sketchHeight":1,"initial_color":"rgba(191,191,191,0.6)","from":59,"to":19,"curvature":10,"control_point":[]},{"source":65,"target":62,"value":5,"id":188,"type":"talking","index":87,"color":"rgba(191, 191, 191, 0.6)","size":70,"sketchWidth":1,"sketchHeight":1,"initial_color":"rgba(191,191,191,0.6)","from":59,"to":29,"curvature":10,"control_point":[]},{"source":65,"target":58,"value":5,"id":189,"type":"talking","index":88,"color":"rgba(191, 191, 191, 0.6)","size":70,"sketchWidth":1,"sketchHeight":1,"initial_color":"rgba(191,191,191,0.6)","from":59,"to":26,"curvature":10,"control_point":[]},{"source":65,"target":60,"value":2,"id":191,"type":"talking","index":89,"color":"rgba(191, 191, 191, 0.6)","size":70,"sketchWidth":1,"sketchHeight":1,"initial_color":"rgba(191,191,191,0.6)","from":59,"to":27,"curvature":10,"control_point":[]},{"source":65,"target":59,"value":5,"id":192,"type":"talking","index":90,"color":"rgba(191, 191, 191, 0.6)","size":70,"sketchWidth":1,"sketchHeight":1,"initial_color":"rgba(191,191,191,0.6)","from":59,"to":28,"curvature":10,"control_point":[]},{"source":65,"target":57,"value":1,"id":193,"type":"talking","index":91,"color":"rgba(191, 191, 191, 0.6)","size":70,"sketchWidth":1,"sketchHeight":1,"initial_color":"rgba(191,191,191,0.6)","from":59,"to":25,"curvature":10,"control_point":[]},{"source":65,"target":55,"value":2,"id":194,"type":"talking","index":92,"color":"rgba(191, 191, 191, 0.6)","size":70,"sketchWidth":1,"sketchHeight":1,"initial_color":"rgba(191,191,191,0.6)","from":59,"to":24,"curvature":10,"control_point":[]},{"source":66,"target":58,"value":3,"id":196,"type":"talking","index":93,"color":"rgba(191, 191, 191, 0.6)","size":70,"sketchWidth":1,"sketchHeight":1,"initial_color":"rgba(191,191,191,0.6)","from":60,"to":26,"curvature":10,"control_point":[]},{"source":66,"target":59,"value":1,"id":197,"type":"talking","index":94,"color":"rgba(191, 191, 191, 0.6)","size":70,"sketchWidth":1,"sketchHeight":1,"initial_color":"rgba(191,191,191,0.6)","from":60,"to":28,"curvature":10,"control_point":[]},{"source":66,"target":62,"value":2,"id":198,"type":"talking","index":95,"color":"rgba(191, 191, 191, 0.6)","size":70,"sketchWidth":1,"sketchHeight":1,"initial_color":"rgba(191,191,191,0.6)","from":60,"to":29,"curvature":10,"control_point":[]},{"source":66,"target":48,"value":1,"id":200,"type":"talking","index":96,"color":"rgba(191, 191, 191, 0.6)","size":70,"sketchWidth":1,"sketchHeight":1,"initial_color":"rgba(191,191,191,0.6)","from":60,"to":19,"curvature":10,"control_point":[]},{"source":66,"target":63,"value":1,"id":201,"type":"talking","index":97,"color":"rgba(191, 191, 191, 0.6)","size":70,"sketchWidth":1,"sketchHeight":1,"initial_color":"rgba(191,191,191,0.6)","from":60,"to":30,"curvature":10,"control_point":[]},{"source":66,"target":60,"value":1,"id":203,"type":"talking","index":98,"color":"rgba(191, 191, 191, 0.6)","size":70,"sketchWidth":1,"sketchHeight":1,"initial_color":"rgba(191,191,191,0.6)","from":60,"to":27,"curvature":10,"control_point":[]},{"source":67,"target":57,"value":3,"id":204,"type":"talking","index":99,"color":"rgba(191, 191, 191, 0.6)","size":70,"sketchWidth":1,"sketchHeight":1,"initial_color":"rgba(191,191,191,0.6)","from":61,"to":25,"curvature":10,"control_point":[]},{"source":68,"target":24,"value":1,"id":207,"type":"talking","index":100,"color":"rgba(191, 191, 191, 0.6)","size":70,"sketchWidth":1,"sketchHeight":1,"initial_color":"rgba(191,191,191,0.6)","from":31,"to":44,"curvature":10,"control_point":[]},{"source":68,"target":41,"value":1,"id":210,"type":"talking","index":101,"color":"rgba(191, 191, 191, 0.6)","size":70,"sketchWidth":1,"sketchHeight":1,"initial_color":"rgba(191,191,191,0.6)","from":31,"to":49,"curvature":10,"control_point":[]},{"source":69,"target":25,"value":6,"id":211,"type":"talking","index":102,"color":"rgba(191, 191, 191, 0.6)","size":70,"sketchWidth":1,"sketchHeight":1,"initial_color":"rgba(191,191,191,0.6)","from":62,"to":11,"curvature":10,"control_point":[]},{"source":69,"target":68,"value":6,"id":212,"type":"talking","index":103,"color":"rgba(191, 191, 191, 0.6)","size":70,"sketchWidth":1,"sketchHeight":1,"initial_color":"rgba(191,191,191,0.6)","from":62,"to":31,"curvature":10,"control_point":[]},{"source":69,"target":11,"value":1,"id":213,"type":"talking","index":104,"color":"rgba(191, 191, 191, 0.6)","size":70,"sketchWidth":1,"sketchHeight":1,"initial_color":"rgba(191,191,191,0.6)","from":62,"to":5,"curvature":10,"control_point":[]},{"source":69,"target":27,"value":2,"id":215,"type":"talking","index":105,"color":"rgba(191, 191, 191, 0.6)","size":70,"sketchWidth":1,"sketchHeight":1,"initial_color":"rgba(191,191,191,0.6)","from":62,"to":12,"curvature":10,"control_point":[]},{"source":69,"target":48,"value":1,"id":216,"type":"talking","index":106,"color":"rgba(191, 191, 191, 0.6)","size":70,"sketchWidth":1,"sketchHeight":1,"initial_color":"rgba(191,191,191,0.6)","from":62,"to":19,"curvature":10,"control_point":[]},{"source":70,"target":69,"value":4,"id":219,"type":"talking","index":107,"color":"rgba(191, 191, 191, 0.6)","size":70,"sketchWidth":1,"sketchHeight":1,"initial_color":"rgba(191,191,191,0.6)","from":32,"to":62,"curvature":10,"control_point":[]},{"source":70,"target":24,"value":1,"id":222,"type":"talking","index":108,"color":"rgba(191, 191, 191, 0.6)","size":70,"sketchWidth":1,"sketchHeight":1,"initial_color":"rgba(191,191,191,0.6)","from":32,"to":44,"curvature":10,"control_point":[]},{"source":70,"target":41,"value":1,"id":224,"type":"talking","index":109,"color":"rgba(191, 191, 191, 0.6)","size":70,"sketchWidth":1,"sketchHeight":1,"initial_color":"rgba(191,191,191,0.6)","from":32,"to":49,"curvature":10,"control_point":[]},{"source":71,"target":69,"value":2,"id":227,"type":"talking","index":110,"color":"rgba(191, 191, 191, 0.6)","size":70,"sketchWidth":1,"sketchHeight":1,"initial_color":"rgba(191,191,191,0.6)","from":33,"to":62,"curvature":10,"control_point":[]},{"source":71,"target":41,"value":1,"id":232,"type":"talking","index":111,"color":"rgba(191, 191, 191, 0.6)","size":70,"sketchWidth":1,"sketchHeight":1,"initial_color":"rgba(191,191,191,0.6)","from":33,"to":49,"curvature":10,"control_point":[]},{"source":72,"target":27,"value":1,"id":235,"type":"talking","index":112,"color":"rgba(191, 191, 191, 0.6)","size":70,"sketchWidth":1,"sketchHeight":1,"initial_color":"rgba(191,191,191,0.6)","from":63,"to":12,"curvature":10,"control_point":[]},{"source":72,"target":11,"value":1,"id":236,"type":"talking","index":113,"color":"rgba(191, 191, 191, 0.6)","size":70,"sketchWidth":1,"sketchHeight":1,"initial_color":"rgba(191,191,191,0.6)","from":63,"to":5,"curvature":10,"control_point":[]},{"source":75,"target":69,"value":3,"id":240,"type":"talking","index":114,"color":"rgba(191, 191, 191, 0.6)","size":70,"sketchWidth":1,"sketchHeight":1,"initial_color":"rgba(191,191,191,0.6)","from":34,"to":62,"curvature":10,"control_point":[]},{"source":75,"target":41,"value":1,"id":244,"type":"talking","index":115,"color":"rgba(191, 191, 191, 0.6)","size":70,"sketchWidth":1,"sketchHeight":1,"initial_color":"rgba(191,191,191,0.6)","from":34,"to":49,"curvature":10,"control_point":[]},{"source":76,"target":63,"value":1,"id":250,"type":"talking","index":116,"color":"rgba(191, 191, 191, 0.6)","size":70,"sketchWidth":1,"sketchHeight":1,"initial_color":"rgba(191,191,191,0.6)","from":64,"to":30,"curvature":10,"control_point":[]},{"source":76,"target":62,"value":1,"id":251,"type":"talking","index":117,"color":"rgba(191, 191, 191, 0.6)","size":70,"sketchWidth":1,"sketchHeight":1,"initial_color":"rgba(191,191,191,0.6)","from":64,"to":29,"curvature":10,"control_point":[]},{"source":76,"target":48,"value":1,"id":252,"type":"talking","index":118,"color":"rgba(191, 191, 191, 0.6)","size":70,"sketchWidth":1,"sketchHeight":1,"initial_color":"rgba(191,191,191,0.6)","from":64,"to":19,"curvature":10,"control_point":[]},{"source":76,"target":58,"value":1,"id":253,"type":"talking","index":119,"color":"rgba(191, 191, 191, 0.6)","size":70,"sketchWidth":1,"sketchHeight":1,"initial_color":"rgba(191,191,191,0.6)","from":64,"to":26,"curvature":10,"control_point":[]},{"source":2,"target":0,"value":8,"id":1,"type":"talking","index":120,"color":"rgba(191, 191, 191, 0.6)","size":70,"sketchWidth":1,"sketchHeight":1,"initial_color":"rgba(191,191,191,0.6)","from":37,"to":35,"curvature":10,"control_point":[]},{"source":3,"target":0,"value":10,"id":2,"type":"talking","index":121,"color":"rgba(191, 191, 191, 0.6)","size":70,"sketchWidth":1,"sketchHeight":1,"initial_color":"rgba(191,191,191,0.6)","from":36,"to":35,"curvature":10,"control_point":[]},{"source":3,"target":2,"value":6,"id":3,"type":"talking","index":122,"color":"rgba(191, 191, 191, 0.6)","size":70,"sketchWidth":1,"sketchHeight":1,"initial_color":"rgba(191,191,191,0.6)","from":36,"to":37,"curvature":10,"control_point":[]},{"source":4,"target":0,"value":1,"id":4,"type":"talking","index":123,"color":"rgba(191, 191, 191, 0.6)","size":70,"sketchWidth":1,"sketchHeight":1,"initial_color":"rgba(191,191,191,0.6)","from":65,"to":35,"curvature":10,"control_point":[]},{"source":0,"target":0,"value":1,"id":9,"type":"talking","index":124,"color":"rgba(191, 191, 191, 0.6)","size":70,"sketchWidth":1,"sketchHeight":1,"initial_color":"rgba(191,191,191,0.6)","from":35,"to":35,"curvature":10,"control_point":[]},{"source":22,"target":21,"value":4,"id":38,"type":"talking","index":125,"color":"rgba(191, 191, 191, 0.6)","size":70,"sketchWidth":1,"sketchHeight":1,"initial_color":"rgba(191,191,191,0.6)","from":42,"to":41,"curvature":10,"control_point":[]},{"source":23,"target":21,"value":4,"id":44,"type":"talking","index":126,"color":"rgba(191, 191, 191, 0.6)","size":70,"sketchWidth":1,"sketchHeight":1,"initial_color":"rgba(191,191,191,0.6)","from":43,"to":41,"curvature":10,"control_point":[]},{"source":23,"target":22,"value":4,"id":45,"type":"talking","index":127,"color":"rgba(191, 191, 191, 0.6)","size":70,"sketchWidth":1,"sketchHeight":1,"initial_color":"rgba(191,191,191,0.6)","from":43,"to":42,"curvature":10,"control_point":[]},{"source":23,"target":12,"value":2,"id":46,"type":"talking","index":128,"color":"rgba(191, 191, 191, 0.6)","size":70,"sketchWidth":1,"sketchHeight":1,"initial_color":"rgba(191,191,191,0.6)","from":43,"to":38,"curvature":10,"control_point":[]},{"source":24,"target":23,"value":2,"id":48,"type":"talking","index":129,"color":"rgba(191, 191, 191, 0.6)","size":70,"sketchWidth":1,"sketchHeight":1,"initial_color":"rgba(191,191,191,0.6)","from":44,"to":43,"curvature":10,"control_point":[]},{"source":26,"target":24,"value":4,"id":53,"type":"talking","index":130,"color":"rgba(191, 191, 191, 0.6)","size":70,"sketchWidth":1,"sketchHeight":1,"initial_color":"rgba(191,191,191,0.6)","from":45,"to":44,"curvature":10,"control_point":[]},{"source":29,"target":23,"value":1,"id":64,"type":"talking","index":131,"color":"rgba(191, 191, 191, 0.6)","size":70,"sketchWidth":1,"sketchHeight":1,"initial_color":"rgba(191,191,191,0.6)","from":46,"to":43,"curvature":10,"control_point":[]},{"source":30,"target":23,"value":1,"id":67,"type":"talking","index":132,"color":"rgba(191, 191, 191, 0.6)","size":70,"sketchWidth":1,"sketchHeight":1,"initial_color":"rgba(191,191,191,0.6)","from":66,"to":43,"curvature":10,"control_point":[]},{"source":31,"target":30,"value":2,"id":68,"type":"talking","index":133,"color":"rgba(191, 191, 191, 0.6)","size":70,"sketchWidth":1,"sketchHeight":1,"initial_color":"rgba(191,191,191,0.6)","from":47,"to":66,"curvature":10,"control_point":[]},{"source":31,"target":23,"value":2,"id":70,"type":"talking","index":134,"color":"rgba(191, 191, 191, 0.6)","size":70,"sketchWidth":1,"sketchHeight":1,"initial_color":"rgba(191,191,191,0.6)","from":47,"to":43,"curvature":10,"control_point":[]},{"source":41,"target":24,"value":2,"id":97,"type":"talking","index":135,"color":"rgba(191, 191, 191, 0.6)","size":70,"sketchWidth":1,"sketchHeight":1,"initial_color":"rgba(191,191,191,0.6)","from":49,"to":44,"curvature":10,"control_point":[]},{"source":42,"target":41,"value":2,"id":99,"type":"talking","index":136,"color":"rgba(191, 191, 191, 0.6)","size":70,"sketchWidth":1,"sketchHeight":1,"initial_color":"rgba(191,191,191,0.6)","from":50,"to":49,"curvature":10,"control_point":[]},{"source":42,"target":24,"value":1,"id":101,"type":"talking","index":137,"color":"rgba(191, 191, 191, 0.6)","size":70,"sketchWidth":1,"sketchHeight":1,"initial_color":"rgba(191,191,191,0.6)","from":50,"to":44,"curvature":10,"control_point":[]},{"source":43,"target":26,"value":1,"id":103,"type":"talking","index":138,"color":"rgba(191, 191, 191, 0.6)","size":70,"sketchWidth":1,"sketchHeight":1,"initial_color":"rgba(191,191,191,0.6)","from":51,"to":45,"curvature":10,"control_point":[]},{"source":47,"target":46,"value":1,"id":108,"type":"talking","index":139,"color":"rgba(191, 191, 191, 0.6)","size":70,"sketchWidth":1,"sketchHeight":1,"initial_color":"rgba(191,191,191,0.6)","from":53,"to":68,"curvature":10,"control_point":[]},{"source":51,"target":26,"value":2,"id":118,"type":"talking","index":140,"color":"rgba(191, 191, 191, 0.6)","size":70,"sketchWidth":1,"sketchHeight":1,"initial_color":"rgba(191,191,191,0.6)","from":54,"to":45,"curvature":10,"control_point":[]},{"source":52,"target":51,"value":1,"id":120,"type":"talking","index":141,"color":"rgba(191, 191, 191, 0.6)","size":70,"sketchWidth":1,"sketchHeight":1,"initial_color":"rgba(191,191,191,0.6)","from":55,"to":54,"curvature":10,"control_point":[]},{"source":53,"target":51,"value":1,"id":122,"type":"talking","index":142,"color":"rgba(191, 191, 191, 0.6)","size":70,"sketchWidth":1,"sketchHeight":1,"initial_color":"rgba(191,191,191,0.6)","from":67,"to":54,"curvature":10,"control_point":[]},{"source":64,"target":61,"value":6,"id":180,"type":"talking","index":143,"color":"rgba(191, 191, 191, 0.6)","size":70,"sketchWidth":1,"sketchHeight":1,"initial_color":"rgba(191,191,191,0.6)","from":58,"to":57,"curvature":10,"control_point":[]},{"source":65,"target":64,"value":7,"id":186,"type":"talking","index":144,"color":"rgba(191, 191, 191, 0.6)","size":70,"sketchWidth":1,"sketchHeight":1,"initial_color":"rgba(191,191,191,0.6)","from":59,"to":58,"curvature":10,"control_point":[]},{"source":65,"target":61,"value":5,"id":190,"type":"talking","index":145,"color":"rgba(191, 191, 191, 0.6)","size":70,"sketchWidth":1,"sketchHeight":1,"initial_color":"rgba(191,191,191,0.6)","from":59,"to":57,"curvature":10,"control_point":[]},{"source":66,"target":64,"value":3,"id":195,"type":"talking","index":146,"color":"rgba(191, 191, 191, 0.6)","size":70,"sketchWidth":1,"sketchHeight":1,"initial_color":"rgba(191,191,191,0.6)","from":60,"to":58,"curvature":10,"control_point":[]},{"source":66,"target":65,"value":2,"id":199,"type":"talking","index":147,"color":"rgba(191, 191, 191, 0.6)","size":70,"sketchWidth":1,"sketchHeight":1,"initial_color":"rgba(191,191,191,0.6)","from":60,"to":59,"curvature":10,"control_point":[]},{"source":66,"target":61,"value":1,"id":202,"type":"talking","index":148,"color":"rgba(191, 191, 191, 0.6)","size":70,"sketchWidth":1,"sketchHeight":1,"initial_color":"rgba(191,191,191,0.6)","from":60,"to":57,"curvature":10,"control_point":[]},{"source":69,"target":24,"value":1,"id":214,"type":"talking","index":149,"color":"rgba(191, 191, 191, 0.6)","size":70,"sketchWidth":1,"sketchHeight":1,"initial_color":"rgba(191,191,191,0.6)","from":62,"to":44,"curvature":10,"control_point":[]},{"source":69,"target":41,"value":1,"id":217,"type":"talking","index":150,"color":"rgba(191, 191, 191, 0.6)","size":70,"sketchWidth":1,"sketchHeight":1,"initial_color":"rgba(191,191,191,0.6)","from":62,"to":49,"curvature":10,"control_point":[]},{"source":72,"target":26,"value":2,"id":234,"type":"talking","index":151,"color":"rgba(191, 191, 191, 0.6)","size":70,"sketchWidth":1,"sketchHeight":1,"initial_color":"rgba(191,191,191,0.6)","from":63,"to":45,"curvature":10,"control_point":[]},{"source":76,"target":64,"value":1,"id":247,"type":"talking","index":152,"color":"rgba(191, 191, 191, 0.6)","size":70,"sketchWidth":1,"sketchHeight":1,"initial_color":"rgba(191,191,191,0.6)","from":64,"to":58,"curvature":10,"control_point":[]},{"source":76,"target":65,"value":1,"id":248,"type":"talking","index":153,"color":"rgba(191, 191, 191, 0.6)","size":70,"sketchWidth":1,"sketchHeight":1,"initial_color":"rgba(191,191,191,0.6)","from":64,"to":59,"curvature":10,"control_point":[]},{"source":76,"target":66,"value":1,"id":249,"type":"talking","index":154,"color":"rgba(191, 191, 191, 0.6)","size":70,"sketchWidth":1,"sketchHeight":1,"initial_color":"rgba(191,191,191,0.6)","from":64,"to":60,"curvature":10,"control_point":[]},{"source":11,"target":10,"value":1,"id":10,"type":"talking","index":155,"color":"rgba(191, 191, 191, 0.6)","size":70,"sketchWidth":1,"sketchHeight":1,"initial_color":"rgba(191,191,191,0.6)","from":5,"to":75,"curvature":10,"control_point":[]},{"source":15,"target":11,"value":1,"id":17,"type":"talking","index":156,"color":"rgba(191, 191, 191, 0.6)","size":70,"sketchWidth":1,"sketchHeight":1,"initial_color":"rgba(191,191,191,0.6)","from":69,"to":5,"curvature":10,"control_point":[]},{"source":17,"target":16,"value":4,"id":18,"type":"talking","index":157,"color":"rgba(191, 191, 191, 0.6)","size":70,"sketchWidth":1,"sketchHeight":1,"initial_color":"rgba(191,191,191,0.6)","from":7,"to":6,"curvature":10,"control_point":[]},{"source":18,"target":16,"value":4,"id":19,"type":"talking","index":158,"color":"rgba(191, 191, 191, 0.6)","size":70,"sketchWidth":1,"sketchHeight":1,"initial_color":"rgba(191,191,191,0.6)","from":8,"to":6,"curvature":10,"control_point":[]},{"source":18,"target":17,"value":4,"id":20,"type":"talking","index":159,"color":"rgba(191, 191, 191, 0.6)","size":70,"sketchWidth":1,"sketchHeight":1,"initial_color":"rgba(191,191,191,0.6)","from":8,"to":7,"curvature":10,"control_point":[]},{"source":19,"target":16,"value":4,"id":21,"type":"talking","index":160,"color":"rgba(191, 191, 191, 0.6)","size":70,"sketchWidth":1,"sketchHeight":1,"initial_color":"rgba(191,191,191,0.6)","from":9,"to":6,"curvature":10,"control_point":[]},{"source":19,"target":17,"value":4,"id":22,"type":"talking","index":161,"color":"rgba(191, 191, 191, 0.6)","size":70,"sketchWidth":1,"sketchHeight":1,"initial_color":"rgba(191,191,191,0.6)","from":9,"to":7,"curvature":10,"control_point":[]},{"source":19,"target":18,"value":4,"id":23,"type":"talking","index":162,"color":"rgba(191, 191, 191, 0.6)","size":70,"sketchWidth":1,"sketchHeight":1,"initial_color":"rgba(191,191,191,0.6)","from":9,"to":8,"curvature":10,"control_point":[]},{"source":20,"target":16,"value":3,"id":24,"type":"talking","index":163,"color":"rgba(191, 191, 191, 0.6)","size":70,"sketchWidth":1,"sketchHeight":1,"initial_color":"rgba(191,191,191,0.6)","from":10,"to":6,"curvature":10,"control_point":[]},{"source":20,"target":17,"value":3,"id":25,"type":"talking","index":164,"color":"rgba(191, 191, 191, 0.6)","size":70,"sketchWidth":1,"sketchHeight":1,"initial_color":"rgba(191,191,191,0.6)","from":10,"to":7,"curvature":10,"control_point":[]},{"source":20,"target":18,"value":3,"id":26,"type":"talking","index":165,"color":"rgba(191, 191, 191, 0.6)","size":70,"sketchWidth":1,"sketchHeight":1,"initial_color":"rgba(191,191,191,0.6)","from":10,"to":8,"curvature":10,"control_point":[]},{"source":20,"target":19,"value":4,"id":27,"type":"talking","index":166,"color":"rgba(191, 191, 191, 0.6)","size":70,"sketchWidth":1,"sketchHeight":1,"initial_color":"rgba(191,191,191,0.6)","from":10,"to":9,"curvature":10,"control_point":[]},{"source":25,"target":11,"value":12,"id":52,"type":"talking","index":167,"color":"rgba(191, 191, 191, 0.6)","size":70,"sketchWidth":1,"sketchHeight":1,"initial_color":"rgba(191,191,191,0.6)","from":11,"to":5,"curvature":10,"control_point":[]},{"source":27,"target":11,"value":17,"id":57,"type":"talking","index":168,"color":"rgba(191, 191, 191, 0.6)","size":70,"sketchWidth":1,"sketchHeight":1,"initial_color":"rgba(191,191,191,0.6)","from":12,"to":5,"curvature":10,"control_point":[]},{"source":27,"target":25,"value":5,"id":59,"type":"talking","index":169,"color":"rgba(191, 191, 191, 0.6)","size":70,"sketchWidth":1,"sketchHeight":1,"initial_color":"rgba(191,191,191,0.6)","from":12,"to":11,"curvature":10,"control_point":[]},{"source":28,"target":11,"value":8,"id":62,"type":"talking","index":170,"color":"rgba(191, 191, 191, 0.6)","size":70,"sketchWidth":1,"sketchHeight":1,"initial_color":"rgba(191,191,191,0.6)","from":18,"to":5,"curvature":10,"control_point":[]},{"source":28,"target":27,"value":1,"id":63,"type":"talking","index":171,"color":"rgba(191, 191, 191, 0.6)","size":70,"sketchWidth":1,"sketchHeight":1,"initial_color":"rgba(191,191,191,0.6)","from":18,"to":12,"curvature":10,"control_point":[]},{"source":32,"target":11,"value":1,"id":72,"type":"talking","index":172,"color":"rgba(191, 191, 191, 0.6)","size":70,"sketchWidth":1,"sketchHeight":1,"initial_color":"rgba(191,191,191,0.6)","from":70,"to":5,"curvature":10,"control_point":[]},{"source":34,"target":11,"value":3,"id":75,"type":"talking","index":173,"color":"rgba(191, 191, 191, 0.6)","size":70,"sketchWidth":1,"sketchHeight":1,"initial_color":"rgba(191,191,191,0.6)","from":13,"to":5,"curvature":10,"control_point":[]},{"source":35,"target":11,"value":3,"id":77,"type":"talking","index":174,"color":"rgba(191, 191, 191, 0.6)","size":70,"sketchWidth":1,"sketchHeight":1,"initial_color":"rgba(191,191,191,0.6)","from":14,"to":5,"curvature":10,"control_point":[]},{"source":35,"target":34,"value":3,"id":78,"type":"talking","index":175,"color":"rgba(191, 191, 191, 0.6)","size":70,"sketchWidth":1,"sketchHeight":1,"initial_color":"rgba(191,191,191,0.6)","from":14,"to":13,"curvature":10,"control_point":[]},{"source":36,"target":34,"value":2,"id":80,"type":"talking","index":176,"color":"rgba(191, 191, 191, 0.6)","size":70,"sketchWidth":1,"sketchHeight":1,"initial_color":"rgba(191,191,191,0.6)","from":15,"to":13,"curvature":10,"control_point":[]},{"source":36,"target":35,"value":2,"id":81,"type":"talking","index":177,"color":"rgba(191, 191, 191, 0.6)","size":70,"sketchWidth":1,"sketchHeight":1,"initial_color":"rgba(191,191,191,0.6)","from":15,"to":14,"curvature":10,"control_point":[]},{"source":36,"target":11,"value":2,"id":82,"type":"talking","index":178,"color":"rgba(191, 191, 191, 0.6)","size":70,"sketchWidth":1,"sketchHeight":1,"initial_color":"rgba(191,191,191,0.6)","from":15,"to":5,"curvature":10,"control_point":[]},{"source":37,"target":34,"value":2,"id":84,"type":"talking","index":179,"color":"rgba(191, 191, 191, 0.6)","size":70,"sketchWidth":1,"sketchHeight":1,"initial_color":"rgba(191,191,191,0.6)","from":16,"to":13,"curvature":10,"control_point":[]},{"source":37,"target":35,"value":2,"id":85,"type":"talking","index":180,"color":"rgba(191, 191, 191, 0.6)","size":70,"sketchWidth":1,"sketchHeight":1,"initial_color":"rgba(191,191,191,0.6)","from":16,"to":14,"curvature":10,"control_point":[]},{"source":37,"target":36,"value":2,"id":86,"type":"talking","index":181,"color":"rgba(191, 191, 191, 0.6)","size":70,"sketchWidth":1,"sketchHeight":1,"initial_color":"rgba(191,191,191,0.6)","from":16,"to":15,"curvature":10,"control_point":[]},{"source":37,"target":11,"value":2,"id":87,"type":"talking","index":182,"color":"rgba(191, 191, 191, 0.6)","size":70,"sketchWidth":1,"sketchHeight":1,"initial_color":"rgba(191,191,191,0.6)","from":16,"to":5,"curvature":10,"control_point":[]},{"source":38,"target":34,"value":2,"id":89,"type":"talking","index":183,"color":"rgba(191, 191, 191, 0.6)","size":70,"sketchWidth":1,"sketchHeight":1,"initial_color":"rgba(191,191,191,0.6)","from":17,"to":13,"curvature":10,"control_point":[]},{"source":38,"target":35,"value":2,"id":90,"type":"talking","index":184,"color":"rgba(191, 191, 191, 0.6)","size":70,"sketchWidth":1,"sketchHeight":1,"initial_color":"rgba(191,191,191,0.6)","from":17,"to":14,"curvature":10,"control_point":[]},{"source":38,"target":36,"value":2,"id":91,"type":"talking","index":185,"color":"rgba(191, 191, 191, 0.6)","size":70,"sketchWidth":1,"sketchHeight":1,"initial_color":"rgba(191,191,191,0.6)","from":17,"to":15,"curvature":10,"control_point":[]},{"source":38,"target":37,"value":2,"id":92,"type":"talking","index":186,"color":"rgba(191, 191, 191, 0.6)","size":70,"sketchWidth":1,"sketchHeight":1,"initial_color":"rgba(191,191,191,0.6)","from":17,"to":16,"curvature":10,"control_point":[]},{"source":38,"target":11,"value":2,"id":93,"type":"talking","index":187,"color":"rgba(191, 191, 191, 0.6)","size":70,"sketchWidth":1,"sketchHeight":1,"initial_color":"rgba(191,191,191,0.6)","from":17,"to":5,"curvature":10,"control_point":[]},{"source":39,"target":25,"value":1,"id":95,"type":"talking","index":188,"color":"rgba(191, 191, 191, 0.6)","size":70,"sketchWidth":1,"sketchHeight":1,"initial_color":"rgba(191,191,191,0.6)","from":22,"to":11,"curvature":10,"control_point":[]},{"source":40,"target":25,"value":1,"id":96,"type":"talking","index":189,"color":"rgba(191, 191, 191, 0.6)","size":70,"sketchWidth":1,"sketchHeight":1,"initial_color":"rgba(191,191,191,0.6)","from":71,"to":11,"curvature":10,"control_point":[]},{"source":45,"target":28,"value":2,"id":107,"type":"talking","index":190,"color":"rgba(191, 191, 191, 0.6)","size":70,"sketchWidth":1,"sketchHeight":1,"initial_color":"rgba(191,191,191,0.6)","from":72,"to":18,"curvature":10,"control_point":[]},{"source":48,"target":25,"value":1,"id":110,"type":"talking","index":191,"color":"rgba(191, 191, 191, 0.6)","size":70,"sketchWidth":1,"sketchHeight":1,"initial_color":"rgba(191,191,191,0.6)","from":19,"to":11,"curvature":10,"control_point":[]},{"source":48,"target":27,"value":1,"id":111,"type":"talking","index":192,"color":"rgba(191, 191, 191, 0.6)","size":70,"sketchWidth":1,"sketchHeight":1,"initial_color":"rgba(191,191,191,0.6)","from":19,"to":12,"curvature":10,"control_point":[]},{"source":48,"target":11,"value":1,"id":112,"type":"talking","index":193,"color":"rgba(191, 191, 191, 0.6)","size":70,"sketchWidth":1,"sketchHeight":1,"initial_color":"rgba(191,191,191,0.6)","from":19,"to":5,"curvature":10,"control_point":[]},{"source":49,"target":11,"value":2,"id":114,"type":"talking","index":194,"color":"rgba(191, 191, 191, 0.6)","size":70,"sketchWidth":1,"sketchHeight":1,"initial_color":"rgba(191,191,191,0.6)","from":20,"to":5,"curvature":10,"control_point":[]},{"source":50,"target":49,"value":1,"id":115,"type":"talking","index":195,"color":"rgba(191, 191, 191, 0.6)","size":70,"sketchWidth":1,"sketchHeight":1,"initial_color":"rgba(191,191,191,0.6)","from":21,"to":20,"curvature":10,"control_point":[]},{"source":54,"target":49,"value":1,"id":124,"type":"talking","index":196,"color":"rgba(191, 191, 191, 0.6)","size":70,"sketchWidth":1,"sketchHeight":1,"initial_color":"rgba(191,191,191,0.6)","from":23,"to":20,"curvature":10,"control_point":[]},{"source":55,"target":49,"value":12,"id":127,"type":"talking","index":197,"color":"rgba(191, 191, 191, 0.6)","size":70,"sketchWidth":1,"sketchHeight":1,"initial_color":"rgba(191,191,191,0.6)","from":24,"to":20,"curvature":10,"control_point":[]},{"source":55,"target":39,"value":1,"id":128,"type":"talking","index":198,"color":"rgba(191, 191, 191, 0.6)","size":70,"sketchWidth":1,"sketchHeight":1,"initial_color":"rgba(191,191,191,0.6)","from":24,"to":22,"curvature":10,"control_point":[]},{"source":55,"target":54,"value":1,"id":129,"type":"talking","index":199,"color":"rgba(191, 191, 191, 0.6)","size":70,"sketchWidth":1,"sketchHeight":1,"initial_color":"rgba(191,191,191,0.6)","from":24,"to":23,"curvature":10,"control_point":[]},{"source":55,"target":11,"value":19,"id":131,"type":"talking","index":200,"color":"rgba(191, 191, 191, 0.6)","size":70,"sketchWidth":1,"sketchHeight":1,"initial_color":"rgba(191,191,191,0.6)","from":24,"to":5,"curvature":10,"control_point":[]},{"source":55,"target":16,"value":1,"id":132,"type":"talking","index":201,"color":"rgba(191, 191, 191, 0.6)","size":70,"sketchWidth":1,"sketchHeight":1,"initial_color":"rgba(191,191,191,0.6)","from":24,"to":6,"curvature":10,"control_point":[]},{"source":55,"target":25,"value":2,"id":133,"type":"talking","index":202,"color":"rgba(191, 191, 191, 0.6)","size":70,"sketchWidth":1,"sketchHeight":1,"initial_color":"rgba(191,191,191,0.6)","from":24,"to":11,"curvature":10,"control_point":[]},{"source":55,"target":48,"value":4,"id":135,"type":"talking","index":203,"color":"rgba(191, 191, 191, 0.6)","size":70,"sketchWidth":1,"sketchHeight":1,"initial_color":"rgba(191,191,191,0.6)","from":24,"to":19,"curvature":10,"control_point":[]},{"source":57,"target":55,"value":1,"id":138,"type":"talking","index":204,"color":"rgba(191, 191, 191, 0.6)","size":70,"sketchWidth":1,"sketchHeight":1,"initial_color":"rgba(191,191,191,0.6)","from":25,"to":24,"curvature":10,"control_point":[]},{"source":57,"target":48,"value":1,"id":140,"type":"talking","index":205,"color":"rgba(191, 191, 191, 0.6)","size":70,"sketchWidth":1,"sketchHeight":1,"initial_color":"rgba(191,191,191,0.6)","from":25,"to":19,"curvature":10,"control_point":[]},{"source":58,"target":55,"value":7,"id":141,"type":"talking","index":206,"color":"rgba(191, 191, 191, 0.6)","size":70,"sketchWidth":1,"sketchHeight":1,"initial_color":"rgba(191,191,191,0.6)","from":26,"to":24,"curvature":10,"control_point":[]},{"source":58,"target":48,"value":7,"id":142,"type":"talking","index":207,"color":"rgba(191, 191, 191, 0.6)","size":70,"sketchWidth":1,"sketchHeight":1,"initial_color":"rgba(191,191,191,0.6)","from":26,"to":19,"curvature":10,"control_point":[]},{"source":58,"target":27,"value":6,"id":143,"type":"talking","index":208,"color":"rgba(191, 191, 191, 0.6)","size":70,"sketchWidth":1,"sketchHeight":1,"initial_color":"rgba(191,191,191,0.6)","from":26,"to":12,"curvature":10,"control_point":[]},{"source":58,"target":57,"value":1,"id":144,"type":"talking","index":209,"color":"rgba(191, 191, 191, 0.6)","size":70,"sketchWidth":1,"sketchHeight":1,"initial_color":"rgba(191,191,191,0.6)","from":26,"to":25,"curvature":10,"control_point":[]},{"source":58,"target":11,"value":4,"id":145,"type":"talking","index":210,"color":"rgba(191, 191, 191, 0.6)","size":70,"sketchWidth":1,"sketchHeight":1,"initial_color":"rgba(191,191,191,0.6)","from":26,"to":5,"curvature":10,"control_point":[]},{"source":59,"target":58,"value":15,"id":146,"type":"talking","index":211,"color":"rgba(191, 191, 191, 0.6)","size":70,"sketchWidth":1,"sketchHeight":1,"initial_color":"rgba(191,191,191,0.6)","from":28,"to":26,"curvature":10,"control_point":[]},{"source":59,"target":55,"value":5,"id":147,"type":"talking","index":212,"color":"rgba(191, 191, 191, 0.6)","size":70,"sketchWidth":1,"sketchHeight":1,"initial_color":"rgba(191,191,191,0.6)","from":28,"to":24,"curvature":10,"control_point":[]},{"source":59,"target":48,"value":6,"id":148,"type":"talking","index":213,"color":"rgba(191, 191, 191, 0.6)","size":70,"sketchWidth":1,"sketchHeight":1,"initial_color":"rgba(191,191,191,0.6)","from":28,"to":19,"curvature":10,"control_point":[]},{"source":59,"target":57,"value":2,"id":149,"type":"talking","index":214,"color":"rgba(191, 191, 191, 0.6)","size":70,"sketchWidth":1,"sketchHeight":1,"initial_color":"rgba(191,191,191,0.6)","from":28,"to":25,"curvature":10,"control_point":[]},{"source":60,"target":48,"value":1,"id":150,"type":"talking","index":215,"color":"rgba(191, 191, 191, 0.6)","size":70,"sketchWidth":1,"sketchHeight":1,"initial_color":"rgba(191,191,191,0.6)","from":27,"to":19,"curvature":10,"control_point":[]},{"source":60,"target":58,"value":4,"id":151,"type":"talking","index":216,"color":"rgba(191, 191, 191, 0.6)","size":70,"sketchWidth":1,"sketchHeight":1,"initial_color":"rgba(191,191,191,0.6)","from":27,"to":26,"curvature":10,"control_point":[]},{"source":60,"target":59,"value":2,"id":152,"type":"talking","index":217,"color":"rgba(191, 191, 191, 0.6)","size":70,"sketchWidth":1,"sketchHeight":1,"initial_color":"rgba(191,191,191,0.6)","from":27,"to":28,"curvature":10,"control_point":[]},{"source":62,"target":55,"value":0,"id":159,"type":"talking","index":218,"color":"rgba(191, 191, 191, 0.6)","size":70,"sketchWidth":1,"sketchHeight":1,"initial_color":"rgba(191,191,191,0.6)","from":29,"to":24,"curvature":10,"control_point":[]},{"source":62,"target":58,"value":17,"id":160,"type":"talking","index":219,"color":"rgba(191, 191, 191, 0.6)","size":70,"sketchWidth":1,"sketchHeight":1,"initial_color":"rgba(191,191,191,0.6)","from":29,"to":26,"curvature":10,"control_point":[]},{"source":62,"target":59,"value":13,"id":161,"type":"talking","index":220,"color":"rgba(191, 191, 191, 0.6)","size":70,"sketchWidth":1,"sketchHeight":1,"initial_color":"rgba(191,191,191,0.6)","from":29,"to":28,"curvature":10,"control_point":[]},{"source":62,"target":48,"value":7,"id":162,"type":"talking","index":221,"color":"rgba(191, 191, 191, 0.6)","size":70,"sketchWidth":1,"sketchHeight":1,"initial_color":"rgba(191,191,191,0.6)","from":29,"to":19,"curvature":10,"control_point":[]},{"source":62,"target":57,"value":2,"id":163,"type":"talking","index":222,"color":"rgba(191, 191, 191, 0.6)","size":70,"sketchWidth":1,"sketchHeight":1,"initial_color":"rgba(191,191,191,0.6)","from":29,"to":25,"curvature":10,"control_point":[]},{"source":62,"target":60,"value":3,"id":166,"type":"talking","index":223,"color":"rgba(191, 191, 191, 0.6)","size":70,"sketchWidth":1,"sketchHeight":1,"initial_color":"rgba(191,191,191,0.6)","from":29,"to":27,"curvature":10,"control_point":[]},{"source":63,"target":59,"value":5,"id":167,"type":"talking","index":224,"color":"rgba(191, 191, 191, 0.6)","size":70,"sketchWidth":1,"sketchHeight":1,"initial_color":"rgba(191,191,191,0.6)","from":30,"to":28,"curvature":10,"control_point":[]},{"source":63,"target":48,"value":5,"id":168,"type":"talking","index":225,"color":"rgba(191, 191, 191, 0.6)","size":70,"sketchWidth":1,"sketchHeight":1,"initial_color":"rgba(191,191,191,0.6)","from":30,"to":19,"curvature":10,"control_point":[]},{"source":63,"target":62,"value":6,"id":169,"type":"talking","index":226,"color":"rgba(191, 191, 191, 0.6)","size":70,"sketchWidth":1,"sketchHeight":1,"initial_color":"rgba(191,191,191,0.6)","from":30,"to":29,"curvature":10,"control_point":[]},{"source":63,"target":57,"value":2,"id":170,"type":"talking","index":227,"color":"rgba(191, 191, 191, 0.6)","size":70,"sketchWidth":1,"sketchHeight":1,"initial_color":"rgba(191,191,191,0.6)","from":30,"to":25,"curvature":10,"control_point":[]},{"source":63,"target":58,"value":4,"id":171,"type":"talking","index":228,"color":"rgba(191, 191, 191, 0.6)","size":70,"sketchWidth":1,"sketchHeight":1,"initial_color":"rgba(191,191,191,0.6)","from":30,"to":26,"curvature":10,"control_point":[]},{"source":63,"target":60,"value":2,"id":173,"type":"talking","index":229,"color":"rgba(191, 191, 191, 0.6)","size":70,"sketchWidth":1,"sketchHeight":1,"initial_color":"rgba(191,191,191,0.6)","from":30,"to":27,"curvature":10,"control_point":[]},{"source":63,"target":55,"value":1,"id":174,"type":"talking","index":230,"color":"rgba(191, 191, 191, 0.6)","size":70,"sketchWidth":1,"sketchHeight":1,"initial_color":"rgba(191,191,191,0.6)","from":30,"to":24,"curvature":10,"control_point":[]},{"source":68,"target":25,"value":5,"id":205,"type":"talking","index":231,"color":"rgba(191, 191, 191, 0.6)","size":70,"sketchWidth":1,"sketchHeight":1,"initial_color":"rgba(191,191,191,0.6)","from":31,"to":11,"curvature":10,"control_point":[]},{"source":68,"target":11,"value":1,"id":206,"type":"talking","index":232,"color":"rgba(191, 191, 191, 0.6)","size":70,"sketchWidth":1,"sketchHeight":1,"initial_color":"rgba(191,191,191,0.6)","from":31,"to":5,"curvature":10,"control_point":[]},{"source":68,"target":27,"value":1,"id":208,"type":"talking","index":233,"color":"rgba(191, 191, 191, 0.6)","size":70,"sketchWidth":1,"sketchHeight":1,"initial_color":"rgba(191,191,191,0.6)","from":31,"to":12,"curvature":10,"control_point":[]},{"source":68,"target":48,"value":1,"id":209,"type":"talking","index":234,"color":"rgba(191, 191, 191, 0.6)","size":70,"sketchWidth":1,"sketchHeight":1,"initial_color":"rgba(191,191,191,0.6)","from":31,"to":19,"curvature":10,"control_point":[]},{"source":70,"target":25,"value":4,"id":218,"type":"talking","index":235,"color":"rgba(191, 191, 191, 0.6)","size":70,"sketchWidth":1,"sketchHeight":1,"initial_color":"rgba(191,191,191,0.6)","from":32,"to":11,"curvature":10,"control_point":[]},{"source":70,"target":68,"value":4,"id":220,"type":"talking","index":236,"color":"rgba(191, 191, 191, 0.6)","size":70,"sketchWidth":1,"sketchHeight":1,"initial_color":"rgba(191,191,191,0.6)","from":32,"to":31,"curvature":10,"control_point":[]},{"source":70,"target":11,"value":1,"id":221,"type":"talking","index":237,"color":"rgba(191, 191, 191, 0.6)","size":70,"sketchWidth":1,"sketchHeight":1,"initial_color":"rgba(191,191,191,0.6)","from":32,"to":5,"curvature":10,"control_point":[]},{"source":70,"target":27,"value":1,"id":223,"type":"talking","index":238,"color":"rgba(191, 191, 191, 0.6)","size":70,"sketchWidth":1,"sketchHeight":1,"initial_color":"rgba(191,191,191,0.6)","from":32,"to":12,"curvature":10,"control_point":[]},{"source":70,"target":58,"value":1,"id":225,"type":"talking","index":239,"color":"rgba(191, 191, 191, 0.6)","size":70,"sketchWidth":1,"sketchHeight":1,"initial_color":"rgba(191,191,191,0.6)","from":32,"to":26,"curvature":10,"control_point":[]},{"source":71,"target":27,"value":1,"id":226,"type":"talking","index":240,"color":"rgba(191, 191, 191, 0.6)","size":70,"sketchWidth":1,"sketchHeight":1,"initial_color":"rgba(191,191,191,0.6)","from":33,"to":12,"curvature":10,"control_point":[]},{"source":71,"target":68,"value":2,"id":228,"type":"talking","index":241,"color":"rgba(191, 191, 191, 0.6)","size":70,"sketchWidth":1,"sketchHeight":1,"initial_color":"rgba(191,191,191,0.6)","from":33,"to":31,"curvature":10,"control_point":[]},{"source":71,"target":70,"value":2,"id":229,"type":"talking","index":242,"color":"rgba(191, 191, 191, 0.6)","size":70,"sketchWidth":1,"sketchHeight":1,"initial_color":"rgba(191,191,191,0.6)","from":33,"to":32,"curvature":10,"control_point":[]},{"source":71,"target":11,"value":1,"id":230,"type":"talking","index":243,"color":"rgba(191, 191, 191, 0.6)","size":70,"sketchWidth":1,"sketchHeight":1,"initial_color":"rgba(191,191,191,0.6)","from":33,"to":5,"curvature":10,"control_point":[]},{"source":71,"target":48,"value":1,"id":231,"type":"talking","index":244,"color":"rgba(191, 191, 191, 0.6)","size":70,"sketchWidth":1,"sketchHeight":1,"initial_color":"rgba(191,191,191,0.6)","from":33,"to":19,"curvature":10,"control_point":[]},{"source":71,"target":25,"value":1,"id":233,"type":"talking","index":245,"color":"rgba(191, 191, 191, 0.6)","size":70,"sketchWidth":1,"sketchHeight":1,"initial_color":"rgba(191,191,191,0.6)","from":33,"to":11,"curvature":10,"control_point":[]},{"source":73,"target":48,"value":2,"id":237,"type":"talking","index":246,"color":"rgba(191, 191, 191, 0.6)","size":70,"sketchWidth":1,"sketchHeight":1,"initial_color":"rgba(191,191,191,0.6)","from":73,"to":19,"curvature":10,"control_point":[]},{"source":74,"target":48,"value":2,"id":238,"type":"talking","index":247,"color":"rgba(191, 191, 191, 0.6)","size":70,"sketchWidth":1,"sketchHeight":1,"initial_color":"rgba(191,191,191,0.6)","from":74,"to":19,"curvature":10,"control_point":[]},{"source":74,"target":73,"value":3,"id":239,"type":"talking","index":248,"color":"rgba(191, 191, 191, 0.6)","size":70,"sketchWidth":1,"sketchHeight":1,"initial_color":"rgba(191,191,191,0.6)","from":74,"to":73,"curvature":10,"control_point":[]},{"source":75,"target":68,"value":3,"id":241,"type":"talking","index":249,"color":"rgba(191, 191, 191, 0.6)","size":70,"sketchWidth":1,"sketchHeight":1,"initial_color":"rgba(191,191,191,0.6)","from":34,"to":31,"curvature":10,"control_point":[]},{"source":75,"target":25,"value":3,"id":242,"type":"talking","index":250,"color":"rgba(191, 191, 191, 0.6)","size":70,"sketchWidth":1,"sketchHeight":1,"initial_color":"rgba(191,191,191,0.6)","from":34,"to":11,"curvature":10,"control_point":[]},{"source":75,"target":48,"value":1,"id":243,"type":"talking","index":251,"color":"rgba(191, 191, 191, 0.6)","size":70,"sketchWidth":1,"sketchHeight":1,"initial_color":"rgba(191,191,191,0.6)","from":34,"to":19,"curvature":10,"control_point":[]},{"source":75,"target":70,"value":1,"id":245,"type":"talking","index":252,"color":"rgba(191, 191, 191, 0.6)","size":70,"sketchWidth":1,"sketchHeight":1,"initial_color":"rgba(191,191,191,0.6)","from":34,"to":32,"curvature":10,"control_point":[]},{"source":75,"target":71,"value":1,"id":246,"type":"talking","index":253,"color":"rgba(191, 191, 191, 0.6)","size":70,"sketchWidth":1,"sketchHeight":1,"initial_color":"rgba(191,191,191,0.6)","from":34,"to":33,"curvature":10,"control_point":[]}],"images":[],"freeDrawing":[]}