{"nodes":[{"name":"Napoleon","group":"group1","id":1,"type":"male","x":703.7473503689092,"y":311.6016603295755,"sizeLabel":0,"colorLabel":"white","r":10,"width":20,"height":20,"relativeR":10,"relativeScaleR":1,"isHover":false,"color":"#aec7e8","stroke_color":"#aec7e8","strokeSize":1,"initial_color":"#aec7e8","initial_stroke_color":"#aec7e8","sketchPaths":[],"isFixed":false},{"name":"Geborand","group":"group1","id":5,"type":"male","x":743.673830775767,"y":259.13781871424317,"sizeLabel":0,"colorLabel":"white","r":10,"width":20,"height":20,"relativeR":10,"relativeScaleR":1,"isHover":false,"color":"#aec7e8","stroke_color":"#aec7e8","strokeSize":1,"initial_color":"#aec7e8","initial_stroke_color":"#aec7e8","sketchPaths":[],"isFixed":false},{"name":"Champtercier","group":"group1","id":6,"type":"male","x":751.0985917897383,"y":316.19791088902264,"sizeLabel":0,"colorLabel":"white","r":10,"width":20,"height":20,"relativeR":10,"relativeScaleR":1,"isHover":false,"color":"#aec7e8","stroke_color":"#aec7e8","strokeSize":1,"initial_color":"#aec7e8","initial_stroke_color":"#aec7e8","sketchPaths":[],"isFixed":false},{"name":"Cravatte","group":"group1","id":7,"type":"male","x":725.7245271791886,"y":328.9839416895335,"sizeLabel":0,"colorLabel":"white","r":10,"width":20,"height":20,"relativeR":10,"relativeScaleR":1,"isHover":false,"color":"#aec7e8","stroke_color":"#aec7e8","strokeSize":1,"initial_color":"#aec7e8","initial_stroke_color":"#aec7e8","sketchPaths":[],"isFixed":false},{"name":"Count","group":"group1","id":8,"type":"male","x":760.044444687501,"y":285.98619975246913,"sizeLabel":0,"colorLabel":"white","r":10,"width":20,"height":20,"relativeR":10,"relativeScaleR":1,"isHover":false,"color":"#aec7e8","stroke_color":"#aec7e8","strokeSize":1,"initial_color":"#aec7e8","initial_stroke_color":"#aec7e8","sketchPaths":[],"isFixed":false},{"name":"Valjean","group":"group2","id":11,"type":"male","x":568.4072626347952,"y":230.24463761439856,"sizeLabel":0,"colorLabel":"white","r":10,"width":20,"height":20,"relativeR":10,"relativeScaleR":1,"isHover":false,"color":"#aec7e8","stroke_color":"#aec7e8","strokeSize":1,"initial_color":"#aec7e8","initial_stroke_color":"#aec7e8","sketchPaths":[],"isFixed":false},{"name":"Tholomyes","group":"group3","id":16,"type":"male","x":402.8488384653178,"y":409.4376976816166,"sizeLabel":0,"colorLabel":"white","r":10,"width":20,"height":20,"relativeR":10,"relativeScaleR":1,"isHover":false,"color":"#aec7e8","stroke_color":"#aec7e8","strokeSize":1,"initial_color":"#aec7e8","initial_stroke_color":"#aec7e8","sketchPaths":[],"isFixed":false},{"name":"Listolier","group":"group3","id":17,"type":"male","x":417.77585563899675,"y":358.5105352560015,"sizeLabel":0,"colorLabel":"white","r":10,"width":20,"height":20,"relativeR":10,"relativeScaleR":1,"isHover":false,"color":"#aec7e8","stroke_color":"#aec7e8","strokeSize":1,"initial_color":"#aec7e8","initial_stroke_color":"#aec7e8","sketchPaths":[],"isFixed":false},{"name":"Fameuil","group":"group3","id":18,"type":"male","x":348.2617932845532,"y":348.2380922966785,"sizeLabel":0,"colorLabel":"white","r":10,"width":20,"height":20,"relativeR":10,"relativeScaleR":1,"isHover":false,"color":"#aec7e8","stroke_color":"#aec7e8","strokeSize":1,"initial_color":"#aec7e8","initial_stroke_color":"#aec7e8","sketchPaths":[],"isFixed":false},{"name":"Blacheville","group":"group3","id":19,"type":"male","x":388.9739792214069,"y":385.5249095318643,"sizeLabel":0,"colorLabel":"white","r":10,"width":20,"height":20,"relativeR":10,"relativeScaleR":1,"isHover":false,"color":"#aec7e8","stroke_color":"#aec7e8","strokeSize":1,"initial_color":"#aec7e8","initial_stroke_color":"#aec7e8","sketchPaths":[],"isFixed":false},{"name":"Favourite","group":"group3","id":20,"type":"male","x":417.1572323045449,"y":385.1092963463032,"sizeLabel":0,"colorLabel":"white","r":10,"width":20,"height":20,"relativeR":10,"relativeScaleR":1,"isHover":false,"color":"#aec7e8","stroke_color":"#aec7e8","strokeSize":1,"initial_color":"#aec7e8","initial_stroke_color":"#aec7e8","sketchPaths":[],"isFixed":false},{"name":"Thenardier","group":"group4","id":25,"type":"male","x":442.0955178570141,"y":303.17567816205764,"sizeLabel":0,"colorLabel":"white","r":10,"width":20,"height":20,"relativeR":10,"relativeScaleR":1,"isHover":false,"color":"#aec7e8","stroke_color":"#aec7e8","strokeSize":1,"initial_color":"#aec7e8","initial_stroke_color":"#aec7e8","sketchPaths":[],"isFixed":false},{"name":"Javert","group":"group4","id":27,"type":"male","x":464.4905428554774,"y":262.3079386660573,"sizeLabel":0,"colorLabel":"white","r":10,"width":20,"height":20,"relativeR":10,"relativeScaleR":1,"isHover":false,"color":"#aec7e8","stroke_color":"#aec7e8","strokeSize":1,"initial_color":"#aec7e8","initial_stroke_color":"#aec7e8","sketchPaths":[],"isFixed":false},{"name":"Judge","group":"group2","id":34,"type":"male","x":597.5433861960677,"y":435.10497141052656,"sizeLabel":0,"colorLabel":"white","r":10,"width":20,"height":20,"relativeR":10,"relativeScaleR":1,"isHover":false,"color":"#aec7e8","stroke_color":"#aec7e8","strokeSize":1,"initial_color":"#aec7e8","initial_stroke_color":"#aec7e8","sketchPaths":[],"isFixed":false},{"name":"Champmathieu","group":"group2","id":35,"type":"male","x":588.08149110824,"y":458.8818988754721,"sizeLabel":0,"colorLabel":"white","r":10,"width":20,"height":20,"relativeR":10,"relativeScaleR":1,"isHover":false,"color":"#aec7e8","stroke_color":"#aec7e8","strokeSize":1,"initial_color":"#aec7e8","initial_stroke_color":"#aec7e8","sketchPaths":[],"isFixed":false},{"name":"Brevet","group":"group2","id":36,"type":"male","x":561.49629288173,"y":451.7187714153687,"sizeLabel":0,"colorLabel":"white","r":10,"width":20,"height":20,"relativeR":10,"relativeScaleR":1,"isHover":false,"color":"#aec7e8","stroke_color":"#aec7e8","strokeSize":1,"initial_color":"#aec7e8","initial_stroke_color":"#aec7e8","sketchPaths":[],"isFixed":false},{"name":"Chenildieu","group":"group2","id":37,"type":"male","x":617.1589828491642,"y":417.8275868952447,"sizeLabel":0,"colorLabel":"white","r":10,"width":20,"height":20,"relativeR":10,"relativeScaleR":1,"isHover":false,"color":"#aec7e8","stroke_color":"#aec7e8","strokeSize":1,"initial_color":"#aec7e8","initial_stroke_color":"#aec7e8","sketchPaths":[],"isFixed":false},{"name":"Cochepaille","group":"group2","id":38,"type":"male","x":597.2101657003392,"y":400.1075556440918,"sizeLabel":0,"colorLabel":"white","r":10,"width":20,"height":20,"relativeR":10,"relativeScaleR":1,"isHover":false,"color":"#aec7e8","stroke_color":"#aec7e8","strokeSize":1,"initial_color":"#aec7e8","initial_stroke_color":"#aec7e8","sketchPaths":[],"isFixed":false},{"name":"Fauchelevent","group":0,"id":28,"type":"male","x":428.4073518024053,"y":145.72274643025722,"sizeLabel":0,"colorLabel":"white","r":10,"width":20,"height":20,"relativeR":10,"relativeScaleR":1,"isHover":false,"color":"#aec7e8","stroke_color":"#aec7e8","strokeSize":1,"initial_color":"#aec7e8","initial_stroke_color":"#aec7e8","sketchPaths":[],"isFixed":false},{"name":"Gavroche","group":"group8","id":48,"type":"male","x":612.0572843549535,"y":229.51998534637508,"sizeLabel":0,"colorLabel":"white","r":10,"width":20,"height":20,"relativeR":10,"relativeScaleR":1,"isHover":false,"color":"#aec7e8","stroke_color":"#aec7e8","strokeSize":1,"initial_color":"#aec7e8","initial_stroke_color":"#aec7e8","sketchPaths":[],"isFixed":false},{"name":"Gillenormand","group":"group5","id":49,"type":"male","x":476.77883834948375,"y":304.55592806596366,"sizeLabel":0,"colorLabel":"white","r":10,"width":20,"height":20,"relativeR":10,"relativeScaleR":1,"isHover":false,"color":"#aec7e8","stroke_color":"#aec7e8","strokeSize":1,"initial_color":"#aec7e8","initial_stroke_color":"#aec7e8","sketchPaths":[],"isFixed":false},{"name":"Magnon","group":"group5","id":50,"type":"male","x":377.06246237540705,"y":352.09919648476983,"sizeLabel":0,"colorLabel":"white","r":10,"width":20,"height":20,"relativeR":10,"relativeScaleR":1,"isHover":false,"color":"#aec7e8","stroke_color":"#aec7e8","strokeSize":1,"initial_color":"#aec7e8","initial_stroke_color":"#aec7e8","sketchPaths":[],"isFixed":false},{"name":"Pontmercy","group":"group4","id":39,"type":"male","x":493.17266642167203,"y":515.2913136865596,"sizeLabel":0,"colorLabel":"white","r":10,"width":20,"height":20,"relativeR":10,"relativeScaleR":1,"isHover":false,"color":"#aec7e8","stroke_color":"#aec7e8","strokeSize":1,"initial_color":"#aec7e8","initial_stroke_color":"#aec7e8","sketchPaths":[],"isFixed":false},{"name":"Lt.Gillenormand","group":"group5","id":54,"type":"male","x":507.4534795037854,"y":368.6402886430155,"sizeLabel":0,"colorLabel":"white","r":10,"width":20,"height":20,"relativeR":10,"relativeScaleR":1,"isHover":false,"color":"#aec7e8","stroke_color":"#aec7e8","strokeSize":1,"initial_color":"#aec7e8","initial_stroke_color":"#aec7e8","sketchPaths":[],"isFixed":false},{"name":"Marius","group":"group8","id":55,"type":"male","x":588.7331781239334,"y":251.27069333078018,"sizeLabel":0,"colorLabel":"white","r":10,"width":20,"height":20,"relativeR":10,"relativeScaleR":1,"isHover":false,"color":"#aec7e8","stroke_color":"#aec7e8","strokeSize":1,"initial_color":"#aec7e8","initial_stroke_color":"#aec7e8","sketchPaths":[],"isFixed":false},{"name":"Mabeuf","group":"group8","id":57,"type":"male","x":612.3095267622655,"y":279.0911407572713,"sizeLabel":0,"colorLabel":"white","r":10,"width":20,"height":20,"relativeR":10,"relativeScaleR":1,"isHover":false,"color":"#aec7e8","stroke_color":"#aec7e8","strokeSize":1,"initial_color":"#aec7e8","initial_stroke_color":"#aec7e8","sketchPaths":[],"isFixed":false},{"name":"Enjolras","group":"group8","id":58,"type":"male","x":512.5761064017255,"y":155.36327962295107,"sizeLabel":0,"colorLabel":"white","r":10,"width":20,"height":20,"relativeR":10,"relativeScaleR":1,"isHover":false,"color":"#aec7e8","stroke_color":"#aec7e8","strokeSize":1,"initial_color":"#aec7e8","initial_stroke_color":"#aec7e8","sketchPaths":[],"isFixed":false},{"name":"Prouvaire","group":"group8","id":60,"type":"male","x":524.1542689421642,"y":129.2485319256028,"sizeLabel":0,"colorLabel":"white","r":10,"width":20,"height":20,"relativeR":10,"relativeScaleR":1,"isHover":false,"color":"#aec7e8","stroke_color":"#aec7e8","strokeSize":1,"initial_color":"#aec7e8","initial_stroke_color":"#aec7e8","sketchPaths":[],"isFixed":false},{"name":"Combeferre","group":"group8","id":59,"type":"male","x":549.2607057807279,"y":140.13492812595268,"sizeLabel":0,"colorLabel":"white","r":10,"width":20,"height":20,"relativeR":10,"relativeScaleR":1,"isHover":false,"color":"#aec7e8","stroke_color":"#aec7e8","strokeSize":1,"initial_color":"#aec7e8","initial_stroke_color":"#aec7e8","sketchPaths":[],"isFixed":false},{"name":"Courfeyrac","group":"group8","id":62,"type":"male","x":465.3713376758312,"y":209.28764046269646,"sizeLabel":0,"colorLabel":"white","r":10,"width":20,"height":20,"relativeR":10,"relativeScaleR":1,"isHover":false,"color":"#aec7e8","stroke_color":"#aec7e8","strokeSize":1,"initial_color":"#aec7e8","initial_stroke_color":"#aec7e8","sketchPaths":[],"isFixed":false},{"name":"Bahorel","group":"group8","id":63,"type":"male","x":515.9428950605393,"y":261.11604032704713,"sizeLabel":0,"colorLabel":"white","r":10,"width":20,"height":20,"relativeR":10,"relativeScaleR":1,"isHover":false,"color":"#aec7e8","stroke_color":"#aec7e8","strokeSize":1,"initial_color":"#aec7e8","initial_stroke_color":"#aec7e8","sketchPaths":[],"isFixed":false},{"name":"Gueulemer","group":"group4","id":68,"type":"male","x":489.5534339471611,"y":281.2514345638491,"sizeLabel":0,"colorLabel":"white","r":10,"width":20,"height":20,"relativeR":10,"relativeScaleR":1,"isHover":false,"color":"#aec7e8","stroke_color":"#aec7e8","strokeSize":1,"initial_color":"#aec7e8","initial_stroke_color":"#aec7e8","sketchPaths":[],"isFixed":false},{"name":"Claquesous","group":"group4","id":70,"type":"male","x":491.1595691325741,"y":327.0336645567397,"sizeLabel":0,"colorLabel":"white","r":10,"width":20,"height":20,"relativeR":10,"relativeScaleR":1,"isHover":false,"color":"#aec7e8","stroke_color":"#aec7e8","strokeSize":1,"initial_color":"#aec7e8","initial_stroke_color":"#aec7e8","sketchPaths":[],"isFixed":false},{"name":"Montparnasse","group":"group4","id":71,"type":"male","x":579.3526929493187,"y":276.68208952792656,"sizeLabel":0,"colorLabel":"white","r":10,"width":20,"height":20,"relativeR":10,"relativeScaleR":1,"isHover":false,"color":"#aec7e8","stroke_color":"#aec7e8","strokeSize":1,"initial_color":"#aec7e8","initial_stroke_color":"#aec7e8","sketchPaths":[],"isFixed":false},{"name":"Brujon","group":"group4","id":75,"type":"male","x":539.0756232798641,"y":301.87784457654374,"sizeLabel":0,"colorLabel":"white","r":10,"width":20,"height":20,"relativeR":10,"relativeScaleR":1,"isHover":false,"color":"#aec7e8","stroke_color":"#aec7e8","strokeSize":1,"initial_color":"#aec7e8","initial_stroke_color":"#aec7e8","sketchPaths":[],"isFixed":false},{"name":"Myriel","group":"group1","id":0,"type":"female","x":717.2140890482185,"y":284.97683115202796,"sizeLabel":0,"colorLabel":"white","r":10,"width":20,"height":20,"relativeR":10,"relativeScaleR":1,"isHover":false,"color":"#1f77b4","stroke_color":"#1f77b4","strokeSize":1,"initial_color":"#1f77b4","initial_stroke_color":"#1f77b4","sketchPaths":[],"isFixed":false},{"name":"Mme.Magloire","group":"group1","id":3,"type":"female","x":599.79138805116,"y":184.1856474134155,"sizeLabel":0,"colorLabel":"white","r":10,"width":20,"height":20,"relativeR":10,"relativeScaleR":1,"isHover":false,"color":"#1f77b4","stroke_color":"#1f77b4","strokeSize":1,"initial_color":"#1f77b4","initial_stroke_color":"#1f77b4","sketchPaths":[],"isFixed":false},{"name":"Mlle.Baptistine","group":"group1","id":2,"type":"female","x":616.4912900181665,"y":205.93243651809007,"sizeLabel":0,"colorLabel":"white","r":10,"width":20,"height":20,"relativeR":10,"relativeScaleR":1,"isHover":false,"color":"#1f77b4","stroke_color":"#1f77b4","strokeSize":1,"initial_color":"#1f77b4","initial_stroke_color":"#1f77b4","sketchPaths":[],"isFixed":false},{"name":"Marguerite","group":"group3","id":12,"type":"female","x":626.2358949205415,"y":181.97977645493802,"sizeLabel":0,"colorLabel":"white","r":10,"width":20,"height":20,"relativeR":10,"relativeScaleR":1,"isHover":false,"color":"#1f77b4","stroke_color":"#1f77b4","strokeSize":1,"initial_color":"#1f77b4","initial_stroke_color":"#1f77b4","sketchPaths":[],"isFixed":false},{"name":"Mme.deR","group":"group2","id":13,"type":"female","x":574.8634790516332,"y":170.59848572628482,"sizeLabel":0,"colorLabel":"white","r":10,"width":20,"height":20,"relativeR":10,"relativeScaleR":1,"isHover":false,"color":"#1f77b4","stroke_color":"#1f77b4","strokeSize":1,"initial_color":"#1f77b4","initial_stroke_color":"#1f77b4","sketchPaths":[],"isFixed":false},{"name":"Isabeau","group":"group2","id":14,"type":"female","x":597.9579101730516,"y":159.49865192262044,"sizeLabel":0,"colorLabel":"white","r":10,"width":20,"height":20,"relativeR":10,"relativeScaleR":1,"isHover":false,"color":"#1f77b4","stroke_color":"#1f77b4","strokeSize":1,"initial_color":"#1f77b4","initial_stroke_color":"#1f77b4","sketchPaths":[],"isFixed":false},{"name":"Dahlia","group":"group3","id":21,"type":"female","x":429.7806608138285,"y":416.56829299888864,"sizeLabel":0,"colorLabel":"white","r":10,"width":20,"height":20,"relativeR":10,"relativeScaleR":1,"isHover":false,"color":"#1f77b4","stroke_color":"#1f77b4","strokeSize":1,"initial_color":"#1f77b4","initial_stroke_color":"#1f77b4","sketchPaths":[],"isFixed":false},{"name":"Zephine","group":"group3","id":22,"type":"female","x":370.9039273209125,"y":329.0033700586508,"sizeLabel":0,"colorLabel":"white","r":10,"width":20,"height":20,"relativeR":10,"relativeScaleR":1,"isHover":false,"color":"#1f77b4","stroke_color":"#1f77b4","strokeSize":1,"initial_color":"#1f77b4","initial_stroke_color":"#1f77b4","sketchPaths":[],"isFixed":false},{"name":"Fantine","group":"group3","id":23,"type":"female","x":401.27730664240374,"y":336.620206447633,"sizeLabel":0,"colorLabel":"white","r":10,"width":20,"height":20,"relativeR":10,"relativeScaleR":1,"isHover":false,"color":"#1f77b4","stroke_color":"#1f77b4","strokeSize":1,"initial_color":"#1f77b4","initial_stroke_color":"#1f77b4","sketchPaths":[],"isFixed":false},{"name":"Mme.Thenardier","group":"group4","id":24,"type":"female","x":415.2172771178781,"y":305.3345657458898,"sizeLabel":0,"colorLabel":"white","r":10,"width":20,"height":20,"relativeR":10,"relativeScaleR":1,"isHover":false,"color":"#1f77b4","stroke_color":"#1f77b4","strokeSize":1,"initial_color":"#1f77b4","initial_stroke_color":"#1f77b4","sketchPaths":[],"isFixed":false},{"name":"Cosette","group":"group5","id":26,"type":"female","x":464.93157251884696,"y":336.1490400284456,"sizeLabel":0,"colorLabel":"white","r":10,"width":20,"height":20,"relativeR":10,"relativeScaleR":1,"isHover":false,"color":"#1f77b4","stroke_color":"#1f77b4","strokeSize":1,"initial_color":"#1f77b4","initial_stroke_color":"#1f77b4","sketchPaths":[],"isFixed":false},{"name":"Bamatabois","group":"group2","id":29,"type":"female","x":568.5543533105146,"y":406.9850467726348,"sizeLabel":0,"colorLabel":"white","r":10,"width":20,"height":20,"relativeR":10,"relativeScaleR":1,"isHover":false,"color":"#1f77b4","stroke_color":"#1f77b4","strokeSize":1,"initial_color":"#1f77b4","initial_stroke_color":"#1f77b4","sketchPaths":[],"isFixed":false},{"name":"Simplice","group":"group2","id":31,"type":"female","x":490.0286199324214,"y":210.47887429869607,"sizeLabel":0,"colorLabel":"white","r":10,"width":20,"height":20,"relativeR":10,"relativeScaleR":1,"isHover":false,"color":"#1f77b4","stroke_color":"#1f77b4","strokeSize":1,"initial_color":"#1f77b4","initial_stroke_color":"#1f77b4","sketchPaths":[],"isFixed":false},{"name":"Woman1","group":"group2","id":33,"type":"female","x":500.5299759190026,"y":236.62082994949915,"sizeLabel":0,"colorLabel":"white","r":10,"width":20,"height":20,"relativeR":10,"relativeScaleR":1,"isHover":false,"color":"#1f77b4","stroke_color":"#1f77b4","strokeSize":1,"initial_color":"#1f77b4","initial_stroke_color":"#1f77b4","sketchPaths":[],"isFixed":false},{"name":"Eponine","group":"group4","id":41,"type":"female","x":527.8857993257043,"y":325.26699041173947,"sizeLabel":0,"colorLabel":"white","r":10,"width":20,"height":20,"relativeR":10,"relativeScaleR":1,"isHover":false,"color":"#1f77b4","stroke_color":"#1f77b4","strokeSize":1,"initial_color":"#1f77b4","initial_stroke_color":"#1f77b4","sketchPaths":[],"isFixed":false},{"name":"Anzelma","group":"group4","id":42,"type":"female","x":388.4271949493712,"y":286.42520499098,"sizeLabel":0,"colorLabel":"white","r":10,"width":20,"height":20,"relativeR":10,"relativeScaleR":1,"isHover":false,"color":"#1f77b4","stroke_color":"#1f77b4","strokeSize":1,"initial_color":"#1f77b4","initial_stroke_color":"#1f77b4","sketchPaths":[],"isFixed":false},{"name":"Woman2","group":"group5","id":43,"type":"female","x":515.8345147336922,"y":215.85683575249567,"sizeLabel":0,"colorLabel":"white","r":10,"width":20,"height":20,"relativeR":10,"relativeScaleR":1,"isHover":false,"color":"#1f77b4","stroke_color":"#1f77b4","strokeSize":1,"initial_color":"#1f77b4","initial_stroke_color":"#1f77b4","sketchPaths":[],"isFixed":false},{"name":"MotherInnocent","group":0,"id":44,"type":"female","x":488.2848486208902,"y":171.9079776541451,"sizeLabel":0,"colorLabel":"white","r":10,"width":20,"height":20,"relativeR":10,"relativeScaleR":1,"isHover":false,"color":"#1f77b4","stroke_color":"#1f77b4","strokeSize":1,"initial_color":"#1f77b4","initial_stroke_color":"#1f77b4","sketchPaths":[],"isFixed":false},{"name":"Mme.Burgon","group":"group7","id":47,"type":"female","x":670.2211825801579,"y":223.77648968000113,"sizeLabel":0,"colorLabel":"white","r":10,"width":20,"height":20,"relativeR":10,"relativeScaleR":1,"isHover":false,"color":"#1f77b4","stroke_color":"#1f77b4","strokeSize":1,"initial_color":"#1f77b4","initial_stroke_color":"#1f77b4","sketchPaths":[],"isFixed":false},{"name":"Mlle.Gillenormand","group":"group5","id":51,"type":"female","x":559.4932649794368,"y":324.12308939233316,"sizeLabel":0,"colorLabel":"white","r":10,"width":20,"height":20,"relativeR":10,"relativeScaleR":1,"isHover":false,"color":"#1f77b4","stroke_color":"#1f77b4","strokeSize":1,"initial_color":"#1f77b4","initial_stroke_color":"#1f77b4","sketchPaths":[],"isFixed":false},{"name":"Mme.Pontmercy","group":"group5","id":52,"type":"female","x":522.2695656959296,"y":530.6456405012156,"sizeLabel":0,"colorLabel":"white","r":10,"width":20,"height":20,"relativeR":10,"relativeScaleR":1,"isHover":false,"color":"#1f77b4","stroke_color":"#1f77b4","strokeSize":1,"initial_color":"#1f77b4","initial_stroke_color":"#1f77b4","sketchPaths":[],"isFixed":false},{"name":"BaronessT","group":"group5","id":56,"type":"female","x":545.0163273279142,"y":274.36655314774316,"sizeLabel":0,"colorLabel":"white","r":10,"width":20,"height":20,"relativeR":10,"relativeScaleR":1,"isHover":false,"color":"#1f77b4","stroke_color":"#1f77b4","strokeSize":1,"initial_color":"#1f77b4","initial_stroke_color":"#1f77b4","sketchPaths":[],"isFixed":false},{"name":"Feuilly","group":"group8","id":61,"type":"female","x":549.4436115915952,"y":188.65294751783927,"sizeLabel":0,"colorLabel":"white","r":10,"width":20,"height":20,"relativeR":10,"relativeScaleR":1,"isHover":false,"color":"#1f77b4","stroke_color":"#1f77b4","strokeSize":1,"initial_color":"#1f77b4","initial_stroke_color":"#1f77b4","sketchPaths":[],"isFixed":false},{"name":"Bossuet","group":"group8","id":64,"type":"female","x":546.2220454185687,"y":215.38110238602664,"sizeLabel":0,"colorLabel":"white","r":10,"width":20,"height":20,"relativeR":10,"relativeScaleR":1,"isHover":false,"color":"#1f77b4","stroke_color":"#1f77b4","strokeSize":1,"initial_color":"#1f77b4","initial_stroke_color":"#1f77b4","sketchPaths":[],"isFixed":false},{"name":"Joly","group":"group8","id":65,"type":"female","x":576.2200788344004,"y":195.3198625190446,"sizeLabel":0,"colorLabel":"white","r":10,"width":20,"height":20,"relativeR":10,"relativeScaleR":1,"isHover":false,"color":"#1f77b4","stroke_color":"#1f77b4","strokeSize":1,"initial_color":"#1f77b4","initial_stroke_color":"#1f77b4","sketchPaths":[],"isFixed":false},{"name":"Grantaire","group":"group8","id":66,"type":"female","x":482.8845219384281,"y":143.014454343099,"sizeLabel":0,"colorLabel":"white","r":10,"width":20,"height":20,"relativeR":10,"relativeScaleR":1,"isHover":false,"color":"#1f77b4","stroke_color":"#1f77b4","strokeSize":1,"initial_color":"#1f77b4","initial_stroke_color":"#1f77b4","sketchPaths":[],"isFixed":false},{"name":"MotherPlutarch","group":0,"id":67,"type":"female","x":647.1745468745386,"y":320.3266234231813,"sizeLabel":0,"colorLabel":"white","r":10,"width":20,"height":20,"relativeR":10,"relativeScaleR":1,"isHover":false,"color":"#1f77b4","stroke_color":"#1f77b4","strokeSize":1,"initial_color":"#1f77b4","initial_stroke_color":"#1f77b4","sketchPaths":[],"isFixed":false},{"name":"Babet","group":"group4","id":69,"type":"female","x":565.6937410942986,"y":297.3042007606383,"sizeLabel":0,"colorLabel":"white","r":10,"width":20,"height":20,"relativeR":10,"relativeScaleR":1,"isHover":false,"color":"#1f77b4","stroke_color":"#1f77b4","strokeSize":1,"initial_color":"#1f77b4","initial_stroke_color":"#1f77b4","sketchPaths":[],"isFixed":false},{"name":"Toussaint","group":"group5","id":72,"type":"female","x":510.8603304763184,"y":191.40990150989424,"sizeLabel":0,"colorLabel":"white","r":10,"width":20,"height":20,"relativeR":10,"relativeScaleR":1,"isHover":false,"color":"#1f77b4","stroke_color":"#1f77b4","strokeSize":1,"initial_color":"#1f77b4","initial_stroke_color":"#1f77b4","sketchPaths":[],"isFixed":false},{"name":"Mme.Hucheloup","group":"group8","id":76,"type":"female","x":529.2129461089999,"y":238.57311383555856,"sizeLabel":0,"colorLabel":"white","r":10,"width":20,"height":20,"relativeR":10,"relativeScaleR":1,"isHover":false,"color":"#1f77b4","stroke_color":"#1f77b4","strokeSize":1,"initial_color":"#1f77b4","initial_stroke_color":"#1f77b4","sketchPaths":[],"isFixed":false}],"links":[{"source":1,"target":0,"value":1,"id":0,"type":"talking","index":0,"color":"rgba(191, 191, 191, 0.6)","size":70,"sketchWidth":1,"sketchHeight":1,"initial_color":"rgba(191,191,191,0.6)","from":0,"to":35,"curvature":10,"control_point":[]},{"source":5,"target":0,"value":1,"id":5,"type":"talking","index":1,"color":"rgba(191, 191, 191, 0.6)","size":70,"sketchWidth":1,"sketchHeight":1,"initial_color":"rgba(191,191,191,0.6)","from":1,"to":35,"curvature":10,"control_point":[]},{"source":6,"target":0,"value":1,"id":6,"type":"talking","index":2,"color":"rgba(191, 191, 191, 0.6)","size":70,"sketchWidth":1,"sketchHeight":1,"initial_color":"rgba(191,191,191,0.6)","from":2,"to":35,"curvature":10,"control_point":[]},{"source":7,"target":0,"value":1,"id":7,"type":"talking","index":3,"color":"rgba(191, 191, 191, 0.6)","size":70,"sketchWidth":1,"sketchHeight":1,"initial_color":"rgba(191,191,191,0.6)","from":3,"to":35,"curvature":10,"control_point":[]},{"source":8,"target":0,"value":2,"id":8,"type":"talking","index":4,"color":"rgba(191, 191, 191, 0.6)","size":70,"sketchWidth":1,"sketchHeight":1,"initial_color":"rgba(191,191,191,0.6)","from":4,"to":35,"curvature":10,"control_point":[]},{"source":11,"target":3,"value":3,"id":11,"type":"talking","index":5,"color":"rgba(191, 191, 191, 0.6)","size":70,"sketchWidth":1,"sketchHeight":1,"initial_color":"rgba(191,191,191,0.6)","from":5,"to":36,"curvature":10,"control_point":[]},{"source":11,"target":2,"value":3,"id":12,"type":"talking","index":6,"color":"rgba(191, 191, 191, 0.6)","size":70,"sketchWidth":1,"sketchHeight":1,"initial_color":"rgba(191,191,191,0.6)","from":5,"to":37,"curvature":10,"control_point":[]},{"source":11,"target":0,"value":5,"id":13,"type":"talking","index":7,"color":"rgba(191, 191, 191, 0.6)","size":70,"sketchWidth":1,"sketchHeight":1,"initial_color":"rgba(191,191,191,0.6)","from":5,"to":35,"curvature":10,"control_point":[]},{"source":12,"target":11,"value":1,"id":14,"type":"talking","index":8,"color":"rgba(191, 191, 191, 0.6)","size":70,"sketchWidth":1,"sketchHeight":1,"initial_color":"rgba(191,191,191,0.6)","from":38,"to":5,"curvature":10,"control_point":[]},{"source":13,"target":11,"value":1,"id":15,"type":"talking","index":9,"color":"rgba(191, 191, 191, 0.6)","size":70,"sketchWidth":1,"sketchHeight":1,"initial_color":"rgba(191,191,191,0.6)","from":39,"to":5,"curvature":10,"control_point":[]},{"source":14,"target":11,"value":1,"id":16,"type":"talking","index":10,"color":"rgba(191, 191, 191, 0.6)","size":70,"sketchWidth":1,"sketchHeight":1,"initial_color":"rgba(191,191,191,0.6)","from":40,"to":5,"curvature":10,"control_point":[]},{"source":21,"target":16,"value":3,"id":28,"type":"talking","index":11,"color":"rgba(191, 191, 191, 0.6)","size":70,"sketchWidth":1,"sketchHeight":1,"initial_color":"rgba(191,191,191,0.6)","from":41,"to":6,"curvature":10,"control_point":[]},{"source":21,"target":17,"value":3,"id":29,"type":"talking","index":12,"color":"rgba(191, 191, 191, 0.6)","size":70,"sketchWidth":1,"sketchHeight":1,"initial_color":"rgba(191,191,191,0.6)","from":41,"to":7,"curvature":10,"control_point":[]},{"source":21,"target":18,"value":3,"id":30,"type":"talking","index":13,"color":"rgba(191, 191, 191, 0.6)","size":70,"sketchWidth":1,"sketchHeight":1,"initial_color":"rgba(191,191,191,0.6)","from":41,"to":8,"curvature":10,"control_point":[]},{"source":21,"target":19,"value":3,"id":31,"type":"talking","index":14,"color":"rgba(191, 191, 191, 0.6)","size":70,"sketchWidth":1,"sketchHeight":1,"initial_color":"rgba(191,191,191,0.6)","from":41,"to":9,"curvature":10,"control_point":[]},{"source":21,"target":20,"value":5,"id":32,"type":"talking","index":15,"color":"rgba(191, 191, 191, 0.6)","size":70,"sketchWidth":1,"sketchHeight":1,"initial_color":"rgba(191,191,191,0.6)","from":41,"to":10,"curvature":10,"control_point":[]},{"source":22,"target":16,"value":3,"id":33,"type":"talking","index":16,"color":"rgba(191, 191, 191, 0.6)","size":70,"sketchWidth":1,"sketchHeight":1,"initial_color":"rgba(191,191,191,0.6)","from":42,"to":6,"curvature":10,"control_point":[]},{"source":22,"target":17,"value":3,"id":34,"type":"talking","index":17,"color":"rgba(191, 191, 191, 0.6)","size":70,"sketchWidth":1,"sketchHeight":1,"initial_color":"rgba(191,191,191,0.6)","from":42,"to":7,"curvature":10,"control_point":[]},{"source":22,"target":18,"value":3,"id":35,"type":"talking","index":18,"color":"rgba(191, 191, 191, 0.6)","size":70,"sketchWidth":1,"sketchHeight":1,"initial_color":"rgba(191,191,191,0.6)","from":42,"to":8,"curvature":10,"control_point":[]},{"source":22,"target":19,"value":3,"id":36,"type":"talking","index":19,"color":"rgba(191, 191, 191, 0.6)","size":70,"sketchWidth":1,"sketchHeight":1,"initial_color":"rgba(191,191,191,0.6)","from":42,"to":9,"curvature":10,"control_point":[]},{"source":22,"target":20,"value":4,"id":37,"type":"talking","index":20,"color":"rgba(191, 191, 191, 0.6)","size":70,"sketchWidth":1,"sketchHeight":1,"initial_color":"rgba(191,191,191,0.6)","from":42,"to":10,"curvature":10,"control_point":[]},{"source":23,"target":16,"value":3,"id":39,"type":"talking","index":21,"color":"rgba(191, 191, 191, 0.6)","size":70,"sketchWidth":1,"sketchHeight":1,"initial_color":"rgba(191,191,191,0.6)","from":43,"to":6,"curvature":10,"control_point":[]},{"source":23,"target":17,"value":3,"id":40,"type":"talking","index":22,"color":"rgba(191, 191, 191, 0.6)","size":70,"sketchWidth":1,"sketchHeight":1,"initial_color":"rgba(191,191,191,0.6)","from":43,"to":7,"curvature":10,"control_point":[]},{"source":23,"target":18,"value":3,"id":41,"type":"talking","index":23,"color":"rgba(191, 191, 191, 0.6)","size":70,"sketchWidth":1,"sketchHeight":1,"initial_color":"rgba(191,191,191,0.6)","from":43,"to":8,"curvature":10,"control_point":[]},{"source":23,"target":19,"value":3,"id":42,"type":"talking","index":24,"color":"rgba(191, 191, 191, 0.6)","size":70,"sketchWidth":1,"sketchHeight":1,"initial_color":"rgba(191,191,191,0.6)","from":43,"to":9,"curvature":10,"control_point":[]},{"source":23,"target":20,"value":4,"id":43,"type":"talking","index":25,"color":"rgba(191, 191, 191, 0.6)","size":70,"sketchWidth":1,"sketchHeight":1,"initial_color":"rgba(191,191,191,0.6)","from":43,"to":10,"curvature":10,"control_point":[]},{"source":23,"target":11,"value":0,"id":47,"type":"talking","index":26,"color":"rgba(191, 191, 191, 0.6)","size":70,"sketchWidth":1,"sketchHeight":1,"initial_color":"rgba(191,191,191,0.6)","from":43,"to":5,"curvature":10,"control_point":[]},{"source":24,"target":11,"value":7,"id":49,"type":"talking","index":27,"color":"rgba(191, 191, 191, 0.6)","size":70,"sketchWidth":1,"sketchHeight":1,"initial_color":"rgba(191,191,191,0.6)","from":44,"to":5,"curvature":10,"control_point":[]},{"source":25,"target":24,"value":13,"id":50,"type":"talking","index":28,"color":"rgba(191, 191, 191, 0.6)","size":70,"sketchWidth":1,"sketchHeight":1,"initial_color":"rgba(191,191,191,0.6)","from":11,"to":44,"curvature":10,"control_point":[]},{"source":25,"target":23,"value":1,"id":51,"type":"talking","index":29,"color":"rgba(191, 191, 191, 0.6)","size":70,"sketchWidth":1,"sketchHeight":1,"initial_color":"rgba(191,191,191,0.6)","from":11,"to":43,"curvature":10,"control_point":[]},{"source":26,"target":11,"value":31,"id":54,"type":"talking","index":30,"color":"rgba(191, 191, 191, 0.6)","size":70,"sketchWidth":1,"sketchHeight":1,"initial_color":"rgba(191,191,191,0.6)","from":45,"to":5,"curvature":10,"control_point":[]},{"source":26,"target":16,"value":1,"id":55,"type":"talking","index":31,"color":"rgba(191, 191, 191, 0.6)","size":70,"sketchWidth":1,"sketchHeight":1,"initial_color":"rgba(191,191,191,0.6)","from":45,"to":6,"curvature":10,"control_point":[]},{"source":26,"target":25,"value":1,"id":56,"type":"talking","index":32,"color":"rgba(191, 191, 191, 0.6)","size":70,"sketchWidth":1,"sketchHeight":1,"initial_color":"rgba(191,191,191,0.6)","from":45,"to":11,"curvature":10,"control_point":[]},{"source":27,"target":23,"value":5,"id":58,"type":"talking","index":33,"color":"rgba(191, 191, 191, 0.6)","size":70,"sketchWidth":1,"sketchHeight":1,"initial_color":"rgba(191,191,191,0.6)","from":12,"to":43,"curvature":10,"control_point":[]},{"source":27,"target":24,"value":1,"id":60,"type":"talking","index":34,"color":"rgba(191, 191, 191, 0.6)","size":70,"sketchWidth":1,"sketchHeight":1,"initial_color":"rgba(191,191,191,0.6)","from":12,"to":44,"curvature":10,"control_point":[]},{"source":27,"target":26,"value":1,"id":61,"type":"talking","index":35,"color":"rgba(191, 191, 191, 0.6)","size":70,"sketchWidth":1,"sketchHeight":1,"initial_color":"rgba(191,191,191,0.6)","from":12,"to":45,"curvature":10,"control_point":[]},{"source":29,"target":27,"value":1,"id":65,"type":"talking","index":36,"color":"rgba(191, 191, 191, 0.6)","size":70,"sketchWidth":1,"sketchHeight":1,"initial_color":"rgba(191,191,191,0.6)","from":46,"to":12,"curvature":10,"control_point":[]},{"source":29,"target":11,"value":2,"id":66,"type":"talking","index":37,"color":"rgba(191, 191, 191, 0.6)","size":70,"sketchWidth":1,"sketchHeight":1,"initial_color":"rgba(191,191,191,0.6)","from":46,"to":5,"curvature":10,"control_point":[]},{"source":31,"target":11,"value":3,"id":69,"type":"talking","index":38,"color":"rgba(191, 191, 191, 0.6)","size":70,"sketchWidth":1,"sketchHeight":1,"initial_color":"rgba(191,191,191,0.6)","from":47,"to":5,"curvature":10,"control_point":[]},{"source":31,"target":27,"value":1,"id":71,"type":"talking","index":39,"color":"rgba(191, 191, 191, 0.6)","size":70,"sketchWidth":1,"sketchHeight":1,"initial_color":"rgba(191,191,191,0.6)","from":47,"to":12,"curvature":10,"control_point":[]},{"source":33,"target":11,"value":2,"id":73,"type":"talking","index":40,"color":"rgba(191, 191, 191, 0.6)","size":70,"sketchWidth":1,"sketchHeight":1,"initial_color":"rgba(191,191,191,0.6)","from":48,"to":5,"curvature":10,"control_point":[]},{"source":33,"target":27,"value":1,"id":74,"type":"talking","index":41,"color":"rgba(191, 191, 191, 0.6)","size":70,"sketchWidth":1,"sketchHeight":1,"initial_color":"rgba(191,191,191,0.6)","from":48,"to":12,"curvature":10,"control_point":[]},{"source":34,"target":29,"value":2,"id":76,"type":"talking","index":42,"color":"rgba(191, 191, 191, 0.6)","size":70,"sketchWidth":1,"sketchHeight":1,"initial_color":"rgba(191,191,191,0.6)","from":13,"to":46,"curvature":10,"control_point":[]},{"source":35,"target":29,"value":2,"id":79,"type":"talking","index":43,"color":"rgba(191, 191, 191, 0.6)","size":70,"sketchWidth":1,"sketchHeight":1,"initial_color":"rgba(191,191,191,0.6)","from":14,"to":46,"curvature":10,"control_point":[]},{"source":36,"target":29,"value":1,"id":83,"type":"talking","index":44,"color":"rgba(191, 191, 191, 0.6)","size":70,"sketchWidth":1,"sketchHeight":1,"initial_color":"rgba(191,191,191,0.6)","from":15,"to":46,"curvature":10,"control_point":[]},{"source":37,"target":29,"value":1,"id":88,"type":"talking","index":45,"color":"rgba(191, 191, 191, 0.6)","size":70,"sketchWidth":1,"sketchHeight":1,"initial_color":"rgba(191,191,191,0.6)","from":16,"to":46,"curvature":10,"control_point":[]},{"source":38,"target":29,"value":1,"id":94,"type":"talking","index":46,"color":"rgba(191, 191, 191, 0.6)","size":70,"sketchWidth":1,"sketchHeight":1,"initial_color":"rgba(191,191,191,0.6)","from":17,"to":46,"curvature":10,"control_point":[]},{"source":41,"target":25,"value":3,"id":98,"type":"talking","index":47,"color":"rgba(191, 191, 191, 0.6)","size":70,"sketchWidth":1,"sketchHeight":1,"initial_color":"rgba(191,191,191,0.6)","from":49,"to":11,"curvature":10,"control_point":[]},{"source":42,"target":25,"value":2,"id":100,"type":"talking","index":48,"color":"rgba(191, 191, 191, 0.6)","size":70,"sketchWidth":1,"sketchHeight":1,"initial_color":"rgba(191,191,191,0.6)","from":50,"to":11,"curvature":10,"control_point":[]},{"source":43,"target":11,"value":3,"id":102,"type":"talking","index":49,"color":"rgba(191, 191, 191, 0.6)","size":70,"sketchWidth":1,"sketchHeight":1,"initial_color":"rgba(191,191,191,0.6)","from":51,"to":5,"curvature":10,"control_point":[]},{"source":43,"target":27,"value":1,"id":104,"type":"talking","index":50,"color":"rgba(191, 191, 191, 0.6)","size":70,"sketchWidth":1,"sketchHeight":1,"initial_color":"rgba(191,191,191,0.6)","from":51,"to":12,"curvature":10,"control_point":[]},{"source":44,"target":28,"value":3,"id":105,"type":"talking","index":51,"color":"rgba(191, 191, 191, 0.6)","size":70,"sketchWidth":1,"sketchHeight":1,"initial_color":"rgba(191,191,191,0.6)","from":52,"to":18,"curvature":10,"control_point":[]},{"source":44,"target":11,"value":1,"id":106,"type":"talking","index":52,"color":"rgba(191, 191, 191, 0.6)","size":70,"sketchWidth":1,"sketchHeight":1,"initial_color":"rgba(191,191,191,0.6)","from":52,"to":5,"curvature":10,"control_point":[]},{"source":48,"target":47,"value":2,"id":109,"type":"talking","index":53,"color":"rgba(191, 191, 191, 0.6)","size":70,"sketchWidth":1,"sketchHeight":1,"initial_color":"rgba(191,191,191,0.6)","from":19,"to":53,"curvature":10,"control_point":[]},{"source":49,"target":26,"value":3,"id":113,"type":"talking","index":54,"color":"rgba(191, 191, 191, 0.6)","size":70,"sketchWidth":1,"sketchHeight":1,"initial_color":"rgba(191,191,191,0.6)","from":20,"to":45,"curvature":10,"control_point":[]},{"source":50,"target":24,"value":1,"id":116,"type":"talking","index":55,"color":"rgba(191, 191, 191, 0.6)","size":70,"sketchWidth":1,"sketchHeight":1,"initial_color":"rgba(191,191,191,0.6)","from":21,"to":44,"curvature":10,"control_point":[]},{"source":51,"target":49,"value":0,"id":117,"type":"talking","index":56,"color":"rgba(191, 191, 191, 0.6)","size":70,"sketchWidth":1,"sketchHeight":1,"initial_color":"rgba(191,191,191,0.6)","from":54,"to":20,"curvature":10,"control_point":[]},{"source":51,"target":11,"value":2,"id":119,"type":"talking","index":57,"color":"rgba(191, 191, 191, 0.6)","size":70,"sketchWidth":1,"sketchHeight":1,"initial_color":"rgba(191,191,191,0.6)","from":54,"to":5,"curvature":10,"control_point":[]},{"source":52,"target":39,"value":1,"id":121,"type":"talking","index":58,"color":"rgba(191, 191, 191, 0.6)","size":70,"sketchWidth":1,"sketchHeight":1,"initial_color":"rgba(191,191,191,0.6)","from":55,"to":22,"curvature":10,"control_point":[]},{"source":54,"target":51,"value":2,"id":123,"type":"talking","index":59,"color":"rgba(191, 191, 191, 0.6)","size":70,"sketchWidth":1,"sketchHeight":1,"initial_color":"rgba(191,191,191,0.6)","from":23,"to":54,"curvature":10,"control_point":[]},{"source":54,"target":26,"value":1,"id":125,"type":"talking","index":60,"color":"rgba(191, 191, 191, 0.6)","size":70,"sketchWidth":1,"sketchHeight":1,"initial_color":"rgba(191,191,191,0.6)","from":23,"to":45,"curvature":10,"control_point":[]},{"source":55,"target":51,"value":6,"id":126,"type":"talking","index":61,"color":"rgba(191, 191, 191, 0.6)","size":70,"sketchWidth":1,"sketchHeight":1,"initial_color":"rgba(191,191,191,0.6)","from":24,"to":54,"curvature":10,"control_point":[]},{"source":55,"target":26,"value":21,"id":130,"type":"talking","index":62,"color":"rgba(191, 191, 191, 0.6)","size":70,"sketchWidth":1,"sketchHeight":1,"initial_color":"rgba(191,191,191,0.6)","from":24,"to":45,"curvature":10,"control_point":[]},{"source":55,"target":41,"value":5,"id":134,"type":"talking","index":63,"color":"rgba(191, 191, 191, 0.6)","size":70,"sketchWidth":1,"sketchHeight":1,"initial_color":"rgba(191,191,191,0.6)","from":24,"to":49,"curvature":10,"control_point":[]},{"source":56,"target":49,"value":1,"id":136,"type":"talking","index":64,"color":"rgba(191, 191, 191, 0.6)","size":70,"sketchWidth":1,"sketchHeight":1,"initial_color":"rgba(191,191,191,0.6)","from":56,"to":20,"curvature":10,"control_point":[]},{"source":56,"target":55,"value":1,"id":137,"type":"talking","index":65,"color":"rgba(191, 191, 191, 0.6)","size":70,"sketchWidth":1,"sketchHeight":1,"initial_color":"rgba(191,191,191,0.6)","from":56,"to":24,"curvature":10,"control_point":[]},{"source":57,"target":41,"value":1,"id":139,"type":"talking","index":66,"color":"rgba(191, 191, 191, 0.6)","size":70,"sketchWidth":1,"sketchHeight":1,"initial_color":"rgba(191,191,191,0.6)","from":25,"to":49,"curvature":10,"control_point":[]},{"source":61,"target":48,"value":2,"id":153,"type":"talking","index":67,"color":"rgba(191, 191, 191, 0.6)","size":70,"sketchWidth":1,"sketchHeight":1,"initial_color":"rgba(191,191,191,0.6)","from":57,"to":19,"curvature":10,"control_point":[]},{"source":61,"target":58,"value":6,"id":154,"type":"talking","index":68,"color":"rgba(191, 191, 191, 0.6)","size":70,"sketchWidth":1,"sketchHeight":1,"initial_color":"rgba(191,191,191,0.6)","from":57,"to":26,"curvature":10,"control_point":[]},{"source":61,"target":60,"value":2,"id":155,"type":"talking","index":69,"color":"rgba(191, 191, 191, 0.6)","size":70,"sketchWidth":1,"sketchHeight":1,"initial_color":"rgba(191,191,191,0.6)","from":57,"to":27,"curvature":10,"control_point":[]},{"source":61,"target":59,"value":5,"id":156,"type":"talking","index":70,"color":"rgba(191, 191, 191, 0.6)","size":70,"sketchWidth":1,"sketchHeight":1,"initial_color":"rgba(191,191,191,0.6)","from":57,"to":28,"curvature":10,"control_point":[]},{"source":61,"target":57,"value":1,"id":157,"type":"talking","index":71,"color":"rgba(191, 191, 191, 0.6)","size":70,"sketchWidth":1,"sketchHeight":1,"initial_color":"rgba(191,191,191,0.6)","from":57,"to":25,"curvature":10,"control_point":[]},{"source":61,"target":55,"value":1,"id":158,"type":"talking","index":72,"color":"rgba(191, 191, 191, 0.6)","size":70,"sketchWidth":1,"sketchHeight":1,"initial_color":"rgba(191,191,191,0.6)","from":57,"to":24,"curvature":10,"control_point":[]},{"source":62,"target":41,"value":1,"id":164,"type":"talking","index":73,"color":"rgba(191, 191, 191, 0.6)","size":70,"sketchWidth":1,"sketchHeight":1,"initial_color":"rgba(191,191,191,0.6)","from":29,"to":49,"curvature":10,"control_point":[]},{"source":62,"target":61,"value":6,"id":165,"type":"talking","index":74,"color":"rgba(191, 191, 191, 0.6)","size":70,"sketchWidth":1,"sketchHeight":1,"initial_color":"rgba(191,191,191,0.6)","from":29,"to":57,"curvature":10,"control_point":[]},{"source":63,"target":61,"value":3,"id":172,"type":"talking","index":75,"color":"rgba(191, 191, 191, 0.6)","size":70,"sketchWidth":1,"sketchHeight":1,"initial_color":"rgba(191,191,191,0.6)","from":30,"to":57,"curvature":10,"control_point":[]},{"source":64,"target":55,"value":5,"id":175,"type":"talking","index":76,"color":"rgba(191, 191, 191, 0.6)","size":70,"sketchWidth":1,"sketchHeight":1,"initial_color":"rgba(191,191,191,0.6)","from":58,"to":24,"curvature":10,"control_point":[]},{"source":64,"target":62,"value":12,"id":176,"type":"talking","index":77,"color":"rgba(191, 191, 191, 0.6)","size":70,"sketchWidth":1,"sketchHeight":1,"initial_color":"rgba(191,191,191,0.6)","from":58,"to":29,"curvature":10,"control_point":[]},{"source":64,"target":48,"value":5,"id":177,"type":"talking","index":78,"color":"rgba(191, 191, 191, 0.6)","size":70,"sketchWidth":1,"sketchHeight":1,"initial_color":"rgba(191,191,191,0.6)","from":58,"to":19,"curvature":10,"control_point":[]},{"source":64,"target":63,"value":4,"id":178,"type":"talking","index":79,"color":"rgba(191, 191, 191, 0.6)","size":70,"sketchWidth":1,"sketchHeight":1,"initial_color":"rgba(191,191,191,0.6)","from":58,"to":30,"curvature":10,"control_point":[]},{"source":64,"target":58,"value":10,"id":179,"type":"talking","index":80,"color":"rgba(191, 191, 191, 0.6)","size":70,"sketchWidth":1,"sketchHeight":1,"initial_color":"rgba(191,191,191,0.6)","from":58,"to":26,"curvature":10,"control_point":[]},{"source":64,"target":60,"value":2,"id":181,"type":"talking","index":81,"color":"rgba(191, 191, 191, 0.6)","size":70,"sketchWidth":1,"sketchHeight":1,"initial_color":"rgba(191,191,191,0.6)","from":58,"to":27,"curvature":10,"control_point":[]},{"source":64,"target":59,"value":0,"id":182,"type":"talking","index":82,"color":"rgba(191, 191, 191, 0.6)","size":70,"sketchWidth":1,"sketchHeight":1,"initial_color":"rgba(191,191,191,0.6)","from":58,"to":28,"curvature":10,"control_point":[]},{"source":64,"target":57,"value":1,"id":183,"type":"talking","index":83,"color":"rgba(191, 191, 191, 0.6)","size":70,"sketchWidth":1,"sketchHeight":1,"initial_color":"rgba(191,191,191,0.6)","from":58,"to":25,"curvature":10,"control_point":[]},{"source":64,"target":11,"value":1,"id":184,"type":"talking","index":84,"color":"rgba(191, 191, 191, 0.6)","size":70,"sketchWidth":1,"sketchHeight":1,"initial_color":"rgba(191,191,191,0.6)","from":58,"to":5,"curvature":10,"control_point":[]},{"source":65,"target":63,"value":5,"id":185,"type":"talking","index":85,"color":"rgba(191, 191, 191, 0.6)","size":70,"sketchWidth":1,"sketchHeight":1,"initial_color":"rgba(191,191,191,0.6)","from":59,"to":30,"curvature":10,"control_point":[]},{"source":65,"target":48,"value":3,"id":187,"type":"talking","index":86,"color":"rgba(191, 191, 191, 0.6)","size":70,"sketchWidth":1,"sketchHeight":1,"initial_color":"rgba(191,191,191,0.6)","from":59,"to":19,"curvature":10,"control_point":[]},{"source":65,"target":62,"value":5,"id":188,"type":"talking","index":87,"color":"rgba(191, 191, 191, 0.6)","size":70,"sketchWidth":1,"sketchHeight":1,"initial_color":"rgba(191,191,191,0.6)","from":59,"to":29,"curvature":10,"control_point":[]},{"source":65,"target":58,"value":5,"id":189,"type":"talking","index":88,"color":"rgba(191, 191, 191, 0.6)","size":70,"sketchWidth":1,"sketchHeight":1,"initial_color":"rgba(191,191,191,0.6)","from":59,"to":26,"curvature":10,"control_point":[]},{"source":65,"target":60,"value":2,"id":191,"type":"talking","index":89,"color":"rgba(191, 191, 191, 0.6)","size":70,"sketchWidth":1,"sketchHeight":1,"initial_color":"rgba(191,191,191,0.6)","from":59,"to":27,"curvature":10,"control_point":[]},{"source":65,"target":59,"value":5,"id":192,"type":"talking","index":90,"color":"rgba(191, 191, 191, 0.6)","size":70,"sketchWidth":1,"sketchHeight":1,"initial_color":"rgba(191,191,191,0.6)","from":59,"to":28,"curvature":10,"control_point":[]},{"source":65,"target":57,"value":1,"id":193,"type":"talking","index":91,"color":"rgba(191, 191, 191, 0.6)","size":70,"sketchWidth":1,"sketchHeight":1,"initial_color":"rgba(191,191,191,0.6)","from":59,"to":25,"curvature":10,"control_point":[]},{"source":65,"target":55,"value":2,"id":194,"type":"talking","index":92,"color":"rgba(191, 191, 191, 0.6)","size":70,"sketchWidth":1,"sketchHeight":1,"initial_color":"rgba(191,191,191,0.6)","from":59,"to":24,"curvature":10,"control_point":[]},{"source":66,"target":58,"value":3,"id":196,"type":"talking","index":93,"color":"rgba(191, 191, 191, 0.6)","size":70,"sketchWidth":1,"sketchHeight":1,"initial_color":"rgba(191,191,191,0.6)","from":60,"to":26,"curvature":10,"control_point":[]},{"source":66,"target":59,"value":1,"id":197,"type":"talking","index":94,"color":"rgba(191, 191, 191, 0.6)","size":70,"sketchWidth":1,"sketchHeight":1,"initial_color":"rgba(191,191,191,0.6)","from":60,"to":28,"curvature":10,"control_point":[]},{"source":66,"target":62,"value":2,"id":198,"type":"talking","index":95,"color":"rgba(191, 191, 191, 0.6)","size":70,"sketchWidth":1,"sketchHeight":1,"initial_color":"rgba(191,191,191,0.6)","from":60,"to":29,"curvature":10,"control_point":[]},{"source":66,"target":48,"value":1,"id":200,"type":"talking","index":96,"color":"rgba(191, 191, 191, 0.6)","size":70,"sketchWidth":1,"sketchHeight":1,"initial_color":"rgba(191,191,191,0.6)","from":60,"to":19,"curvature":10,"control_point":[]},{"source":66,"target":63,"value":1,"id":201,"type":"talking","index":97,"color":"rgba(191, 191, 191, 0.6)","size":70,"sketchWidth":1,"sketchHeight":1,"initial_color":"rgba(191,191,191,0.6)","from":60,"to":30,"curvature":10,"control_point":[]},{"source":66,"target":60,"value":1,"id":203,"type":"talking","index":98,"color":"rgba(191, 191, 191, 0.6)","size":70,"sketchWidth":1,"sketchHeight":1,"initial_color":"rgba(191,191,191,0.6)","from":60,"to":27,"curvature":10,"control_point":[]},{"source":67,"target":57,"value":3,"id":204,"type":"talking","index":99,"color":"rgba(191, 191, 191, 0.6)","size":70,"sketchWidth":1,"sketchHeight":1,"initial_color":"rgba(191,191,191,0.6)","from":61,"to":25,"curvature":10,"control_point":[]},{"source":68,"target":24,"value":1,"id":207,"type":"talking","index":100,"color":"rgba(191, 191, 191, 0.6)","size":70,"sketchWidth":1,"sketchHeight":1,"initial_color":"rgba(191,191,191,0.6)","from":31,"to":44,"curvature":10,"control_point":[]},{"source":68,"target":41,"value":1,"id":210,"type":"talking","index":101,"color":"rgba(191, 191, 191, 0.6)","size":70,"sketchWidth":1,"sketchHeight":1,"initial_color":"rgba(191,191,191,0.6)","from":31,"to":49,"curvature":10,"control_point":[]},{"source":69,"target":25,"value":6,"id":211,"type":"talking","index":102,"color":"rgba(191, 191, 191, 0.6)","size":70,"sketchWidth":1,"sketchHeight":1,"initial_color":"rgba(191,191,191,0.6)","from":62,"to":11,"curvature":10,"control_point":[]},{"source":69,"target":68,"value":6,"id":212,"type":"talking","index":103,"color":"rgba(191, 191, 191, 0.6)","size":70,"sketchWidth":1,"sketchHeight":1,"initial_color":"rgba(191,191,191,0.6)","from":62,"to":31,"curvature":10,"control_point":[]},{"source":69,"target":11,"value":1,"id":213,"type":"talking","index":104,"color":"rgba(191, 191, 191, 0.6)","size":70,"sketchWidth":1,"sketchHeight":1,"initial_color":"rgba(191,191,191,0.6)","from":62,"to":5,"curvature":10,"control_point":[]},{"source":69,"target":27,"value":2,"id":215,"type":"talking","index":105,"color":"rgba(191, 191, 191, 0.6)","size":70,"sketchWidth":1,"sketchHeight":1,"initial_color":"rgba(191,191,191,0.6)","from":62,"to":12,"curvature":10,"control_point":[]},{"source":69,"target":48,"value":1,"id":216,"type":"talking","index":106,"color":"rgba(191, 191, 191, 0.6)","size":70,"sketchWidth":1,"sketchHeight":1,"initial_color":"rgba(191,191,191,0.6)","from":62,"to":19,"curvature":10,"control_point":[]},{"source":70,"target":69,"value":4,"id":219,"type":"talking","index":107,"color":"rgba(191, 191, 191, 0.6)","size":70,"sketchWidth":1,"sketchHeight":1,"initial_color":"rgba(191,191,191,0.6)","from":32,"to":62,"curvature":10,"control_point":[]},{"source":70,"target":24,"value":1,"id":222,"type":"talking","index":108,"color":"rgba(191, 191, 191, 0.6)","size":70,"sketchWidth":1,"sketchHeight":1,"initial_color":"rgba(191,191,191,0.6)","from":32,"to":44,"curvature":10,"control_point":[]},{"source":70,"target":41,"value":1,"id":224,"type":"talking","index":109,"color":"rgba(191, 191, 191, 0.6)","size":70,"sketchWidth":1,"sketchHeight":1,"initial_color":"rgba(191,191,191,0.6)","from":32,"to":49,"curvature":10,"control_point":[]},{"source":71,"target":69,"value":2,"id":227,"type":"talking","index":110,"color":"rgba(191, 191, 191, 0.6)","size":70,"sketchWidth":1,"sketchHeight":1,"initial_color":"rgba(191,191,191,0.6)","from":33,"to":62,"curvature":10,"control_point":[]},{"source":71,"target":41,"value":1,"id":232,"type":"talking","index":111,"color":"rgba(191, 191, 191, 0.6)","size":70,"sketchWidth":1,"sketchHeight":1,"initial_color":"rgba(191,191,191,0.6)","from":33,"to":49,"curvature":10,"control_point":[]},{"source":72,"target":27,"value":1,"id":235,"type":"talking","index":112,"color":"rgba(191, 191, 191, 0.6)","size":70,"sketchWidth":1,"sketchHeight":1,"initial_color":"rgba(191,191,191,0.6)","from":63,"to":12,"curvature":10,"control_point":[]},{"source":72,"target":11,"value":1,"id":236,"type":"talking","index":113,"color":"rgba(191, 191, 191, 0.6)","size":70,"sketchWidth":1,"sketchHeight":1,"initial_color":"rgba(191,191,191,0.6)","from":63,"to":5,"curvature":10,"control_point":[]},{"source":75,"target":69,"value":3,"id":240,"type":"talking","index":114,"color":"rgba(191, 191, 191, 0.6)","size":70,"sketchWidth":1,"sketchHeight":1,"initial_color":"rgba(191,191,191,0.6)","from":34,"to":62,"curvature":10,"control_point":[]},{"source":75,"target":41,"value":1,"id":244,"type":"talking","index":115,"color":"rgba(191, 191, 191, 0.6)","size":70,"sketchWidth":1,"sketchHeight":1,"initial_color":"rgba(191,191,191,0.6)","from":34,"to":49,"curvature":10,"control_point":[]},{"source":76,"target":63,"value":1,"id":250,"type":"talking","index":116,"color":"rgba(191, 191, 191, 0.6)","size":70,"sketchWidth":1,"sketchHeight":1,"initial_color":"rgba(191,191,191,0.6)","from":64,"to":30,"curvature":10,"control_point":[]},{"source":76,"target":62,"value":1,"id":251,"type":"talking","index":117,"color":"rgba(191, 191, 191, 0.6)","size":70,"sketchWidth":1,"sketchHeight":1,"initial_color":"rgba(191,191,191,0.6)","from":64,"to":29,"curvature":10,"control_point":[]},{"source":76,"target":48,"value":1,"id":252,"type":"talking","index":118,"color":"rgba(191, 191, 191, 0.6)","size":70,"sketchWidth":1,"sketchHeight":1,"initial_color":"rgba(191,191,191,0.6)","from":64,"to":19,"curvature":10,"control_point":[]},{"source":76,"target":58,"value":1,"id":253,"type":"talking","index":119,"color":"rgba(191, 191, 191, 0.6)","size":70,"sketchWidth":1,"sketchHeight":1,"initial_color":"rgba(191,191,191,0.6)","from":64,"to":26,"curvature":10,"control_point":[]}],"images":[],"freeDrawing":[]}