{"nodes":[{"name":"Napoleon","group":"group1","id":1,"type":"male","x":775.13462926447,"y":291.2769781122332,"sizeLabel":0,"colorLabel":"white","r":10,"width":20,"height":20,"relativeR":10,"relativeScaleR":1,"isHover":false,"color":"#aec7e8","stroke_color":"#aec7e8","strokeSize":1,"initial_color":"#aec7e8","initial_stroke_color":"#aec7e8","sketchPaths":[],"isFixed":false},{"name":"Geborand","group":"group1","id":5,"type":"male","x":799.838797700974,"y":240.00990345782785,"sizeLabel":0,"colorLabel":"white","r":10,"width":20,"height":20,"relativeR":10,"relativeScaleR":1,"isHover":false,"color":"#aec7e8","stroke_color":"#aec7e8","strokeSize":1,"initial_color":"#aec7e8","initial_stroke_color":"#aec7e8","sketchPaths":[],"isFixed":false},{"name":"Champtercier","group":"group1","id":6,"type":"male","x":791.1477684970794,"y":267.3325318249936,"sizeLabel":0,"colorLabel":"white","r":10,"width":20,"height":20,"relativeR":10,"relativeScaleR":1,"isHover":false,"color":"#aec7e8","stroke_color":"#aec7e8","strokeSize":1,"initial_color":"#aec7e8","initial_stroke_color":"#aec7e8","sketchPaths":[],"isFixed":false},{"name":"Cravatte","group":"group1","id":7,"type":"male","x":802.1099000156919,"y":289.9064712889009,"sizeLabel":0,"colorLabel":"white","r":10,"width":20,"height":20,"relativeR":10,"relativeScaleR":1,"isHover":false,"color":"#aec7e8","stroke_color":"#aec7e8","strokeSize":1,"initial_color":"#aec7e8","initial_stroke_color":"#aec7e8","sketchPaths":[],"isFixed":false},{"name":"Count","group":"group1","id":8,"type":"male","x":815.2667950187915,"y":262.7435184238785,"sizeLabel":0,"colorLabel":"white","r":10,"width":20,"height":20,"relativeR":10,"relativeScaleR":1,"isHover":false,"color":"#aec7e8","stroke_color":"#aec7e8","strokeSize":1,"initial_color":"#aec7e8","initial_stroke_color":"#aec7e8","sketchPaths":[],"isFixed":false},{"name":"Valjean","group":"group2","id":11,"type":"male","x":537.8785049129061,"y":256.3519775497717,"sizeLabel":0,"colorLabel":"white","r":10,"width":20,"height":20,"relativeR":10,"relativeScaleR":1,"isHover":false,"color":"#aec7e8","stroke_color":"#aec7e8","strokeSize":1,"initial_color":"#aec7e8","initial_stroke_color":"#aec7e8","sketchPaths":[],"isFixed":false},{"name":"Tholomyes","group":"group3","id":16,"type":"male","x":353.38226811807317,"y":402.40255120048363,"sizeLabel":0,"colorLabel":"white","r":10,"width":20,"height":20,"relativeR":10,"relativeScaleR":1,"isHover":false,"color":"#aec7e8","stroke_color":"#aec7e8","strokeSize":1,"initial_color":"#aec7e8","initial_stroke_color":"#aec7e8","sketchPaths":[],"isFixed":false},{"name":"Listolier","group":"group3","id":17,"type":"male","x":314.67617031316803,"y":396.5621110392406,"sizeLabel":0,"colorLabel":"white","r":10,"width":20,"height":20,"relativeR":10,"relativeScaleR":1,"isHover":false,"color":"#aec7e8","stroke_color":"#aec7e8","strokeSize":1,"initial_color":"#aec7e8","initial_stroke_color":"#aec7e8","sketchPaths":[],"isFixed":false},{"name":"Fameuil","group":"group3","id":18,"type":"male","x":279.4918617515096,"y":409.11433197299164,"sizeLabel":0,"colorLabel":"white","r":10,"width":20,"height":20,"relativeR":10,"relativeScaleR":1,"isHover":false,"color":"#aec7e8","stroke_color":"#aec7e8","strokeSize":1,"initial_color":"#aec7e8","initial_stroke_color":"#aec7e8","sketchPaths":[],"isFixed":false},{"name":"Blacheville","group":"group3","id":19,"type":"male","x":301.44749457454884,"y":420.77298111862683,"sizeLabel":0,"colorLabel":"white","r":10,"width":20,"height":20,"relativeR":10,"relativeScaleR":1,"isHover":false,"color":"#aec7e8","stroke_color":"#aec7e8","strokeSize":1,"initial_color":"#aec7e8","initial_stroke_color":"#aec7e8","sketchPaths":[],"isFixed":false},{"name":"Favourite","group":"group3","id":20,"type":"male","x":329.11583691345146,"y":419.43178456719977,"sizeLabel":0,"colorLabel":"white","r":10,"width":20,"height":20,"relativeR":10,"relativeScaleR":1,"isHover":false,"color":"#aec7e8","stroke_color":"#aec7e8","strokeSize":1,"initial_color":"#aec7e8","initial_stroke_color":"#aec7e8","sketchPaths":[],"isFixed":false},{"name":"Thenardier","group":"group4","id":25,"type":"male","x":421.81473860954634,"y":342.396200678154,"sizeLabel":0,"colorLabel":"white","r":10,"width":20,"height":20,"relativeR":10,"relativeScaleR":1,"isHover":false,"color":"#aec7e8","stroke_color":"#aec7e8","strokeSize":1,"initial_color":"#aec7e8","initial_stroke_color":"#aec7e8","sketchPaths":[],"isFixed":false},{"name":"Javert","group":"group4","id":27,"type":"male","x":430.05165871384025,"y":281.69152424688866,"sizeLabel":0,"colorLabel":"white","r":10,"width":20,"height":20,"relativeR":10,"relativeScaleR":1,"isHover":false,"color":"#aec7e8","stroke_color":"#aec7e8","strokeSize":1,"initial_color":"#aec7e8","initial_stroke_color":"#aec7e8","sketchPaths":[],"isFixed":false},{"name":"Judge","group":"group2","id":34,"type":"male","x":569.4330816569965,"y":452.4702790538019,"sizeLabel":0,"colorLabel":"white","r":10,"width":20,"height":20,"relativeR":10,"relativeScaleR":1,"isHover":false,"color":"#aec7e8","stroke_color":"#aec7e8","strokeSize":1,"initial_color":"#aec7e8","initial_stroke_color":"#aec7e8","sketchPaths":[],"isFixed":false},{"name":"Champmathieu","group":"group2","id":35,"type":"male","x":571.8716173787446,"y":478.87797640376164,"sizeLabel":0,"colorLabel":"white","r":10,"width":20,"height":20,"relativeR":10,"relativeScaleR":1,"isHover":false,"color":"#aec7e8","stroke_color":"#aec7e8","strokeSize":1,"initial_color":"#aec7e8","initial_stroke_color":"#aec7e8","sketchPaths":[],"isFixed":false},{"name":"Brevet","group":"group2","id":36,"type":"male","x":548.9383391481226,"y":471.26495438039626,"sizeLabel":0,"colorLabel":"white","r":10,"width":20,"height":20,"relativeR":10,"relativeScaleR":1,"isHover":false,"color":"#aec7e8","stroke_color":"#aec7e8","strokeSize":1,"initial_color":"#aec7e8","initial_stroke_color":"#aec7e8","sketchPaths":[],"isFixed":false},{"name":"Chenildieu","group":"group2","id":37,"type":"male","x":592.2969940156097,"y":465.7253016054759,"sizeLabel":0,"colorLabel":"white","r":10,"width":20,"height":20,"relativeR":10,"relativeScaleR":1,"isHover":false,"color":"#aec7e8","stroke_color":"#aec7e8","strokeSize":1,"initial_color":"#aec7e8","initial_stroke_color":"#aec7e8","sketchPaths":[],"isFixed":false},{"name":"Cochepaille","group":"group2","id":38,"type":"male","x":593.4536359905067,"y":439.77470761840374,"sizeLabel":0,"colorLabel":"white","r":10,"width":20,"height":20,"relativeR":10,"relativeScaleR":1,"isHover":false,"color":"#aec7e8","stroke_color":"#aec7e8","strokeSize":1,"initial_color":"#aec7e8","initial_stroke_color":"#aec7e8","sketchPaths":[],"isFixed":false},{"name":"Fauchelevent","group":0,"id":28,"type":"male","x":454.2657989260872,"y":122.64705347681533,"sizeLabel":0,"colorLabel":"white","r":10,"width":20,"height":20,"relativeR":10,"relativeScaleR":1,"isHover":false,"color":"#aec7e8","stroke_color":"#aec7e8","strokeSize":1,"initial_color":"#aec7e8","initial_stroke_color":"#aec7e8","sketchPaths":[],"isFixed":false},{"name":"Gavroche","group":"group8","id":48,"type":"male","x":597.3963559119939,"y":147.32806454840366,"sizeLabel":0,"colorLabel":"white","r":10,"width":20,"height":20,"relativeR":10,"relativeScaleR":1,"isHover":false,"color":"#aec7e8","stroke_color":"#aec7e8","strokeSize":1,"initial_color":"#aec7e8","initial_stroke_color":"#aec7e8","sketchPaths":[],"isFixed":false},{"name":"Gillenormand","group":"group5","id":49,"type":"male","x":514.255140438746,"y":348.3129647597703,"sizeLabel":0,"colorLabel":"white","r":10,"width":20,"height":20,"relativeR":10,"relativeScaleR":1,"isHover":false,"color":"#aec7e8","stroke_color":"#aec7e8","strokeSize":1,"initial_color":"#aec7e8","initial_stroke_color":"#aec7e8","sketchPaths":[],"isFixed":false},{"name":"Magnon","group":"group5","id":50,"type":"male","x":361.7326701758608,"y":316.49662397175007,"sizeLabel":0,"colorLabel":"white","r":10,"width":20,"height":20,"relativeR":10,"relativeScaleR":1,"isHover":false,"color":"#aec7e8","stroke_color":"#aec7e8","strokeSize":1,"initial_color":"#aec7e8","initial_stroke_color":"#aec7e8","sketchPaths":[],"isFixed":false},{"name":"Pontmercy","group":"group4","id":39,"type":"male","x":514.4800562261368,"y":542.5493740511546,"sizeLabel":0,"colorLabel":"white","r":10,"width":20,"height":20,"relativeR":10,"relativeScaleR":1,"isHover":false,"color":"#aec7e8","stroke_color":"#aec7e8","strokeSize":1,"initial_color":"#aec7e8","initial_stroke_color":"#aec7e8","sketchPaths":[],"isFixed":false},{"name":"Lt.Gillenormand","group":"group5","id":54,"type":"male","x":473.6497745801508,"y":389.69372900736556,"sizeLabel":0,"colorLabel":"white","r":10,"width":20,"height":20,"relativeR":10,"relativeScaleR":1,"isHover":false,"color":"#aec7e8","stroke_color":"#aec7e8","strokeSize":1,"initial_color":"#aec7e8","initial_stroke_color":"#aec7e8","sketchPaths":[],"isFixed":false},{"name":"Marius","group":"group8","id":55,"type":"male","x":557.8187804004626,"y":233.68995256102352,"sizeLabel":0,"colorLabel":"white","r":10,"width":20,"height":20,"relativeR":10,"relativeScaleR":1,"isHover":false,"color":"#aec7e8","stroke_color":"#aec7e8","strokeSize":1,"initial_color":"#aec7e8","initial_stroke_color":"#aec7e8","sketchPaths":[],"isFixed":false},{"name":"Mabeuf","group":"group8","id":57,"type":"male","x":601.8498255658776,"y":178.73453042590717,"sizeLabel":0,"colorLabel":"white","r":10,"width":20,"height":20,"relativeR":10,"relativeScaleR":1,"isHover":false,"color":"#aec7e8","stroke_color":"#aec7e8","strokeSize":1,"initial_color":"#aec7e8","initial_stroke_color":"#aec7e8","sketchPaths":[],"isFixed":false},{"name":"Enjolras","group":"group8","id":58,"type":"male","x":540.3667083254404,"y":70.73248893866895,"sizeLabel":0,"colorLabel":"white","r":10,"width":20,"height":20,"relativeR":10,"relativeScaleR":1,"isHover":false,"color":"#aec7e8","stroke_color":"#aec7e8","strokeSize":1,"initial_color":"#aec7e8","initial_stroke_color":"#aec7e8","sketchPaths":[],"isFixed":false},{"name":"Prouvaire","group":"group8","id":60,"type":"male","x":545.8188596373914,"y":44.66056128219095,"sizeLabel":0,"colorLabel":"white","r":10,"width":20,"height":20,"relativeR":10,"relativeScaleR":1,"isHover":false,"color":"#aec7e8","stroke_color":"#aec7e8","strokeSize":1,"initial_color":"#aec7e8","initial_stroke_color":"#aec7e8","sketchPaths":[],"isFixed":false},{"name":"Combeferre","group":"group8","id":59,"type":"male","x":570.4457986640093,"y":54.51212636456374,"sizeLabel":0,"colorLabel":"white","r":10,"width":20,"height":20,"relativeR":10,"relativeScaleR":1,"isHover":false,"color":"#aec7e8","stroke_color":"#aec7e8","strokeSize":1,"initial_color":"#aec7e8","initial_stroke_color":"#aec7e8","sketchPaths":[],"isFixed":false},{"name":"Courfeyrac","group":"group8","id":62,"type":"male","x":497.8762990575444,"y":123.90760481608808,"sizeLabel":0,"colorLabel":"white","r":10,"width":20,"height":20,"relativeR":10,"relativeScaleR":1,"isHover":false,"color":"#aec7e8","stroke_color":"#aec7e8","strokeSize":1,"initial_color":"#aec7e8","initial_stroke_color":"#aec7e8","sketchPaths":[],"isFixed":false},{"name":"Bahorel","group":"group8","id":63,"type":"male","x":523.825524995094,"y":121.01764062162613,"sizeLabel":0,"colorLabel":"white","r":10,"width":20,"height":20,"relativeR":10,"relativeScaleR":1,"isHover":false,"color":"#aec7e8","stroke_color":"#aec7e8","strokeSize":1,"initial_color":"#aec7e8","initial_stroke_color":"#aec7e8","sketchPaths":[],"isFixed":false},{"name":"Gueulemer","group":"group4","id":68,"type":"male","x":473.3589618293622,"y":314.996307193109,"sizeLabel":0,"colorLabel":"white","r":10,"width":20,"height":20,"relativeR":10,"relativeScaleR":1,"isHover":false,"color":"#aec7e8","stroke_color":"#aec7e8","strokeSize":1,"initial_color":"#aec7e8","initial_stroke_color":"#aec7e8","sketchPaths":[],"isFixed":false},{"name":"Claquesous","group":"group4","id":70,"type":"male","x":472.23705388896315,"y":342.8147215399685,"sizeLabel":0,"colorLabel":"white","r":10,"width":20,"height":20,"relativeR":10,"relativeScaleR":1,"isHover":false,"color":"#aec7e8","stroke_color":"#aec7e8","strokeSize":1,"initial_color":"#aec7e8","initial_stroke_color":"#aec7e8","sketchPaths":[],"isFixed":false},{"name":"Montparnasse","group":"group4","id":71,"type":"male","x":560.9844052937613,"y":319.71627775044016,"sizeLabel":0,"colorLabel":"white","r":10,"width":20,"height":20,"relativeR":10,"relativeScaleR":1,"isHover":false,"color":"#aec7e8","stroke_color":"#aec7e8","strokeSize":1,"initial_color":"#aec7e8","initial_stroke_color":"#aec7e8","sketchPaths":[],"isFixed":false},{"name":"Brujon","group":"group4","id":75,"type":"male","x":544.0416041682993,"y":340.38172284951474,"sizeLabel":0,"colorLabel":"white","r":10,"width":20,"height":20,"relativeR":10,"relativeScaleR":1,"isHover":false,"color":"#aec7e8","stroke_color":"#aec7e8","strokeSize":1,"initial_color":"#aec7e8","initial_stroke_color":"#aec7e8","sketchPaths":[],"isFixed":false},{"name":"Myriel","group":"group1","id":0,"type":"female","x":759.7727960021786,"y":256.48515953032415,"sizeLabel":0,"colorLabel":"white","r":10,"width":20,"height":20,"relativeR":10,"relativeScaleR":1,"isHover":false,"color":"#1f77b4","stroke_color":"#1f77b4","strokeSize":1,"initial_color":"#1f77b4","initial_stroke_color":"#1f77b4","sketchPaths":[],"isFixed":false},{"name":"Mme.Magloire","group":"group1","id":3,"type":"female","x":675.5786912853573,"y":220.3333400881601,"sizeLabel":0,"colorLabel":"white","r":10,"width":20,"height":20,"relativeR":10,"relativeScaleR":1,"isHover":false,"color":"#1f77b4","stroke_color":"#1f77b4","strokeSize":1,"initial_color":"#1f77b4","initial_stroke_color":"#1f77b4","sketchPaths":[],"isFixed":false},{"name":"Mlle.Baptistine","group":"group1","id":2,"type":"female","x":680.6094544722752,"y":247.1683703571721,"sizeLabel":0,"colorLabel":"white","r":10,"width":20,"height":20,"relativeR":10,"relativeScaleR":1,"isHover":false,"color":"#1f77b4","stroke_color":"#1f77b4","strokeSize":1,"initial_color":"#1f77b4","initial_stroke_color":"#1f77b4","sketchPaths":[],"isFixed":false},{"name":"Marguerite","group":"group3","id":12,"type":"female","x":446.7269978301841,"y":302.0343749554042,"sizeLabel":0,"colorLabel":"white","r":10,"width":20,"height":20,"relativeR":10,"relativeScaleR":1,"isHover":false,"color":"#1f77b4","stroke_color":"#1f77b4","strokeSize":1,"initial_color":"#1f77b4","initial_stroke_color":"#1f77b4","sketchPaths":[],"isFixed":false},{"name":"Mme.deR","group":"group2","id":13,"type":"female","x":559.9715191397374,"y":209.82471944257952,"sizeLabel":0,"colorLabel":"white","r":10,"width":20,"height":20,"relativeR":10,"relativeScaleR":1,"isHover":false,"color":"#1f77b4","stroke_color":"#1f77b4","strokeSize":1,"initial_color":"#1f77b4","initial_stroke_color":"#1f77b4","sketchPaths":[],"isFixed":false},{"name":"Isabeau","group":"group2","id":14,"type":"female","x":582.9358738131178,"y":224.34948252903493,"sizeLabel":0,"colorLabel":"white","r":10,"width":20,"height":20,"relativeR":10,"relativeScaleR":1,"isHover":false,"color":"#1f77b4","stroke_color":"#1f77b4","strokeSize":1,"initial_color":"#1f77b4","initial_stroke_color":"#1f77b4","sketchPaths":[],"isFixed":false},{"name":"Dahlia","group":"group3","id":21,"type":"female","x":313.87426775285525,"y":447.78902211947775,"sizeLabel":0,"colorLabel":"white","r":10,"width":20,"height":20,"relativeR":10,"relativeScaleR":1,"isHover":false,"color":"#1f77b4","stroke_color":"#1f77b4","strokeSize":1,"initial_color":"#1f77b4","initial_stroke_color":"#1f77b4","sketchPaths":[],"isFixed":false},{"name":"Zephine","group":"group3","id":22,"type":"female","x":289.0856903154802,"y":384.75438095172325,"sizeLabel":0,"colorLabel":"white","r":10,"width":20,"height":20,"relativeR":10,"relativeScaleR":1,"isHover":false,"color":"#1f77b4","stroke_color":"#1f77b4","strokeSize":1,"initial_color":"#1f77b4","initial_stroke_color":"#1f77b4","sketchPaths":[],"isFixed":false},{"name":"Fantine","group":"group3","id":23,"type":"female","x":362.9800520631566,"y":358.13960949624,"sizeLabel":0,"colorLabel":"white","r":10,"width":20,"height":20,"relativeR":10,"relativeScaleR":1,"isHover":false,"color":"#1f77b4","stroke_color":"#1f77b4","strokeSize":1,"initial_color":"#1f77b4","initial_stroke_color":"#1f77b4","sketchPaths":[],"isFixed":false},{"name":"Mme.Thenardier","group":"group4","id":24,"type":"female","x":411.2255325809472,"y":317.3742908882312,"sizeLabel":0,"colorLabel":"white","r":10,"width":20,"height":20,"relativeR":10,"relativeScaleR":1,"isHover":false,"color":"#1f77b4","stroke_color":"#1f77b4","strokeSize":1,"initial_color":"#1f77b4","initial_stroke_color":"#1f77b4","sketchPaths":[],"isFixed":false},{"name":"Cosette","group":"group5","id":26,"type":"female","x":449.65918326750256,"y":329.62952986020156,"sizeLabel":0,"colorLabel":"white","r":10,"width":20,"height":20,"relativeR":10,"relativeScaleR":1,"isHover":false,"color":"#1f77b4","stroke_color":"#1f77b4","strokeSize":1,"initial_color":"#1f77b4","initial_stroke_color":"#1f77b4","sketchPaths":[],"isFixed":false},{"name":"Bamatabois","group":"group2","id":29,"type":"female","x":542.9209127236784,"y":427.359589868789,"sizeLabel":0,"colorLabel":"white","r":10,"width":20,"height":20,"relativeR":10,"relativeScaleR":1,"isHover":false,"color":"#1f77b4","stroke_color":"#1f77b4","strokeSize":1,"initial_color":"#1f77b4","initial_stroke_color":"#1f77b4","sketchPaths":[],"isFixed":false},{"name":"Simplice","group":"group2","id":31,"type":"female","x":403.0743058682239,"y":263.8233221770202,"sizeLabel":0,"colorLabel":"white","r":10,"width":20,"height":20,"relativeR":10,"relativeScaleR":1,"isHover":false,"color":"#1f77b4","stroke_color":"#1f77b4","strokeSize":1,"initial_color":"#1f77b4","initial_stroke_color":"#1f77b4","sketchPaths":[],"isFixed":false},{"name":"Woman1","group":"group2","id":33,"type":"female","x":482.2063390065128,"y":250.17191545161245,"sizeLabel":0,"colorLabel":"white","r":10,"width":20,"height":20,"relativeR":10,"relativeScaleR":1,"isHover":false,"color":"#1f77b4","stroke_color":"#1f77b4","strokeSize":1,"initial_color":"#1f77b4","initial_stroke_color":"#1f77b4","sketchPaths":[],"isFixed":false},{"name":"Eponine","group":"group4","id":41,"type":"female","x":502.3310060763321,"y":293.1560118382715,"sizeLabel":0,"colorLabel":"white","r":10,"width":20,"height":20,"relativeR":10,"relativeScaleR":1,"isHover":false,"color":"#1f77b4","stroke_color":"#1f77b4","strokeSize":1,"initial_color":"#1f77b4","initial_stroke_color":"#1f77b4","sketchPaths":[],"isFixed":false},{"name":"Anzelma","group":"group4","id":42,"type":"female","x":403.57012204780403,"y":291.2738795219927,"sizeLabel":0,"colorLabel":"white","r":10,"width":20,"height":20,"relativeR":10,"relativeScaleR":1,"isHover":false,"color":"#1f77b4","stroke_color":"#1f77b4","strokeSize":1,"initial_color":"#1f77b4","initial_stroke_color":"#1f77b4","sketchPaths":[],"isFixed":false},{"name":"Woman2","group":"group5","id":43,"type":"female","x":479.01421897216903,"y":278.2164703795393,"sizeLabel":0,"colorLabel":"white","r":10,"width":20,"height":20,"relativeR":10,"relativeScaleR":1,"isHover":false,"color":"#1f77b4","stroke_color":"#1f77b4","strokeSize":1,"initial_color":"#1f77b4","initial_stroke_color":"#1f77b4","sketchPaths":[],"isFixed":false},{"name":"MotherInnocent","group":0,"id":44,"type":"female","x":493.8364850342141,"y":177.07250012150493,"sizeLabel":0,"colorLabel":"white","r":10,"width":20,"height":20,"relativeR":10,"relativeScaleR":1,"isHover":false,"color":"#1f77b4","stroke_color":"#1f77b4","strokeSize":1,"initial_color":"#1f77b4","initial_stroke_color":"#1f77b4","sketchPaths":[],"isFixed":false},{"name":"Mme.Burgon","group":"group7","id":47,"type":"female","x":659.6011831611361,"y":138.2807605505692,"sizeLabel":0,"colorLabel":"white","r":10,"width":20,"height":20,"relativeR":10,"relativeScaleR":1,"isHover":false,"color":"#1f77b4","stroke_color":"#1f77b4","strokeSize":1,"initial_color":"#1f77b4","initial_stroke_color":"#1f77b4","sketchPaths":[],"isFixed":false},{"name":"Mlle.Gillenormand","group":"group5","id":51,"type":"female","x":529.5282016257165,"y":379.79172046031084,"sizeLabel":0,"colorLabel":"white","r":10,"width":20,"height":20,"relativeR":10,"relativeScaleR":1,"isHover":false,"color":"#1f77b4","stroke_color":"#1f77b4","strokeSize":1,"initial_color":"#1f77b4","initial_stroke_color":"#1f77b4","sketchPaths":[],"isFixed":false},{"name":"Mme.Pontmercy","group":"group5","id":52,"type":"female","x":521.0998905348541,"y":480.1631045029251,"sizeLabel":0,"colorLabel":"white","r":10,"width":20,"height":20,"relativeR":10,"relativeScaleR":1,"isHover":false,"color":"#1f77b4","stroke_color":"#1f77b4","strokeSize":1,"initial_color":"#1f77b4","initial_stroke_color":"#1f77b4","sketchPaths":[],"isFixed":false},{"name":"BaronessT","group":"group5","id":56,"type":"female","x":562.3603753226539,"y":292.8510744108676,"sizeLabel":0,"colorLabel":"white","r":10,"width":20,"height":20,"relativeR":10,"relativeScaleR":1,"isHover":false,"color":"#1f77b4","stroke_color":"#1f77b4","strokeSize":1,"initial_color":"#1f77b4","initial_stroke_color":"#1f77b4","sketchPaths":[],"isFixed":false},{"name":"Feuilly","group":"group8","id":61,"type":"female","x":561.7289057877454,"y":89.66426623651205,"sizeLabel":0,"colorLabel":"white","r":10,"width":20,"height":20,"relativeR":10,"relativeScaleR":1,"isHover":false,"color":"#1f77b4","stroke_color":"#1f77b4","strokeSize":1,"initial_color":"#1f77b4","initial_stroke_color":"#1f77b4","sketchPaths":[],"isFixed":false},{"name":"Bossuet","group":"group8","id":64,"type":"female","x":563.1806762654667,"y":119.61845362225412,"sizeLabel":0,"colorLabel":"white","r":10,"width":20,"height":20,"relativeR":10,"relativeScaleR":1,"isHover":false,"color":"#1f77b4","stroke_color":"#1f77b4","strokeSize":1,"initial_color":"#1f77b4","initial_stroke_color":"#1f77b4","sketchPaths":[],"isFixed":false},{"name":"Joly","group":"group8","id":65,"type":"female","x":585.0033631660334,"y":100.74961363628312,"sizeLabel":0,"colorLabel":"white","r":10,"width":20,"height":20,"relativeR":10,"relativeScaleR":1,"isHover":false,"color":"#1f77b4","stroke_color":"#1f77b4","strokeSize":1,"initial_color":"#1f77b4","initial_stroke_color":"#1f77b4","sketchPaths":[],"isFixed":false},{"name":"Grantaire","group":"group8","id":66,"type":"female","x":513.0755276508421,"y":66.40198401654382,"sizeLabel":0,"colorLabel":"white","r":10,"width":20,"height":20,"relativeR":10,"relativeScaleR":1,"isHover":false,"color":"#1f77b4","stroke_color":"#1f77b4","strokeSize":1,"initial_color":"#1f77b4","initial_stroke_color":"#1f77b4","sketchPaths":[],"isFixed":false},{"name":"MotherPlutarch","group":0,"id":67,"type":"female","x":639.7551864518944,"y":209.93427484339,"sizeLabel":0,"colorLabel":"white","r":10,"width":20,"height":20,"relativeR":10,"relativeScaleR":1,"isHover":false,"color":"#1f77b4","stroke_color":"#1f77b4","strokeSize":1,"initial_color":"#1f77b4","initial_stroke_color":"#1f77b4","sketchPaths":[],"isFixed":false},{"name":"Babet","group":"group4","id":69,"type":"female","x":524.0311413846276,"y":310.79613271555303,"sizeLabel":0,"colorLabel":"white","r":10,"width":20,"height":20,"relativeR":10,"relativeScaleR":1,"isHover":false,"color":"#1f77b4","stroke_color":"#1f77b4","strokeSize":1,"initial_color":"#1f77b4","initial_stroke_color":"#1f77b4","sketchPaths":[],"isFixed":false},{"name":"Toussaint","group":"group5","id":72,"type":"female","x":456.1617783253617,"y":248.5736594227465,"sizeLabel":0,"colorLabel":"white","r":10,"width":20,"height":20,"relativeR":10,"relativeScaleR":1,"isHover":false,"color":"#1f77b4","stroke_color":"#1f77b4","strokeSize":1,"initial_color":"#1f77b4","initial_stroke_color":"#1f77b4","sketchPaths":[],"isFixed":false},{"name":"Mme.Hucheloup","group":"group8","id":76,"type":"female","x":536.8786583069796,"y":98.93713778767291,"sizeLabel":0,"colorLabel":"white","r":10,"width":20,"height":20,"relativeR":10,"relativeScaleR":1,"isHover":false,"color":"#1f77b4","stroke_color":"#1f77b4","strokeSize":1,"initial_color":"#1f77b4","initial_stroke_color":"#1f77b4","sketchPaths":[],"isFixed":false},{"name":"CountessdeLo","group":"group1","id":4,"type":"female","x":733.7809025560192,"y":247.21760566786838,"sizeLabel":0,"colorLabel":"white","r":10,"width":20,"height":20,"relativeR":10,"relativeScaleR":1,"isHover":false,"color":"#1f77b4","stroke_color":"#1f77b4","strokeSize":1,"initial_color":"#1f77b4","initial_stroke_color":"#1f77b4","sketchPaths":[],"isFixed":false},{"name":"Perpetue","group":"group3","id":30,"type":"female","x":350.63392008828225,"y":289.0461258224285,"sizeLabel":0,"colorLabel":"white","r":10,"width":20,"height":20,"relativeR":10,"relativeScaleR":1,"isHover":false,"color":"#1f77b4","stroke_color":"#1f77b4","strokeSize":1,"initial_color":"#1f77b4","initial_stroke_color":"#1f77b4","sketchPaths":[],"isFixed":false},{"name":"Mlle.Vaubois","group":"group5","id":53,"type":"female","x":501.51389122628547,"y":388.59338219911075,"sizeLabel":0,"colorLabel":"white","r":10,"width":20,"height":20,"relativeR":10,"relativeScaleR":1,"isHover":false,"color":"#1f77b4","stroke_color":"#1f77b4","strokeSize":1,"initial_color":"#1f77b4","initial_stroke_color":"#1f77b4","sketchPaths":[],"isFixed":false},{"name":"Jondrette","group":"group7","id":46,"type":"female","x":636.5938832715015,"y":121.09205765566463,"sizeLabel":0,"colorLabel":"white","r":10,"width":20,"height":20,"relativeR":10,"relativeScaleR":1,"isHover":false,"color":"#1f77b4","stroke_color":"#1f77b4","strokeSize":1,"initial_color":"#1f77b4","initial_stroke_color":"#1f77b4","sketchPaths":[],"isFixed":false}],"links":[{"source":1,"target":0,"value":1,"id":0,"type":"talking","index":0,"color":"rgba(191, 191, 191, 0.6)","size":70,"sketchWidth":1,"sketchHeight":1,"initial_color":"rgba(191,191,191,0.6)","from":0,"to":35,"curvature":10,"control_point":[]},{"source":5,"target":0,"value":1,"id":5,"type":"talking","index":1,"color":"rgba(191, 191, 191, 0.6)","size":70,"sketchWidth":1,"sketchHeight":1,"initial_color":"rgba(191,191,191,0.6)","from":1,"to":35,"curvature":10,"control_point":[]},{"source":6,"target":0,"value":1,"id":6,"type":"talking","index":2,"color":"rgba(191, 191, 191, 0.6)","size":70,"sketchWidth":1,"sketchHeight":1,"initial_color":"rgba(191,191,191,0.6)","from":2,"to":35,"curvature":10,"control_point":[]},{"source":7,"target":0,"value":1,"id":7,"type":"talking","index":3,"color":"rgba(191, 191, 191, 0.6)","size":70,"sketchWidth":1,"sketchHeight":1,"initial_color":"rgba(191,191,191,0.6)","from":3,"to":35,"curvature":10,"control_point":[]},{"source":8,"target":0,"value":2,"id":8,"type":"talking","index":4,"color":"rgba(191, 191, 191, 0.6)","size":70,"sketchWidth":1,"sketchHeight":1,"initial_color":"rgba(191,191,191,0.6)","from":4,"to":35,"curvature":10,"control_point":[]},{"source":11,"target":3,"value":3,"id":11,"type":"talking","index":5,"color":"rgba(191, 191, 191, 0.6)","size":70,"sketchWidth":1,"sketchHeight":1,"initial_color":"rgba(191,191,191,0.6)","from":5,"to":36,"curvature":10,"control_point":[]},{"source":11,"target":2,"value":3,"id":12,"type":"talking","index":6,"color":"rgba(191, 191, 191, 0.6)","size":70,"sketchWidth":1,"sketchHeight":1,"initial_color":"rgba(191,191,191,0.6)","from":5,"to":37,"curvature":10,"control_point":[]},{"source":11,"target":0,"value":5,"id":13,"type":"talking","index":7,"color":"rgba(191, 191, 191, 0.6)","size":70,"sketchWidth":1,"sketchHeight":1,"initial_color":"rgba(191,191,191,0.6)","from":5,"to":35,"curvature":10,"control_point":[]},{"source":12,"target":11,"value":1,"id":14,"type":"talking","index":8,"color":"rgba(191, 191, 191, 0.6)","size":70,"sketchWidth":1,"sketchHeight":1,"initial_color":"rgba(191,191,191,0.6)","from":38,"to":5,"curvature":10,"control_point":[]},{"source":13,"target":11,"value":1,"id":15,"type":"talking","index":9,"color":"rgba(191, 191, 191, 0.6)","size":70,"sketchWidth":1,"sketchHeight":1,"initial_color":"rgba(191,191,191,0.6)","from":39,"to":5,"curvature":10,"control_point":[]},{"source":14,"target":11,"value":1,"id":16,"type":"talking","index":10,"color":"rgba(191, 191, 191, 0.6)","size":70,"sketchWidth":1,"sketchHeight":1,"initial_color":"rgba(191,191,191,0.6)","from":40,"to":5,"curvature":10,"control_point":[]},{"source":21,"target":16,"value":3,"id":28,"type":"talking","index":11,"color":"rgba(191, 191, 191, 0.6)","size":70,"sketchWidth":1,"sketchHeight":1,"initial_color":"rgba(191,191,191,0.6)","from":41,"to":6,"curvature":10,"control_point":[]},{"source":21,"target":17,"value":3,"id":29,"type":"talking","index":12,"color":"rgba(191, 191, 191, 0.6)","size":70,"sketchWidth":1,"sketchHeight":1,"initial_color":"rgba(191,191,191,0.6)","from":41,"to":7,"curvature":10,"control_point":[]},{"source":21,"target":18,"value":3,"id":30,"type":"talking","index":13,"color":"rgba(191, 191, 191, 0.6)","size":70,"sketchWidth":1,"sketchHeight":1,"initial_color":"rgba(191,191,191,0.6)","from":41,"to":8,"curvature":10,"control_point":[]},{"source":21,"target":19,"value":3,"id":31,"type":"talking","index":14,"color":"rgba(191, 191, 191, 0.6)","size":70,"sketchWidth":1,"sketchHeight":1,"initial_color":"rgba(191,191,191,0.6)","from":41,"to":9,"curvature":10,"control_point":[]},{"source":21,"target":20,"value":5,"id":32,"type":"talking","index":15,"color":"rgba(191, 191, 191, 0.6)","size":70,"sketchWidth":1,"sketchHeight":1,"initial_color":"rgba(191,191,191,0.6)","from":41,"to":10,"curvature":10,"control_point":[]},{"source":22,"target":16,"value":3,"id":33,"type":"talking","index":16,"color":"rgba(191, 191, 191, 0.6)","size":70,"sketchWidth":1,"sketchHeight":1,"initial_color":"rgba(191,191,191,0.6)","from":42,"to":6,"curvature":10,"control_point":[]},{"source":22,"target":17,"value":3,"id":34,"type":"talking","index":17,"color":"rgba(191, 191, 191, 0.6)","size":70,"sketchWidth":1,"sketchHeight":1,"initial_color":"rgba(191,191,191,0.6)","from":42,"to":7,"curvature":10,"control_point":[]},{"source":22,"target":18,"value":3,"id":35,"type":"talking","index":18,"color":"rgba(191, 191, 191, 0.6)","size":70,"sketchWidth":1,"sketchHeight":1,"initial_color":"rgba(191,191,191,0.6)","from":42,"to":8,"curvature":10,"control_point":[]},{"source":22,"target":19,"value":3,"id":36,"type":"talking","index":19,"color":"rgba(191, 191, 191, 0.6)","size":70,"sketchWidth":1,"sketchHeight":1,"initial_color":"rgba(191,191,191,0.6)","from":42,"to":9,"curvature":10,"control_point":[]},{"source":22,"target":20,"value":4,"id":37,"type":"talking","index":20,"color":"rgba(191, 191, 191, 0.6)","size":70,"sketchWidth":1,"sketchHeight":1,"initial_color":"rgba(191,191,191,0.6)","from":42,"to":10,"curvature":10,"control_point":[]},{"source":23,"target":16,"value":3,"id":39,"type":"talking","index":21,"color":"rgba(191, 191, 191, 0.6)","size":70,"sketchWidth":1,"sketchHeight":1,"initial_color":"rgba(191,191,191,0.6)","from":43,"to":6,"curvature":10,"control_point":[]},{"source":23,"target":17,"value":3,"id":40,"type":"talking","index":22,"color":"rgba(191, 191, 191, 0.6)","size":70,"sketchWidth":1,"sketchHeight":1,"initial_color":"rgba(191,191,191,0.6)","from":43,"to":7,"curvature":10,"control_point":[]},{"source":23,"target":18,"value":3,"id":41,"type":"talking","index":23,"color":"rgba(191, 191, 191, 0.6)","size":70,"sketchWidth":1,"sketchHeight":1,"initial_color":"rgba(191,191,191,0.6)","from":43,"to":8,"curvature":10,"control_point":[]},{"source":23,"target":19,"value":3,"id":42,"type":"talking","index":24,"color":"rgba(191, 191, 191, 0.6)","size":70,"sketchWidth":1,"sketchHeight":1,"initial_color":"rgba(191,191,191,0.6)","from":43,"to":9,"curvature":10,"control_point":[]},{"source":23,"target":20,"value":4,"id":43,"type":"talking","index":25,"color":"rgba(191, 191, 191, 0.6)","size":70,"sketchWidth":1,"sketchHeight":1,"initial_color":"rgba(191,191,191,0.6)","from":43,"to":10,"curvature":10,"control_point":[]},{"source":23,"target":11,"value":0,"id":47,"type":"talking","index":26,"color":"rgba(191, 191, 191, 0.6)","size":70,"sketchWidth":1,"sketchHeight":1,"initial_color":"rgba(191,191,191,0.6)","from":43,"to":5,"curvature":10,"control_point":[]},{"source":24,"target":11,"value":7,"id":49,"type":"talking","index":27,"color":"rgba(191, 191, 191, 0.6)","size":70,"sketchWidth":1,"sketchHeight":1,"initial_color":"rgba(191,191,191,0.6)","from":44,"to":5,"curvature":10,"control_point":[]},{"source":25,"target":24,"value":13,"id":50,"type":"talking","index":28,"color":"rgba(191, 191, 191, 0.6)","size":70,"sketchWidth":1,"sketchHeight":1,"initial_color":"rgba(191,191,191,0.6)","from":11,"to":44,"curvature":10,"control_point":[]},{"source":25,"target":23,"value":1,"id":51,"type":"talking","index":29,"color":"rgba(191, 191, 191, 0.6)","size":70,"sketchWidth":1,"sketchHeight":1,"initial_color":"rgba(191,191,191,0.6)","from":11,"to":43,"curvature":10,"control_point":[]},{"source":26,"target":11,"value":31,"id":54,"type":"talking","index":30,"color":"rgba(191, 191, 191, 0.6)","size":70,"sketchWidth":1,"sketchHeight":1,"initial_color":"rgba(191,191,191,0.6)","from":45,"to":5,"curvature":10,"control_point":[]},{"source":26,"target":16,"value":1,"id":55,"type":"talking","index":31,"color":"rgba(191, 191, 191, 0.6)","size":70,"sketchWidth":1,"sketchHeight":1,"initial_color":"rgba(191,191,191,0.6)","from":45,"to":6,"curvature":10,"control_point":[]},{"source":26,"target":25,"value":1,"id":56,"type":"talking","index":32,"color":"rgba(191, 191, 191, 0.6)","size":70,"sketchWidth":1,"sketchHeight":1,"initial_color":"rgba(191,191,191,0.6)","from":45,"to":11,"curvature":10,"control_point":[]},{"source":27,"target":23,"value":5,"id":58,"type":"talking","index":33,"color":"rgba(191, 191, 191, 0.6)","size":70,"sketchWidth":1,"sketchHeight":1,"initial_color":"rgba(191,191,191,0.6)","from":12,"to":43,"curvature":10,"control_point":[]},{"source":27,"target":24,"value":1,"id":60,"type":"talking","index":34,"color":"rgba(191, 191, 191, 0.6)","size":70,"sketchWidth":1,"sketchHeight":1,"initial_color":"rgba(191,191,191,0.6)","from":12,"to":44,"curvature":10,"control_point":[]},{"source":27,"target":26,"value":1,"id":61,"type":"talking","index":35,"color":"rgba(191, 191, 191, 0.6)","size":70,"sketchWidth":1,"sketchHeight":1,"initial_color":"rgba(191,191,191,0.6)","from":12,"to":45,"curvature":10,"control_point":[]},{"source":29,"target":27,"value":1,"id":65,"type":"talking","index":36,"color":"rgba(191, 191, 191, 0.6)","size":70,"sketchWidth":1,"sketchHeight":1,"initial_color":"rgba(191,191,191,0.6)","from":46,"to":12,"curvature":10,"control_point":[]},{"source":29,"target":11,"value":2,"id":66,"type":"talking","index":37,"color":"rgba(191, 191, 191, 0.6)","size":70,"sketchWidth":1,"sketchHeight":1,"initial_color":"rgba(191,191,191,0.6)","from":46,"to":5,"curvature":10,"control_point":[]},{"source":31,"target":11,"value":3,"id":69,"type":"talking","index":38,"color":"rgba(191, 191, 191, 0.6)","size":70,"sketchWidth":1,"sketchHeight":1,"initial_color":"rgba(191,191,191,0.6)","from":47,"to":5,"curvature":10,"control_point":[]},{"source":31,"target":27,"value":1,"id":71,"type":"talking","index":39,"color":"rgba(191, 191, 191, 0.6)","size":70,"sketchWidth":1,"sketchHeight":1,"initial_color":"rgba(191,191,191,0.6)","from":47,"to":12,"curvature":10,"control_point":[]},{"source":33,"target":11,"value":2,"id":73,"type":"talking","index":40,"color":"rgba(191, 191, 191, 0.6)","size":70,"sketchWidth":1,"sketchHeight":1,"initial_color":"rgba(191,191,191,0.6)","from":48,"to":5,"curvature":10,"control_point":[]},{"source":33,"target":27,"value":1,"id":74,"type":"talking","index":41,"color":"rgba(191, 191, 191, 0.6)","size":70,"sketchWidth":1,"sketchHeight":1,"initial_color":"rgba(191,191,191,0.6)","from":48,"to":12,"curvature":10,"control_point":[]},{"source":34,"target":29,"value":2,"id":76,"type":"talking","index":42,"color":"rgba(191, 191, 191, 0.6)","size":70,"sketchWidth":1,"sketchHeight":1,"initial_color":"rgba(191,191,191,0.6)","from":13,"to":46,"curvature":10,"control_point":[]},{"source":35,"target":29,"value":2,"id":79,"type":"talking","index":43,"color":"rgba(191, 191, 191, 0.6)","size":70,"sketchWidth":1,"sketchHeight":1,"initial_color":"rgba(191,191,191,0.6)","from":14,"to":46,"curvature":10,"control_point":[]},{"source":36,"target":29,"value":1,"id":83,"type":"talking","index":44,"color":"rgba(191, 191, 191, 0.6)","size":70,"sketchWidth":1,"sketchHeight":1,"initial_color":"rgba(191,191,191,0.6)","from":15,"to":46,"curvature":10,"control_point":[]},{"source":37,"target":29,"value":1,"id":88,"type":"talking","index":45,"color":"rgba(191, 191, 191, 0.6)","size":70,"sketchWidth":1,"sketchHeight":1,"initial_color":"rgba(191,191,191,0.6)","from":16,"to":46,"curvature":10,"control_point":[]},{"source":38,"target":29,"value":1,"id":94,"type":"talking","index":46,"color":"rgba(191, 191, 191, 0.6)","size":70,"sketchWidth":1,"sketchHeight":1,"initial_color":"rgba(191,191,191,0.6)","from":17,"to":46,"curvature":10,"control_point":[]},{"source":41,"target":25,"value":3,"id":98,"type":"talking","index":47,"color":"rgba(191, 191, 191, 0.6)","size":70,"sketchWidth":1,"sketchHeight":1,"initial_color":"rgba(191,191,191,0.6)","from":49,"to":11,"curvature":10,"control_point":[]},{"source":42,"target":25,"value":2,"id":100,"type":"talking","index":48,"color":"rgba(191, 191, 191, 0.6)","size":70,"sketchWidth":1,"sketchHeight":1,"initial_color":"rgba(191,191,191,0.6)","from":50,"to":11,"curvature":10,"control_point":[]},{"source":43,"target":11,"value":3,"id":102,"type":"talking","index":49,"color":"rgba(191, 191, 191, 0.6)","size":70,"sketchWidth":1,"sketchHeight":1,"initial_color":"rgba(191,191,191,0.6)","from":51,"to":5,"curvature":10,"control_point":[]},{"source":43,"target":27,"value":1,"id":104,"type":"talking","index":50,"color":"rgba(191, 191, 191, 0.6)","size":70,"sketchWidth":1,"sketchHeight":1,"initial_color":"rgba(191,191,191,0.6)","from":51,"to":12,"curvature":10,"control_point":[]},{"source":44,"target":28,"value":3,"id":105,"type":"talking","index":51,"color":"rgba(191, 191, 191, 0.6)","size":70,"sketchWidth":1,"sketchHeight":1,"initial_color":"rgba(191,191,191,0.6)","from":52,"to":18,"curvature":10,"control_point":[]},{"source":44,"target":11,"value":1,"id":106,"type":"talking","index":52,"color":"rgba(191, 191, 191, 0.6)","size":70,"sketchWidth":1,"sketchHeight":1,"initial_color":"rgba(191,191,191,0.6)","from":52,"to":5,"curvature":10,"control_point":[]},{"source":48,"target":47,"value":2,"id":109,"type":"talking","index":53,"color":"rgba(191, 191, 191, 0.6)","size":70,"sketchWidth":1,"sketchHeight":1,"initial_color":"rgba(191,191,191,0.6)","from":19,"to":53,"curvature":10,"control_point":[]},{"source":49,"target":26,"value":3,"id":113,"type":"talking","index":54,"color":"rgba(191, 191, 191, 0.6)","size":70,"sketchWidth":1,"sketchHeight":1,"initial_color":"rgba(191,191,191,0.6)","from":20,"to":45,"curvature":10,"control_point":[]},{"source":50,"target":24,"value":1,"id":116,"type":"talking","index":55,"color":"rgba(191, 191, 191, 0.6)","size":70,"sketchWidth":1,"sketchHeight":1,"initial_color":"rgba(191,191,191,0.6)","from":21,"to":44,"curvature":10,"control_point":[]},{"source":51,"target":49,"value":0,"id":117,"type":"talking","index":56,"color":"rgba(191, 191, 191, 0.6)","size":70,"sketchWidth":1,"sketchHeight":1,"initial_color":"rgba(191,191,191,0.6)","from":54,"to":20,"curvature":10,"control_point":[]},{"source":51,"target":11,"value":2,"id":119,"type":"talking","index":57,"color":"rgba(191, 191, 191, 0.6)","size":70,"sketchWidth":1,"sketchHeight":1,"initial_color":"rgba(191,191,191,0.6)","from":54,"to":5,"curvature":10,"control_point":[]},{"source":52,"target":39,"value":1,"id":121,"type":"talking","index":58,"color":"rgba(191, 191, 191, 0.6)","size":70,"sketchWidth":1,"sketchHeight":1,"initial_color":"rgba(191,191,191,0.6)","from":55,"to":22,"curvature":10,"control_point":[]},{"source":54,"target":51,"value":2,"id":123,"type":"talking","index":59,"color":"rgba(191, 191, 191, 0.6)","size":70,"sketchWidth":1,"sketchHeight":1,"initial_color":"rgba(191,191,191,0.6)","from":23,"to":54,"curvature":10,"control_point":[]},{"source":54,"target":26,"value":1,"id":125,"type":"talking","index":60,"color":"rgba(191, 191, 191, 0.6)","size":70,"sketchWidth":1,"sketchHeight":1,"initial_color":"rgba(191,191,191,0.6)","from":23,"to":45,"curvature":10,"control_point":[]},{"source":55,"target":51,"value":6,"id":126,"type":"talking","index":61,"color":"rgba(191, 191, 191, 0.6)","size":70,"sketchWidth":1,"sketchHeight":1,"initial_color":"rgba(191,191,191,0.6)","from":24,"to":54,"curvature":10,"control_point":[]},{"source":55,"target":26,"value":21,"id":130,"type":"talking","index":62,"color":"rgba(191, 191, 191, 0.6)","size":70,"sketchWidth":1,"sketchHeight":1,"initial_color":"rgba(191,191,191,0.6)","from":24,"to":45,"curvature":10,"control_point":[]},{"source":55,"target":41,"value":5,"id":134,"type":"talking","index":63,"color":"rgba(191, 191, 191, 0.6)","size":70,"sketchWidth":1,"sketchHeight":1,"initial_color":"rgba(191,191,191,0.6)","from":24,"to":49,"curvature":10,"control_point":[]},{"source":56,"target":49,"value":1,"id":136,"type":"talking","index":64,"color":"rgba(191, 191, 191, 0.6)","size":70,"sketchWidth":1,"sketchHeight":1,"initial_color":"rgba(191,191,191,0.6)","from":56,"to":20,"curvature":10,"control_point":[]},{"source":56,"target":55,"value":1,"id":137,"type":"talking","index":65,"color":"rgba(191, 191, 191, 0.6)","size":70,"sketchWidth":1,"sketchHeight":1,"initial_color":"rgba(191,191,191,0.6)","from":56,"to":24,"curvature":10,"control_point":[]},{"source":57,"target":41,"value":1,"id":139,"type":"talking","index":66,"color":"rgba(191, 191, 191, 0.6)","size":70,"sketchWidth":1,"sketchHeight":1,"initial_color":"rgba(191,191,191,0.6)","from":25,"to":49,"curvature":10,"control_point":[]},{"source":61,"target":48,"value":2,"id":153,"type":"talking","index":67,"color":"rgba(191, 191, 191, 0.6)","size":70,"sketchWidth":1,"sketchHeight":1,"initial_color":"rgba(191,191,191,0.6)","from":57,"to":19,"curvature":10,"control_point":[]},{"source":61,"target":58,"value":6,"id":154,"type":"talking","index":68,"color":"rgba(191, 191, 191, 0.6)","size":70,"sketchWidth":1,"sketchHeight":1,"initial_color":"rgba(191,191,191,0.6)","from":57,"to":26,"curvature":10,"control_point":[]},{"source":61,"target":60,"value":2,"id":155,"type":"talking","index":69,"color":"rgba(191, 191, 191, 0.6)","size":70,"sketchWidth":1,"sketchHeight":1,"initial_color":"rgba(191,191,191,0.6)","from":57,"to":27,"curvature":10,"control_point":[]},{"source":61,"target":59,"value":5,"id":156,"type":"talking","index":70,"color":"rgba(191, 191, 191, 0.6)","size":70,"sketchWidth":1,"sketchHeight":1,"initial_color":"rgba(191,191,191,0.6)","from":57,"to":28,"curvature":10,"control_point":[]},{"source":61,"target":57,"value":1,"id":157,"type":"talking","index":71,"color":"rgba(191, 191, 191, 0.6)","size":70,"sketchWidth":1,"sketchHeight":1,"initial_color":"rgba(191,191,191,0.6)","from":57,"to":25,"curvature":10,"control_point":[]},{"source":61,"target":55,"value":1,"id":158,"type":"talking","index":72,"color":"rgba(191, 191, 191, 0.6)","size":70,"sketchWidth":1,"sketchHeight":1,"initial_color":"rgba(191,191,191,0.6)","from":57,"to":24,"curvature":10,"control_point":[]},{"source":62,"target":41,"value":1,"id":164,"type":"talking","index":73,"color":"rgba(191, 191, 191, 0.6)","size":70,"sketchWidth":1,"sketchHeight":1,"initial_color":"rgba(191,191,191,0.6)","from":29,"to":49,"curvature":10,"control_point":[]},{"source":62,"target":61,"value":6,"id":165,"type":"talking","index":74,"color":"rgba(191, 191, 191, 0.6)","size":70,"sketchWidth":1,"sketchHeight":1,"initial_color":"rgba(191,191,191,0.6)","from":29,"to":57,"curvature":10,"control_point":[]},{"source":63,"target":61,"value":3,"id":172,"type":"talking","index":75,"color":"rgba(191, 191, 191, 0.6)","size":70,"sketchWidth":1,"sketchHeight":1,"initial_color":"rgba(191,191,191,0.6)","from":30,"to":57,"curvature":10,"control_point":[]},{"source":64,"target":55,"value":5,"id":175,"type":"talking","index":76,"color":"rgba(191, 191, 191, 0.6)","size":70,"sketchWidth":1,"sketchHeight":1,"initial_color":"rgba(191,191,191,0.6)","from":58,"to":24,"curvature":10,"control_point":[]},{"source":64,"target":62,"value":12,"id":176,"type":"talking","index":77,"color":"rgba(191, 191, 191, 0.6)","size":70,"sketchWidth":1,"sketchHeight":1,"initial_color":"rgba(191,191,191,0.6)","from":58,"to":29,"curvature":10,"control_point":[]},{"source":64,"target":48,"value":5,"id":177,"type":"talking","index":78,"color":"rgba(191, 191, 191, 0.6)","size":70,"sketchWidth":1,"sketchHeight":1,"initial_color":"rgba(191,191,191,0.6)","from":58,"to":19,"curvature":10,"control_point":[]},{"source":64,"target":63,"value":4,"id":178,"type":"talking","index":79,"color":"rgba(191, 191, 191, 0.6)","size":70,"sketchWidth":1,"sketchHeight":1,"initial_color":"rgba(191,191,191,0.6)","from":58,"to":30,"curvature":10,"control_point":[]},{"source":64,"target":58,"value":10,"id":179,"type":"talking","index":80,"color":"rgba(191, 191, 191, 0.6)","size":70,"sketchWidth":1,"sketchHeight":1,"initial_color":"rgba(191,191,191,0.6)","from":58,"to":26,"curvature":10,"control_point":[]},{"source":64,"target":60,"value":2,"id":181,"type":"talking","index":81,"color":"rgba(191, 191, 191, 0.6)","size":70,"sketchWidth":1,"sketchHeight":1,"initial_color":"rgba(191,191,191,0.6)","from":58,"to":27,"curvature":10,"control_point":[]},{"source":64,"target":59,"value":0,"id":182,"type":"talking","index":82,"color":"rgba(191, 191, 191, 0.6)","size":70,"sketchWidth":1,"sketchHeight":1,"initial_color":"rgba(191,191,191,0.6)","from":58,"to":28,"curvature":10,"control_point":[]},{"source":64,"target":57,"value":1,"id":183,"type":"talking","index":83,"color":"rgba(191, 191, 191, 0.6)","size":70,"sketchWidth":1,"sketchHeight":1,"initial_color":"rgba(191,191,191,0.6)","from":58,"to":25,"curvature":10,"control_point":[]},{"source":64,"target":11,"value":1,"id":184,"type":"talking","index":84,"color":"rgba(191, 191, 191, 0.6)","size":70,"sketchWidth":1,"sketchHeight":1,"initial_color":"rgba(191,191,191,0.6)","from":58,"to":5,"curvature":10,"control_point":[]},{"source":65,"target":63,"value":5,"id":185,"type":"talking","index":85,"color":"rgba(191, 191, 191, 0.6)","size":70,"sketchWidth":1,"sketchHeight":1,"initial_color":"rgba(191,191,191,0.6)","from":59,"to":30,"curvature":10,"control_point":[]},{"source":65,"target":48,"value":3,"id":187,"type":"talking","index":86,"color":"rgba(191, 191, 191, 0.6)","size":70,"sketchWidth":1,"sketchHeight":1,"initial_color":"rgba(191,191,191,0.6)","from":59,"to":19,"curvature":10,"control_point":[]},{"source":65,"target":62,"value":5,"id":188,"type":"talking","index":87,"color":"rgba(191, 191, 191, 0.6)","size":70,"sketchWidth":1,"sketchHeight":1,"initial_color":"rgba(191,191,191,0.6)","from":59,"to":29,"curvature":10,"control_point":[]},{"source":65,"target":58,"value":5,"id":189,"type":"talking","index":88,"color":"rgba(191, 191, 191, 0.6)","size":70,"sketchWidth":1,"sketchHeight":1,"initial_color":"rgba(191,191,191,0.6)","from":59,"to":26,"curvature":10,"control_point":[]},{"source":65,"target":60,"value":2,"id":191,"type":"talking","index":89,"color":"rgba(191, 191, 191, 0.6)","size":70,"sketchWidth":1,"sketchHeight":1,"initial_color":"rgba(191,191,191,0.6)","from":59,"to":27,"curvature":10,"control_point":[]},{"source":65,"target":59,"value":5,"id":192,"type":"talking","index":90,"color":"rgba(191, 191, 191, 0.6)","size":70,"sketchWidth":1,"sketchHeight":1,"initial_color":"rgba(191,191,191,0.6)","from":59,"to":28,"curvature":10,"control_point":[]},{"source":65,"target":57,"value":1,"id":193,"type":"talking","index":91,"color":"rgba(191, 191, 191, 0.6)","size":70,"sketchWidth":1,"sketchHeight":1,"initial_color":"rgba(191,191,191,0.6)","from":59,"to":25,"curvature":10,"control_point":[]},{"source":65,"target":55,"value":2,"id":194,"type":"talking","index":92,"color":"rgba(191, 191, 191, 0.6)","size":70,"sketchWidth":1,"sketchHeight":1,"initial_color":"rgba(191,191,191,0.6)","from":59,"to":24,"curvature":10,"control_point":[]},{"source":66,"target":58,"value":3,"id":196,"type":"talking","index":93,"color":"rgba(191, 191, 191, 0.6)","size":70,"sketchWidth":1,"sketchHeight":1,"initial_color":"rgba(191,191,191,0.6)","from":60,"to":26,"curvature":10,"control_point":[]},{"source":66,"target":59,"value":1,"id":197,"type":"talking","index":94,"color":"rgba(191, 191, 191, 0.6)","size":70,"sketchWidth":1,"sketchHeight":1,"initial_color":"rgba(191,191,191,0.6)","from":60,"to":28,"curvature":10,"control_point":[]},{"source":66,"target":62,"value":2,"id":198,"type":"talking","index":95,"color":"rgba(191, 191, 191, 0.6)","size":70,"sketchWidth":1,"sketchHeight":1,"initial_color":"rgba(191,191,191,0.6)","from":60,"to":29,"curvature":10,"control_point":[]},{"source":66,"target":48,"value":1,"id":200,"type":"talking","index":96,"color":"rgba(191, 191, 191, 0.6)","size":70,"sketchWidth":1,"sketchHeight":1,"initial_color":"rgba(191,191,191,0.6)","from":60,"to":19,"curvature":10,"control_point":[]},{"source":66,"target":63,"value":1,"id":201,"type":"talking","index":97,"color":"rgba(191, 191, 191, 0.6)","size":70,"sketchWidth":1,"sketchHeight":1,"initial_color":"rgba(191,191,191,0.6)","from":60,"to":30,"curvature":10,"control_point":[]},{"source":66,"target":60,"value":1,"id":203,"type":"talking","index":98,"color":"rgba(191, 191, 191, 0.6)","size":70,"sketchWidth":1,"sketchHeight":1,"initial_color":"rgba(191,191,191,0.6)","from":60,"to":27,"curvature":10,"control_point":[]},{"source":67,"target":57,"value":3,"id":204,"type":"talking","index":99,"color":"rgba(191, 191, 191, 0.6)","size":70,"sketchWidth":1,"sketchHeight":1,"initial_color":"rgba(191,191,191,0.6)","from":61,"to":25,"curvature":10,"control_point":[]},{"source":68,"target":24,"value":1,"id":207,"type":"talking","index":100,"color":"rgba(191, 191, 191, 0.6)","size":70,"sketchWidth":1,"sketchHeight":1,"initial_color":"rgba(191,191,191,0.6)","from":31,"to":44,"curvature":10,"control_point":[]},{"source":68,"target":41,"value":1,"id":210,"type":"talking","index":101,"color":"rgba(191, 191, 191, 0.6)","size":70,"sketchWidth":1,"sketchHeight":1,"initial_color":"rgba(191,191,191,0.6)","from":31,"to":49,"curvature":10,"control_point":[]},{"source":69,"target":25,"value":6,"id":211,"type":"talking","index":102,"color":"rgba(191, 191, 191, 0.6)","size":70,"sketchWidth":1,"sketchHeight":1,"initial_color":"rgba(191,191,191,0.6)","from":62,"to":11,"curvature":10,"control_point":[]},{"source":69,"target":68,"value":6,"id":212,"type":"talking","index":103,"color":"rgba(191, 191, 191, 0.6)","size":70,"sketchWidth":1,"sketchHeight":1,"initial_color":"rgba(191,191,191,0.6)","from":62,"to":31,"curvature":10,"control_point":[]},{"source":69,"target":11,"value":1,"id":213,"type":"talking","index":104,"color":"rgba(191, 191, 191, 0.6)","size":70,"sketchWidth":1,"sketchHeight":1,"initial_color":"rgba(191,191,191,0.6)","from":62,"to":5,"curvature":10,"control_point":[]},{"source":69,"target":27,"value":2,"id":215,"type":"talking","index":105,"color":"rgba(191, 191, 191, 0.6)","size":70,"sketchWidth":1,"sketchHeight":1,"initial_color":"rgba(191,191,191,0.6)","from":62,"to":12,"curvature":10,"control_point":[]},{"source":69,"target":48,"value":1,"id":216,"type":"talking","index":106,"color":"rgba(191, 191, 191, 0.6)","size":70,"sketchWidth":1,"sketchHeight":1,"initial_color":"rgba(191,191,191,0.6)","from":62,"to":19,"curvature":10,"control_point":[]},{"source":70,"target":69,"value":4,"id":219,"type":"talking","index":107,"color":"rgba(191, 191, 191, 0.6)","size":70,"sketchWidth":1,"sketchHeight":1,"initial_color":"rgba(191,191,191,0.6)","from":32,"to":62,"curvature":10,"control_point":[]},{"source":70,"target":24,"value":1,"id":222,"type":"talking","index":108,"color":"rgba(191, 191, 191, 0.6)","size":70,"sketchWidth":1,"sketchHeight":1,"initial_color":"rgba(191,191,191,0.6)","from":32,"to":44,"curvature":10,"control_point":[]},{"source":70,"target":41,"value":1,"id":224,"type":"talking","index":109,"color":"rgba(191, 191, 191, 0.6)","size":70,"sketchWidth":1,"sketchHeight":1,"initial_color":"rgba(191,191,191,0.6)","from":32,"to":49,"curvature":10,"control_point":[]},{"source":71,"target":69,"value":2,"id":227,"type":"talking","index":110,"color":"rgba(191, 191, 191, 0.6)","size":70,"sketchWidth":1,"sketchHeight":1,"initial_color":"rgba(191,191,191,0.6)","from":33,"to":62,"curvature":10,"control_point":[]},{"source":71,"target":41,"value":1,"id":232,"type":"talking","index":111,"color":"rgba(191, 191, 191, 0.6)","size":70,"sketchWidth":1,"sketchHeight":1,"initial_color":"rgba(191,191,191,0.6)","from":33,"to":49,"curvature":10,"control_point":[]},{"source":72,"target":27,"value":1,"id":235,"type":"talking","index":112,"color":"rgba(191, 191, 191, 0.6)","size":70,"sketchWidth":1,"sketchHeight":1,"initial_color":"rgba(191,191,191,0.6)","from":63,"to":12,"curvature":10,"control_point":[]},{"source":72,"target":11,"value":1,"id":236,"type":"talking","index":113,"color":"rgba(191, 191, 191, 0.6)","size":70,"sketchWidth":1,"sketchHeight":1,"initial_color":"rgba(191,191,191,0.6)","from":63,"to":5,"curvature":10,"control_point":[]},{"source":75,"target":69,"value":3,"id":240,"type":"talking","index":114,"color":"rgba(191, 191, 191, 0.6)","size":70,"sketchWidth":1,"sketchHeight":1,"initial_color":"rgba(191,191,191,0.6)","from":34,"to":62,"curvature":10,"control_point":[]},{"source":75,"target":41,"value":1,"id":244,"type":"talking","index":115,"color":"rgba(191, 191, 191, 0.6)","size":70,"sketchWidth":1,"sketchHeight":1,"initial_color":"rgba(191,191,191,0.6)","from":34,"to":49,"curvature":10,"control_point":[]},{"source":76,"target":63,"value":1,"id":250,"type":"talking","index":116,"color":"rgba(191, 191, 191, 0.6)","size":70,"sketchWidth":1,"sketchHeight":1,"initial_color":"rgba(191,191,191,0.6)","from":64,"to":30,"curvature":10,"control_point":[]},{"source":76,"target":62,"value":1,"id":251,"type":"talking","index":117,"color":"rgba(191, 191, 191, 0.6)","size":70,"sketchWidth":1,"sketchHeight":1,"initial_color":"rgba(191,191,191,0.6)","from":64,"to":29,"curvature":10,"control_point":[]},{"source":76,"target":48,"value":1,"id":252,"type":"talking","index":118,"color":"rgba(191, 191, 191, 0.6)","size":70,"sketchWidth":1,"sketchHeight":1,"initial_color":"rgba(191,191,191,0.6)","from":64,"to":19,"curvature":10,"control_point":[]},{"source":76,"target":58,"value":1,"id":253,"type":"talking","index":119,"color":"rgba(191, 191, 191, 0.6)","size":70,"sketchWidth":1,"sketchHeight":1,"initial_color":"rgba(191,191,191,0.6)","from":64,"to":26,"curvature":10,"control_point":[]},{"source":2,"target":0,"value":8,"id":1,"type":"talking","index":120,"color":"rgba(191, 191, 191, 0.6)","size":70,"sketchWidth":1,"sketchHeight":1,"initial_color":"rgba(191,191,191,0.6)","from":37,"to":35,"curvature":10,"control_point":[]},{"source":3,"target":0,"value":10,"id":2,"type":"talking","index":121,"color":"rgba(191, 191, 191, 0.6)","size":70,"sketchWidth":1,"sketchHeight":1,"initial_color":"rgba(191,191,191,0.6)","from":36,"to":35,"curvature":10,"control_point":[]},{"source":3,"target":2,"value":6,"id":3,"type":"talking","index":122,"color":"rgba(191, 191, 191, 0.6)","size":70,"sketchWidth":1,"sketchHeight":1,"initial_color":"rgba(191,191,191,0.6)","from":36,"to":37,"curvature":10,"control_point":[]},{"source":4,"target":0,"value":1,"id":4,"type":"talking","index":123,"color":"rgba(191, 191, 191, 0.6)","size":70,"sketchWidth":1,"sketchHeight":1,"initial_color":"rgba(191,191,191,0.6)","from":65,"to":35,"curvature":10,"control_point":[]},{"source":0,"target":0,"value":1,"id":9,"type":"talking","index":124,"color":"rgba(191, 191, 191, 0.6)","size":70,"sketchWidth":1,"sketchHeight":1,"initial_color":"rgba(191,191,191,0.6)","from":35,"to":35,"curvature":10,"control_point":[]},{"source":22,"target":21,"value":4,"id":38,"type":"talking","index":125,"color":"rgba(191, 191, 191, 0.6)","size":70,"sketchWidth":1,"sketchHeight":1,"initial_color":"rgba(191,191,191,0.6)","from":42,"to":41,"curvature":10,"control_point":[]},{"source":23,"target":21,"value":4,"id":44,"type":"talking","index":126,"color":"rgba(191, 191, 191, 0.6)","size":70,"sketchWidth":1,"sketchHeight":1,"initial_color":"rgba(191,191,191,0.6)","from":43,"to":41,"curvature":10,"control_point":[]},{"source":23,"target":22,"value":4,"id":45,"type":"talking","index":127,"color":"rgba(191, 191, 191, 0.6)","size":70,"sketchWidth":1,"sketchHeight":1,"initial_color":"rgba(191,191,191,0.6)","from":43,"to":42,"curvature":10,"control_point":[]},{"source":23,"target":12,"value":2,"id":46,"type":"talking","index":128,"color":"rgba(191, 191, 191, 0.6)","size":70,"sketchWidth":1,"sketchHeight":1,"initial_color":"rgba(191,191,191,0.6)","from":43,"to":38,"curvature":10,"control_point":[]},{"source":24,"target":23,"value":2,"id":48,"type":"talking","index":129,"color":"rgba(191, 191, 191, 0.6)","size":70,"sketchWidth":1,"sketchHeight":1,"initial_color":"rgba(191,191,191,0.6)","from":44,"to":43,"curvature":10,"control_point":[]},{"source":26,"target":24,"value":4,"id":53,"type":"talking","index":130,"color":"rgba(191, 191, 191, 0.6)","size":70,"sketchWidth":1,"sketchHeight":1,"initial_color":"rgba(191,191,191,0.6)","from":45,"to":44,"curvature":10,"control_point":[]},{"source":29,"target":23,"value":1,"id":64,"type":"talking","index":131,"color":"rgba(191, 191, 191, 0.6)","size":70,"sketchWidth":1,"sketchHeight":1,"initial_color":"rgba(191,191,191,0.6)","from":46,"to":43,"curvature":10,"control_point":[]},{"source":30,"target":23,"value":1,"id":67,"type":"talking","index":132,"color":"rgba(191, 191, 191, 0.6)","size":70,"sketchWidth":1,"sketchHeight":1,"initial_color":"rgba(191,191,191,0.6)","from":66,"to":43,"curvature":10,"control_point":[]},{"source":31,"target":30,"value":2,"id":68,"type":"talking","index":133,"color":"rgba(191, 191, 191, 0.6)","size":70,"sketchWidth":1,"sketchHeight":1,"initial_color":"rgba(191,191,191,0.6)","from":47,"to":66,"curvature":10,"control_point":[]},{"source":31,"target":23,"value":2,"id":70,"type":"talking","index":134,"color":"rgba(191, 191, 191, 0.6)","size":70,"sketchWidth":1,"sketchHeight":1,"initial_color":"rgba(191,191,191,0.6)","from":47,"to":43,"curvature":10,"control_point":[]},{"source":41,"target":24,"value":2,"id":97,"type":"talking","index":135,"color":"rgba(191, 191, 191, 0.6)","size":70,"sketchWidth":1,"sketchHeight":1,"initial_color":"rgba(191,191,191,0.6)","from":49,"to":44,"curvature":10,"control_point":[]},{"source":42,"target":41,"value":2,"id":99,"type":"talking","index":136,"color":"rgba(191, 191, 191, 0.6)","size":70,"sketchWidth":1,"sketchHeight":1,"initial_color":"rgba(191,191,191,0.6)","from":50,"to":49,"curvature":10,"control_point":[]},{"source":42,"target":24,"value":1,"id":101,"type":"talking","index":137,"color":"rgba(191, 191, 191, 0.6)","size":70,"sketchWidth":1,"sketchHeight":1,"initial_color":"rgba(191,191,191,0.6)","from":50,"to":44,"curvature":10,"control_point":[]},{"source":43,"target":26,"value":1,"id":103,"type":"talking","index":138,"color":"rgba(191, 191, 191, 0.6)","size":70,"sketchWidth":1,"sketchHeight":1,"initial_color":"rgba(191,191,191,0.6)","from":51,"to":45,"curvature":10,"control_point":[]},{"source":47,"target":46,"value":1,"id":108,"type":"talking","index":139,"color":"rgba(191, 191, 191, 0.6)","size":70,"sketchWidth":1,"sketchHeight":1,"initial_color":"rgba(191,191,191,0.6)","from":53,"to":68,"curvature":10,"control_point":[]},{"source":51,"target":26,"value":2,"id":118,"type":"talking","index":140,"color":"rgba(191, 191, 191, 0.6)","size":70,"sketchWidth":1,"sketchHeight":1,"initial_color":"rgba(191,191,191,0.6)","from":54,"to":45,"curvature":10,"control_point":[]},{"source":52,"target":51,"value":1,"id":120,"type":"talking","index":141,"color":"rgba(191, 191, 191, 0.6)","size":70,"sketchWidth":1,"sketchHeight":1,"initial_color":"rgba(191,191,191,0.6)","from":55,"to":54,"curvature":10,"control_point":[]},{"source":53,"target":51,"value":1,"id":122,"type":"talking","index":142,"color":"rgba(191, 191, 191, 0.6)","size":70,"sketchWidth":1,"sketchHeight":1,"initial_color":"rgba(191,191,191,0.6)","from":67,"to":54,"curvature":10,"control_point":[]},{"source":64,"target":61,"value":6,"id":180,"type":"talking","index":143,"color":"rgba(191, 191, 191, 0.6)","size":70,"sketchWidth":1,"sketchHeight":1,"initial_color":"rgba(191,191,191,0.6)","from":58,"to":57,"curvature":10,"control_point":[]},{"source":65,"target":64,"value":7,"id":186,"type":"talking","index":144,"color":"rgba(191, 191, 191, 0.6)","size":70,"sketchWidth":1,"sketchHeight":1,"initial_color":"rgba(191,191,191,0.6)","from":59,"to":58,"curvature":10,"control_point":[]},{"source":65,"target":61,"value":5,"id":190,"type":"talking","index":145,"color":"rgba(191, 191, 191, 0.6)","size":70,"sketchWidth":1,"sketchHeight":1,"initial_color":"rgba(191,191,191,0.6)","from":59,"to":57,"curvature":10,"control_point":[]},{"source":66,"target":64,"value":3,"id":195,"type":"talking","index":146,"color":"rgba(191, 191, 191, 0.6)","size":70,"sketchWidth":1,"sketchHeight":1,"initial_color":"rgba(191,191,191,0.6)","from":60,"to":58,"curvature":10,"control_point":[]},{"source":66,"target":65,"value":2,"id":199,"type":"talking","index":147,"color":"rgba(191, 191, 191, 0.6)","size":70,"sketchWidth":1,"sketchHeight":1,"initial_color":"rgba(191,191,191,0.6)","from":60,"to":59,"curvature":10,"control_point":[]},{"source":66,"target":61,"value":1,"id":202,"type":"talking","index":148,"color":"rgba(191, 191, 191, 0.6)","size":70,"sketchWidth":1,"sketchHeight":1,"initial_color":"rgba(191,191,191,0.6)","from":60,"to":57,"curvature":10,"control_point":[]},{"source":69,"target":24,"value":1,"id":214,"type":"talking","index":149,"color":"rgba(191, 191, 191, 0.6)","size":70,"sketchWidth":1,"sketchHeight":1,"initial_color":"rgba(191,191,191,0.6)","from":62,"to":44,"curvature":10,"control_point":[]},{"source":69,"target":41,"value":1,"id":217,"type":"talking","index":150,"color":"rgba(191, 191, 191, 0.6)","size":70,"sketchWidth":1,"sketchHeight":1,"initial_color":"rgba(191,191,191,0.6)","from":62,"to":49,"curvature":10,"control_point":[]},{"source":72,"target":26,"value":2,"id":234,"type":"talking","index":151,"color":"rgba(191, 191, 191, 0.6)","size":70,"sketchWidth":1,"sketchHeight":1,"initial_color":"rgba(191,191,191,0.6)","from":63,"to":45,"curvature":10,"control_point":[]},{"source":76,"target":64,"value":1,"id":247,"type":"talking","index":152,"color":"rgba(191, 191, 191, 0.6)","size":70,"sketchWidth":1,"sketchHeight":1,"initial_color":"rgba(191,191,191,0.6)","from":64,"to":58,"curvature":10,"control_point":[]},{"source":76,"target":65,"value":1,"id":248,"type":"talking","index":153,"color":"rgba(191, 191, 191, 0.6)","size":70,"sketchWidth":1,"sketchHeight":1,"initial_color":"rgba(191,191,191,0.6)","from":64,"to":59,"curvature":10,"control_point":[]},{"source":76,"target":66,"value":1,"id":249,"type":"talking","index":154,"color":"rgba(191, 191, 191, 0.6)","size":70,"sketchWidth":1,"sketchHeight":1,"initial_color":"rgba(191,191,191,0.6)","from":64,"to":60,"curvature":10,"control_point":[]}],"images":[],"freeDrawing":[]}