{"nodes":[{"name":"Myriel","group":"group1","id":0,"type":"female"},{"name":"Napoleon","group":"group1","id":1,"type":"male"},{"name":"Mlle.Baptistine","group":"group1","id":2,"type":"female"},{"name":"Mme.Magloire","group":"group1","id":3,"type":"female"},{"name":"CountessdeLo","group":"group1","id":4,"type":"female"},{"name":"Geborand","group":"group1","id":5,"type":"male"},{"name":"Champtercier","group":"group1","id":6,"type":"male"},{"name":"Cravatte","group":"group1","id":7,"type":"male"},{"name":"Count","group":"group1","id":8,"type":"male"},{"name":"OldMan","group":"group1","id":9,"type":"male"},{"name":"Labarre","group":"group2","id":10,"type":"male"},{"name":"Valjean","group":"group2","id":11,"type":"male"},{"name":"Marguerite","group":"group3","id":12,"type":"female"},{"name":"Mme.deR","group":"group2","id":13,"type":"female"},{"name":"Isabeau","group":"group2","id":14,"type":"female"},{"name":"Gervais","group":"group2","id":15,"type":"male"},{"name":"Tholomyes","group":"group3","id":16,"type":"male"},{"name":"Listolier","group":"group3","id":17,"type":"male"},{"name":"Fameuil","group":"group3","id":18,"type":"male"},{"name":"Blacheville","group":"group3","id":19,"type":"male"},{"name":"Favourite","group":"group3","id":20,"type":"male"},{"name":"Dahlia","group":"group3","id":21,"type":"female"},{"name":"Zephine","group":"group3","id":22,"type":"female"},{"name":"Fantine","group":"group3","id":23,"type":"female"},{"name":"Mme.Thenardier","group":"group4","id":24,"type":"female"},{"name":"Thenardier","group":"group4","id":25,"type":"male"},{"name":"Cosette","group":"group5","id":26,"type":"female"},{"name":"Javert","group":"group4","id":27,"type":"male"},{"name":"Fauchelevent","group":0,"id":28,"type":"male"},{"name":"Bamatabois","group":"group2","id":29,"type":"female"},{"name":"Perpetue","group":"group3","id":30,"type":"female"},{"name":"Simplice","group":"group2","id":31,"type":"female"},{"name":"Scaufflaire","group":"group2","id":32,"type":"male"},{"name":"Woman1","group":"group2","id":33,"type":"female"},{"name":"Judge","group":"group2","id":34,"type":"male"},{"name":"Champmathieu","group":"group2","id":35,"type":"male"},{"name":"Brevet","group":"group2","id":36,"type":"male"},{"name":"Chenildieu","group":"group2","id":37,"type":"male"},{"name":"Cochepaille","group":"group2","id":38,"type":"male"},{"name":"Pontmercy","group":"group4","id":39,"type":"male"},{"name":"Boulatruelle","group":"group6","id":40,"type":"male"},{"name":"Eponine","group":"group4","id":41,"type":"female"},{"name":"Anzelma","group":"group4","id":42,"type":"female"},{"name":"Woman2","group":"group5","id":43,"type":"female"},{"name":"MotherInnocent","group":0,"id":44,"type":"female"},{"name":"Gribier","group":0,"id":45,"type":"male"},{"name":"Jondrette","group":"group7","id":46,"type":"female"},{"name":"Mme.Burgon","group":"group7","id":47,"type":"female"},{"name":"Gavroche","group":"group8","id":48,"type":"male"},{"name":"Gillenormand","group":"group5","id":49,"type":"male"},{"name":"Magnon","group":"group5","id":50,"type":"male"},{"name":"Mlle.Gillenormand","group":"group5","id":51,"type":"female"},{"name":"Mme.Pontmercy","group":"group5","id":52,"type":"female"},{"name":"Mlle.Vaubois","group":"group5","id":53,"type":"female"},{"name":"Lt.Gillenormand","group":"group5","id":54,"type":"male"},{"name":"Marius","group":"group8","id":55,"type":"male"},{"name":"BaronessT","group":"group5","id":56,"type":"female"},{"name":"Mabeuf","group":"group8","id":57,"type":"male"},{"name":"Enjolras","group":"group8","id":58,"type":"male"},{"name":"Combeferre","group":"group8","id":59,"type":"male"},{"name":"Prouvaire","group":"group8","id":60,"type":"male"},{"name":"Feuilly","group":"group8","id":61,"type":"female"},{"name":"Courfeyrac","group":"group8","id":62,"type":"male"},{"name":"Bahorel","group":"group8","id":63,"type":"male"},{"name":"Bossuet","group":"group8","id":64,"type":"female"},{"name":"Joly","group":"group8","id":65,"type":"female"},{"name":"Grantaire","group":"group8","id":66,"type":"female"},{"name":"MotherPlutarch","group":0,"id":67,"type":"female"},{"name":"Gueulemer","group":"group4","id":68,"type":"male"},{"name":"Babet","group":"group4","id":69,"type":"female"},{"name":"Claquesous","group":"group4","id":70,"type":"male"},{"name":"Montparnasse","group":"group4","id":71,"type":"male"},{"name":"Toussaint","group":"group5","id":72,"type":"female"},{"name":"Child1","group":"group10","id":73,"type":"male"},{"name":"Child2","group":"group10","id":74,"type":"male"},{"name":"Brujon","group":"group4","id":75,"type":"male"},{"name":"Mme.Hucheloup","group":"group8","id":76,"type":"female"}],"links":[{"source":1,"target":0,"value":1,"id":0,"type":"talking"},{"source":2,"target":0,"value":8,"id":1,"type":"talking"},{"source":3,"target":0,"value":10,"id":2,"type":"talking"},{"source":3,"target":2,"value":6,"id":3,"type":"talking"},{"source":4,"target":0,"value":1,"id":4,"type":"talking"},{"source":5,"target":0,"value":1,"id":5,"type":"talking"},{"source":6,"target":0,"value":1,"id":6,"type":"talking"},{"source":7,"target":0,"value":1,"id":7,"type":"talking"},{"source":8,"target":0,"value":2,"id":8,"type":"talking"},{"source":0,"target":0,"value":1,"id":9,"type":"talking"},{"source":11,"target":10,"value":1,"id":10,"type":"talking"},{"source":11,"target":3,"value":3,"id":11,"type":"talking"},{"source":11,"target":2,"value":3,"id":12,"type":"talking"},{"source":11,"target":0,"value":5,"id":13,"type":"talking"},{"source":12,"target":11,"value":1,"id":14,"type":"talking"},{"source":13,"target":11,"value":1,"id":15,"type":"talking"},{"source":14,"target":11,"value":1,"id":16,"type":"talking"},{"source":15,"target":11,"value":1,"id":17,"type":"talking"},{"source":17,"target":16,"value":4,"id":18,"type":"talking"},{"source":18,"target":16,"value":4,"id":19,"type":"talking"},{"source":18,"target":17,"value":4,"id":20,"type":"talking"},{"source":19,"target":16,"value":4,"id":21,"type":"talking"},{"source":19,"target":17,"value":4,"id":22,"type":"talking"},{"source":19,"target":18,"value":4,"id":23,"type":"talking"},{"source":20,"target":16,"value":3,"id":24,"type":"talking"},{"source":20,"target":17,"value":3,"id":25,"type":"talking"},{"source":20,"target":18,"value":3,"id":26,"type":"talking"},{"source":20,"target":19,"value":4,"id":27,"type":"talking"},{"source":21,"target":16,"value":3,"id":28,"type":"talking"},{"source":21,"target":17,"value":3,"id":29,"type":"talking"},{"source":21,"target":18,"value":3,"id":30,"type":"talking"},{"source":21,"target":19,"value":3,"id":31,"type":"talking"},{"source":21,"target":20,"value":5,"id":32,"type":"talking"},{"source":22,"target":16,"value":3,"id":33,"type":"talking"},{"source":22,"target":17,"value":3,"id":34,"type":"talking"},{"source":22,"target":18,"value":3,"id":35,"type":"talking"},{"source":22,"target":19,"value":3,"id":36,"type":"talking"},{"source":22,"target":20,"value":4,"id":37,"type":"talking"},{"source":22,"target":21,"value":4,"id":38,"type":"talking"},{"source":23,"target":16,"value":3,"id":39,"type":"talking"},{"source":23,"target":17,"value":3,"id":40,"type":"talking"},{"source":23,"target":18,"value":3,"id":41,"type":"talking"},{"source":23,"target":19,"value":3,"id":42,"type":"talking"},{"source":23,"target":20,"value":4,"id":43,"type":"talking"},{"source":23,"target":21,"value":4,"id":44,"type":"talking"},{"source":23,"target":22,"value":4,"id":45,"type":"talking"},{"source":23,"target":12,"value":2,"id":46,"type":"talking"},{"source":23,"target":11,"value":0,"id":47,"type":"talking"},{"source":24,"target":23,"value":2,"id":48,"type":"talking"},{"source":24,"target":11,"value":7,"id":49,"type":"talking"},{"source":25,"target":24,"value":13,"id":50,"type":"talking"},{"source":25,"target":23,"value":1,"id":51,"type":"talking"},{"source":25,"target":11,"value":12,"id":52,"type":"talking"},{"source":26,"target":24,"value":4,"id":53,"type":"talking"},{"source":26,"target":11,"value":31,"id":54,"type":"talking"},{"source":26,"target":16,"value":1,"id":55,"type":"talking"},{"source":26,"target":25,"value":1,"id":56,"type":"talking"},{"source":27,"target":11,"value":17,"id":57,"type":"talking"},{"source":27,"target":23,"value":5,"id":58,"type":"talking"},{"source":27,"target":25,"value":5,"id":59,"type":"talking"},{"source":27,"target":24,"value":1,"id":60,"type":"talking"},{"source":27,"target":26,"value":1,"id":61,"type":"talking"},{"source":28,"target":11,"value":8,"id":62,"type":"talking"},{"source":28,"target":27,"value":1,"id":63,"type":"talking"},{"source":29,"target":23,"value":1,"id":64,"type":"talking"},{"source":29,"target":27,"value":1,"id":65,"type":"talking"},{"source":29,"target":11,"value":2,"id":66,"type":"talking"},{"source":30,"target":23,"value":1,"id":67,"type":"talking"},{"source":31,"target":30,"value":2,"id":68,"type":"talking"},{"source":31,"target":11,"value":3,"id":69,"type":"talking"},{"source":31,"target":23,"value":2,"id":70,"type":"talking"},{"source":31,"target":27,"value":1,"id":71,"type":"talking"},{"source":32,"target":11,"value":1,"id":72,"type":"talking"},{"source":33,"target":11,"value":2,"id":73,"type":"talking"},{"source":33,"target":27,"value":1,"id":74,"type":"talking"},{"source":34,"target":11,"value":3,"id":75,"type":"talking"},{"source":34,"target":29,"value":2,"id":76,"type":"talking"},{"source":35,"target":11,"value":3,"id":77,"type":"talking"},{"source":35,"target":34,"value":3,"id":78,"type":"talking"},{"source":35,"target":29,"value":2,"id":79,"type":"talking"},{"source":36,"target":34,"value":2,"id":80,"type":"talking"},{"source":36,"target":35,"value":2,"id":81,"type":"talking"},{"source":36,"target":11,"value":2,"id":82,"type":"talking"},{"source":36,"target":29,"value":1,"id":83,"type":"talking"},{"source":37,"target":34,"value":2,"id":84,"type":"talking"},{"source":37,"target":35,"value":2,"id":85,"type":"talking"},{"source":37,"target":36,"value":2,"id":86,"type":"talking"},{"source":37,"target":11,"value":2,"id":87,"type":"talking"},{"source":37,"target":29,"value":1,"id":88,"type":"talking"},{"source":38,"target":34,"value":2,"id":89,"type":"talking"},{"source":38,"target":35,"value":2,"id":90,"type":"talking"},{"source":38,"target":36,"value":2,"id":91,"type":"talking"},{"source":38,"target":37,"value":2,"id":92,"type":"talking"},{"source":38,"target":11,"value":2,"id":93,"type":"talking"},{"source":38,"target":29,"value":1,"id":94,"type":"talking"},{"source":39,"target":25,"value":1,"id":95,"type":"talking"},{"source":40,"target":25,"value":1,"id":96,"type":"talking"},{"source":41,"target":24,"value":2,"id":97,"type":"talking"},{"source":41,"target":25,"value":3,"id":98,"type":"talking"},{"source":42,"target":41,"value":2,"id":99,"type":"talking"},{"source":42,"target":25,"value":2,"id":100,"type":"talking"},{"source":42,"target":24,"value":1,"id":101,"type":"talking"},{"source":43,"target":11,"value":3,"id":102,"type":"talking"},{"source":43,"target":26,"value":1,"id":103,"type":"talking"},{"source":43,"target":27,"value":1,"id":104,"type":"talking"},{"source":44,"target":28,"value":3,"id":105,"type":"talking"},{"source":44,"target":11,"value":1,"id":106,"type":"talking"},{"source":45,"target":28,"value":2,"id":107,"type":"talking"},{"source":47,"target":46,"value":1,"id":108,"type":"talking"},{"source":48,"target":47,"value":2,"id":109,"type":"talking"},{"source":48,"target":25,"value":1,"id":110,"type":"talking"},{"source":48,"target":27,"value":1,"id":111,"type":"talking"},{"source":48,"target":11,"value":1,"id":112,"type":"talking"},{"source":49,"target":26,"value":3,"id":113,"type":"talking"},{"source":49,"target":11,"value":2,"id":114,"type":"talking"},{"source":50,"target":49,"value":1,"id":115,"type":"talking"},{"source":50,"target":24,"value":1,"id":116,"type":"talking"},{"source":51,"target":49,"value":0,"id":117,"type":"talking"},{"source":51,"target":26,"value":2,"id":118,"type":"talking"},{"source":51,"target":11,"value":2,"id":119,"type":"talking"},{"source":52,"target":51,"value":1,"id":120,"type":"talking"},{"source":52,"target":39,"value":1,"id":121,"type":"talking"},{"source":53,"target":51,"value":1,"id":122,"type":"talking"},{"source":54,"target":51,"value":2,"id":123,"type":"talking"},{"source":54,"target":49,"value":1,"id":124,"type":"talking"},{"source":54,"target":26,"value":1,"id":125,"type":"talking"},{"source":55,"target":51,"value":6,"id":126,"type":"talking"},{"source":55,"target":49,"value":12,"id":127,"type":"talking"},{"source":55,"target":39,"value":1,"id":128,"type":"talking"},{"source":55,"target":54,"value":1,"id":129,"type":"talking"},{"source":55,"target":26,"value":21,"id":130,"type":"talking"},{"source":55,"target":11,"value":19,"id":131,"type":"talking"},{"source":55,"target":16,"value":1,"id":132,"type":"talking"},{"source":55,"target":25,"value":2,"id":133,"type":"talking"},{"source":55,"target":41,"value":5,"id":134,"type":"talking"},{"source":55,"target":48,"value":4,"id":135,"type":"talking"},{"source":56,"target":49,"value":1,"id":136,"type":"talking"},{"source":56,"target":55,"value":1,"id":137,"type":"talking"},{"source":57,"target":55,"value":1,"id":138,"type":"talking"},{"source":57,"target":41,"value":1,"id":139,"type":"talking"},{"source":57,"target":48,"value":1,"id":140,"type":"talking"},{"source":58,"target":55,"value":7,"id":141,"type":"talking"},{"source":58,"target":48,"value":7,"id":142,"type":"talking"},{"source":58,"target":27,"value":6,"id":143,"type":"talking"},{"source":58,"target":57,"value":1,"id":144,"type":"talking"},{"source":58,"target":11,"value":4,"id":145,"type":"talking"},{"source":59,"target":58,"value":15,"id":146,"type":"talking"},{"source":59,"target":55,"value":5,"id":147,"type":"talking"},{"source":59,"target":48,"value":6,"id":148,"type":"talking"},{"source":59,"target":57,"value":2,"id":149,"type":"talking"},{"source":60,"target":48,"value":1,"id":150,"type":"talking"},{"source":60,"target":58,"value":4,"id":151,"type":"talking"},{"source":60,"target":59,"value":2,"id":152,"type":"talking"},{"source":61,"target":48,"value":2,"id":153,"type":"talking"},{"source":61,"target":58,"value":6,"id":154,"type":"talking"},{"source":61,"target":60,"value":2,"id":155,"type":"talking"},{"source":61,"target":59,"value":5,"id":156,"type":"talking"},{"source":61,"target":57,"value":1,"id":157,"type":"talking"},{"source":61,"target":55,"value":1,"id":158,"type":"talking"},{"source":62,"target":55,"value":0,"id":159,"type":"talking"},{"source":62,"target":58,"value":17,"id":160,"type":"talking"},{"source":62,"target":59,"value":13,"id":161,"type":"talking"},{"source":62,"target":48,"value":7,"id":162,"type":"talking"},{"source":62,"target":57,"value":2,"id":163,"type":"talking"},{"source":62,"target":41,"value":1,"id":164,"type":"talking"},{"source":62,"target":61,"value":6,"id":165,"type":"talking"},{"source":62,"target":60,"value":3,"id":166,"type":"talking"},{"source":63,"target":59,"value":5,"id":167,"type":"talking"},{"source":63,"target":48,"value":5,"id":168,"type":"talking"},{"source":63,"target":62,"value":6,"id":169,"type":"talking"},{"source":63,"target":57,"value":2,"id":170,"type":"talking"},{"source":63,"target":58,"value":4,"id":171,"type":"talking"},{"source":63,"target":61,"value":3,"id":172,"type":"talking"},{"source":63,"target":60,"value":2,"id":173,"type":"talking"},{"source":63,"target":55,"value":1,"id":174,"type":"talking"},{"source":64,"target":55,"value":5,"id":175,"type":"talking"},{"source":64,"target":62,"value":12,"id":176,"type":"talking"},{"source":64,"target":48,"value":5,"id":177,"type":"talking"},{"source":64,"target":63,"value":4,"id":178,"type":"talking"},{"source":64,"target":58,"value":10,"id":179,"type":"talking"},{"source":64,"target":61,"value":6,"id":180,"type":"talking"},{"source":64,"target":60,"value":2,"id":181,"type":"talking"},{"source":64,"target":59,"value":0,"id":182,"type":"talking"},{"source":64,"target":57,"value":1,"id":183,"type":"talking"},{"source":64,"target":11,"value":1,"id":184,"type":"talking"},{"source":65,"target":63,"value":5,"id":185,"type":"talking"},{"source":65,"target":64,"value":7,"id":186,"type":"talking"},{"source":65,"target":48,"value":3,"id":187,"type":"talking"},{"source":65,"target":62,"value":5,"id":188,"type":"talking"},{"source":65,"target":58,"value":5,"id":189,"type":"talking"},{"source":65,"target":61,"value":5,"id":190,"type":"talking"},{"source":65,"target":60,"value":2,"id":191,"type":"talking"},{"source":65,"target":59,"value":5,"id":192,"type":"talking"},{"source":65,"target":57,"value":1,"id":193,"type":"talking"},{"source":65,"target":55,"value":2,"id":194,"type":"talking"},{"source":66,"target":64,"value":3,"id":195,"type":"talking"},{"source":66,"target":58,"value":3,"id":196,"type":"talking"},{"source":66,"target":59,"value":1,"id":197,"type":"talking"},{"source":66,"target":62,"value":2,"id":198,"type":"talking"},{"source":66,"target":65,"value":2,"id":199,"type":"talking"},{"source":66,"target":48,"value":1,"id":200,"type":"talking"},{"source":66,"target":63,"value":1,"id":201,"type":"talking"},{"source":66,"target":61,"value":1,"id":202,"type":"talking"},{"source":66,"target":60,"value":1,"id":203,"type":"talking"},{"source":67,"target":57,"value":3,"id":204,"type":"talking"},{"source":68,"target":25,"value":5,"id":205,"type":"talking"},{"source":68,"target":11,"value":1,"id":206,"type":"talking"},{"source":68,"target":24,"value":1,"id":207,"type":"talking"},{"source":68,"target":27,"value":1,"id":208,"type":"talking"},{"source":68,"target":48,"value":1,"id":209,"type":"talking"},{"source":68,"target":41,"value":1,"id":210,"type":"talking"},{"source":69,"target":25,"value":6,"id":211,"type":"talking"},{"source":69,"target":68,"value":6,"id":212,"type":"talking"},{"source":69,"target":11,"value":1,"id":213,"type":"talking"},{"source":69,"target":24,"value":1,"id":214,"type":"talking"},{"source":69,"target":27,"value":2,"id":215,"type":"talking"},{"source":69,"target":48,"value":1,"id":216,"type":"talking"},{"source":69,"target":41,"value":1,"id":217,"type":"talking"},{"source":70,"target":25,"value":4,"id":218,"type":"talking"},{"source":70,"target":69,"value":4,"id":219,"type":"talking"},{"source":70,"target":68,"value":4,"id":220,"type":"talking"},{"source":70,"target":11,"value":1,"id":221,"type":"talking"},{"source":70,"target":24,"value":1,"id":222,"type":"talking"},{"source":70,"target":27,"value":1,"id":223,"type":"talking"},{"source":70,"target":41,"value":1,"id":224,"type":"talking"},{"source":70,"target":58,"value":1,"id":225,"type":"talking"},{"source":71,"target":27,"value":1,"id":226,"type":"talking"},{"source":71,"target":69,"value":2,"id":227,"type":"talking"},{"source":71,"target":68,"value":2,"id":228,"type":"talking"},{"source":71,"target":70,"value":2,"id":229,"type":"talking"},{"source":71,"target":11,"value":1,"id":230,"type":"talking"},{"source":71,"target":48,"value":1,"id":231,"type":"talking"},{"source":71,"target":41,"value":1,"id":232,"type":"talking"},{"source":71,"target":25,"value":1,"id":233,"type":"talking"},{"source":72,"target":26,"value":2,"id":234,"type":"talking"},{"source":72,"target":27,"value":1,"id":235,"type":"talking"},{"source":72,"target":11,"value":1,"id":236,"type":"talking"},{"source":73,"target":48,"value":2,"id":237,"type":"talking"},{"source":74,"target":48,"value":2,"id":238,"type":"talking"},{"source":74,"target":73,"value":3,"id":239,"type":"talking"},{"source":75,"target":69,"value":3,"id":240,"type":"talking"},{"source":75,"target":68,"value":3,"id":241,"type":"talking"},{"source":75,"target":25,"value":3,"id":242,"type":"talking"},{"source":75,"target":48,"value":1,"id":243,"type":"talking"},{"source":75,"target":41,"value":1,"id":244,"type":"talking"},{"source":75,"target":70,"value":1,"id":245,"type":"talking"},{"source":75,"target":71,"value":1,"id":246,"type":"talking"},{"source":76,"target":64,"value":1,"id":247,"type":"talking"},{"source":76,"target":65,"value":1,"id":248,"type":"talking"},{"source":76,"target":66,"value":1,"id":249,"type":"talking"},{"source":76,"target":63,"value":1,"id":250,"type":"talking"},{"source":76,"target":62,"value":1,"id":251,"type":"talking"},{"source":76,"target":48,"value":1,"id":252,"type":"talking"},{"source":76,"target":58,"value":1,"id":253,"type":"talking"}]}