{"nodes":[{"type":"key","id":"information visualization","name":"information visualization","x":588,"y":411,"sizeLabel":0,"colorLabel":"white","r":10,"width":20,"height":20,"relativeR":10,"relativeScaleR":1,"isHover":false,"color":"#1f77b4","stroke_color":"#1f77b4","strokeSize":1,"initial_color":"#1f77b4","initial_stroke_color":"#1f77b4","sketchPaths":[],"isFixed":false,"fx":588,"fy":411,"selected":false},{"nbCitation":1,"name":"Flexible information visualization of multivariate data from biological sequence similarity searches","nbAuthors":6,"year":1996,"type":"doc","id":"acm245041","x":683.7490479396569,"y":444.65452610432425,"sizeLabel":0,"colorLabel":"white","r":10,"width":20,"height":20,"relativeR":10,"relativeScaleR":1,"isHover":false,"color":"rgba(191,191,191,1)","stroke_color":"rgba(191,191,191,1)","strokeSize":1,"initial_color":"rgba(191,191,191,1)","initial_stroke_color":"rgba(191,191,191,1)","sketchPaths":[],"isFixed":false,"selected":false},{"nbCitation":0,"name":"Angular Brushing of Extended Parallel Coordinates","nbAuthors":3,"year":2002,"type":"doc","id":"acm857742","x":683.4325403825607,"y":479.1256423474718,"sizeLabel":0,"colorLabel":"white","r":10,"width":20,"height":20,"relativeR":10,"relativeScaleR":1,"isHover":false,"color":"rgba(191,191,191,1)","stroke_color":"rgba(191,191,191,1)","strokeSize":1,"initial_color":"rgba(191,191,191,1)","initial_stroke_color":"rgba(191,191,191,1)","sketchPaths":[],"isFixed":false,"selected":false},{"nbCitation":5,"name":"Visualization of search results: a comparative evaluation of text, 2D, and 3D interfaces","nbAuthors":5,"year":1999,"type":"doc","id":"acm312634","x":634.7953973139058,"y":510.1199611987577,"sizeLabel":0,"colorLabel":"white","r":10,"width":20,"height":20,"relativeR":10,"relativeScaleR":1,"isHover":false,"color":"rgba(191,191,191,1)","stroke_color":"rgba(191,191,191,1)","strokeSize":1,"initial_color":"rgba(191,191,191,1)","initial_stroke_color":"rgba(191,191,191,1)","sketchPaths":[],"isFixed":false,"selected":false},{"nbCitation":0,"name":"Knowledge Mining With VxInsight: Discovery ThroughInteraction","nbAuthors":5,"year":1998,"type":"doc","id":"acm305265","x":657.2532987602841,"y":492.58407677338187,"sizeLabel":0,"colorLabel":"white","r":10,"width":20,"height":20,"relativeR":10,"relativeScaleR":1,"isHover":false,"color":"rgba(191,191,191,1)","stroke_color":"rgba(191,191,191,1)","strokeSize":1,"initial_color":"rgba(191,191,191,1)","initial_stroke_color":"rgba(191,191,191,1)","sketchPaths":[],"isFixed":false,"selected":false},{"nbCitation":7,"name":"Ordered Treemap Layouts","nbAuthors":2,"year":2001,"type":"doc","id":"acm857710","x":663.98786544326,"y":464.3747574970793,"sizeLabel":0,"colorLabel":"white","r":10,"width":20,"height":20,"relativeR":10,"relativeScaleR":1,"isHover":false,"color":"rgba(191,191,191,1)","stroke_color":"rgba(191,191,191,1)","strokeSize":1,"initial_color":"rgba(191,191,191,1)","initial_stroke_color":"rgba(191,191,191,1)","sketchPaths":[],"isFixed":false,"selected":false},{"nbCitation":6,"name":"The scent of a site: a system for analyzing and predicting information scent, usage, and usability of a Web site","nbAuthors":3,"year":2000,"type":"doc","id":"acm332423","x":693.3665677941623,"y":394.6719033925727,"sizeLabel":0,"colorLabel":"white","r":10,"width":20,"height":20,"relativeR":10,"relativeScaleR":1,"isHover":false,"color":"rgba(191,191,191,1)","stroke_color":"rgba(191,191,191,1)","strokeSize":1,"initial_color":"rgba(191,191,191,1)","initial_stroke_color":"rgba(191,191,191,1)","sketchPaths":[],"isFixed":false,"selected":false},{"nbCitation":4,"name":"Towards a generative theory of diagram design","nbAuthors":3,"year":1995,"type":"doc","id":"acm857590","x":667.273161829873,"y":391.51324264808846,"sizeLabel":0,"colorLabel":"white","r":10,"width":20,"height":20,"relativeR":10,"relativeScaleR":1,"isHover":false,"color":"rgba(191,191,191,1)","stroke_color":"rgba(191,191,191,1)","strokeSize":1,"initial_color":"rgba(191,191,191,1)","initial_stroke_color":"rgba(191,191,191,1)","sketchPaths":[],"isFixed":false,"selected":false},{"nbCitation":24,"name":"Visualizing complex hypermedia networks through multiple hierarchical views","nbAuthors":3,"year":1995,"type":"doc","id":"acm223947","x":700.0336967887006,"y":422.24846844421626,"sizeLabel":0,"colorLabel":"white","r":10,"width":20,"height":20,"relativeR":10,"relativeScaleR":1,"isHover":false,"color":"rgba(191,191,191,1)","stroke_color":"rgba(191,191,191,1)","strokeSize":1,"initial_color":"rgba(191,191,191,1)","initial_stroke_color":"rgba(191,191,191,1)","sketchPaths":[],"isFixed":false,"selected":false},{"nbCitation":2,"name":"Opportunities for Information Visualization","nbAuthors":1,"year":2000,"type":"doc","id":"acm618679","x":632.8591870514351,"y":449.18284769229155,"sizeLabel":0,"colorLabel":"white","r":10,"width":20,"height":20,"relativeR":10,"relativeScaleR":1,"isHover":false,"color":"rgba(191,191,191,1)","stroke_color":"rgba(191,191,191,1)","strokeSize":1,"initial_color":"rgba(191,191,191,1)","initial_stroke_color":"rgba(191,191,191,1)","sketchPaths":[],"isFixed":false,"selected":false},{"nbCitation":34,"name":"The Eyes Have It: A Task by Data Type Taxonomy for Information Visualizations","nbAuthors":1,"year":1996,"type":"doc","id":"acm834354","x":657.4660059360109,"y":440.7905086027391,"sizeLabel":0,"colorLabel":"white","r":10,"width":20,"height":20,"relativeR":10,"relativeScaleR":1,"isHover":false,"color":"rgba(191,191,191,1)","stroke_color":"rgba(191,191,191,1)","strokeSize":1,"initial_color":"rgba(191,191,191,1)","initial_stroke_color":"rgba(191,191,191,1)","sketchPaths":[],"isFixed":false,"selected":false},{"nbCitation":10,"name":"Principles for Information Visualization Spreadsheets","nbAuthors":4,"year":1998,"type":"doc","id":"acm618540","x":640.8421083851317,"y":472.67309534401295,"sizeLabel":0,"colorLabel":"white","r":10,"width":20,"height":20,"relativeR":10,"relativeScaleR":1,"isHover":false,"color":"rgba(191,191,191,1)","stroke_color":"rgba(191,191,191,1)","strokeSize":1,"initial_color":"rgba(191,191,191,1)","initial_stroke_color":"rgba(191,191,191,1)","sketchPaths":[],"isFixed":false,"selected":false},{"nbCitation":7,"name":"Process Visualization with Levels of Detail","nbAuthors":4,"year":2002,"type":"doc","id":"acm857729","x":578.6554470141429,"y":527.5866916337005,"sizeLabel":0,"colorLabel":"white","r":10,"width":20,"height":20,"relativeR":10,"relativeScaleR":1,"isHover":false,"color":"rgba(191,191,191,1)","stroke_color":"rgba(191,191,191,1)","strokeSize":1,"initial_color":"rgba(191,191,191,1)","initial_stroke_color":"rgba(191,191,191,1)","sketchPaths":[],"isFixed":false,"selected":false},{"nbCitation":6,"name":"Algorithm animation using 3D interactive graphics","nbAuthors":2,"year":1993,"type":"doc","id":"acm168651","x":606.4511356324473,"y":514.1368585006479,"sizeLabel":0,"colorLabel":"white","r":10,"width":20,"height":20,"relativeR":10,"relativeScaleR":1,"isHover":false,"color":"rgba(191,191,191,1)","stroke_color":"rgba(191,191,191,1)","strokeSize":1,"initial_color":"rgba(191,191,191,1)","initial_stroke_color":"rgba(191,191,191,1)","sketchPaths":[],"isFixed":false,"selected":false},{"nbCitation":11,"name":"Data visualization sliders","nbAuthors":1,"year":1994,"type":"doc","id":"acm192472","x":619.7814789498628,"y":489.68275351355504,"sizeLabel":0,"colorLabel":"white","r":10,"width":20,"height":20,"relativeR":10,"relativeScaleR":1,"isHover":false,"color":"rgba(191,191,191,1)","stroke_color":"rgba(191,191,191,1)","strokeSize":1,"initial_color":"rgba(191,191,191,1)","initial_stroke_color":"rgba(191,191,191,1)","sketchPaths":[],"isFixed":false,"selected":false},{"nbCitation":7,"name":"Visualising cyberspace: information visualisation in the Harmony Internet browser","nbAuthors":1,"year":1999,"type":"doc","id":"acm300803","x":583.3937793383573,"y":504.11745497842935,"sizeLabel":0,"colorLabel":"white","r":10,"width":20,"height":20,"relativeR":10,"relativeScaleR":1,"isHover":false,"color":"rgba(191,191,191,1)","stroke_color":"rgba(191,191,191,1)","strokeSize":1,"initial_color":"rgba(191,191,191,1)","initial_stroke_color":"rgba(191,191,191,1)","sketchPaths":[],"isFixed":false,"selected":false},{"nbCitation":4,"name":"Table Lens as a tool for making sense of data","nbAuthors":2,"year":1999,"type":"doc","id":"acm300835","x":593.7452923884581,"y":481.9258531745502,"sizeLabel":0,"colorLabel":"white","r":10,"width":20,"height":20,"relativeR":10,"relativeScaleR":1,"isHover":false,"color":"rgba(191,191,191,1)","stroke_color":"rgba(191,191,191,1)","strokeSize":1,"initial_color":"rgba(191,191,191,1)","initial_stroke_color":"rgba(191,191,191,1)","sketchPaths":[],"isFixed":false,"selected":false},{"nbCitation":12,"name":"Silk from a sow's ear: extracting usable structures from the Web","nbAuthors":3,"year":1996,"type":"doc","id":"acm238450","x":576.0354399236185,"y":461.8676928350838,"sizeLabel":0,"colorLabel":"white","r":10,"width":20,"height":20,"relativeR":10,"relativeScaleR":1,"isHover":false,"color":"rgba(191,191,191,1)","stroke_color":"rgba(191,191,191,1)","strokeSize":1,"initial_color":"rgba(191,191,191,1)","initial_stroke_color":"rgba(191,191,191,1)","sketchPaths":[],"isFixed":false,"selected":false},{"nbCitation":7,"name":"Laying out and visualizing large trees using a hyperbolic space","nbAuthors":2,"year":1994,"type":"doc","id":"acm192430","x":635.1442845446879,"y":429.1064320833963,"sizeLabel":0,"colorLabel":"white","r":10,"width":20,"height":20,"relativeR":10,"relativeScaleR":1,"isHover":false,"color":"rgba(191,191,191,1)","stroke_color":"rgba(191,191,191,1)","strokeSize":1,"initial_color":"rgba(191,191,191,1)","initial_stroke_color":"rgba(191,191,191,1)","sketchPaths":[],"isFixed":false,"selected":false},{"nbCitation":15,"name":"The continuous zoom: a constrained fisheye technique for viewing and navigating large information spaces","nbAuthors":4,"year":1995,"type":"doc","id":"acm215977","x":675.2458804804008,"y":416.6781489043453,"sizeLabel":0,"colorLabel":"white","r":10,"width":20,"height":20,"relativeR":10,"relativeScaleR":1,"isHover":false,"color":"rgba(191,191,191,1)","stroke_color":"rgba(191,191,191,1)","strokeSize":1,"initial_color":"rgba(191,191,191,1)","initial_stroke_color":"rgba(191,191,191,1)","sketchPaths":[],"isFixed":false,"selected":false},{"nbCitation":3,"name":"Does organisation by similarity assist image browsing?","nbAuthors":4,"year":2001,"type":"doc","id":"acm365097","x":682.0028860718571,"y":369.82337231031534,"sizeLabel":0,"colorLabel":"white","r":10,"width":20,"height":20,"relativeR":10,"relativeScaleR":1,"isHover":false,"color":"rgba(191,191,191,1)","stroke_color":"rgba(191,191,191,1)","strokeSize":1,"initial_color":"rgba(191,191,191,1)","initial_stroke_color":"rgba(191,191,191,1)","sketchPaths":[],"isFixed":false,"selected":false},{"nbCitation":67,"name":"Pad++: a zooming graphical interface for exploring alternate interface physics","nbAuthors":2,"year":1994,"type":"doc","id":"acm192435","x":664.8680456904628,"y":348.2985896746306,"sizeLabel":0,"colorLabel":"white","r":10,"width":20,"height":20,"relativeR":10,"relativeScaleR":1,"isHover":false,"color":"rgba(191,191,191,1)","stroke_color":"rgba(191,191,191,1)","strokeSize":1,"initial_color":"rgba(191,191,191,1)","initial_stroke_color":"rgba(191,191,191,1)","sketchPaths":[],"isFixed":false,"selected":false},{"nbCitation":6,"name":"Semantic Depth of Field","nbAuthors":3,"year":2001,"type":"doc","id":"acm857724","x":615.8983881219352,"y":461.8119409648166,"sizeLabel":0,"colorLabel":"white","r":10,"width":20,"height":20,"relativeR":10,"relativeScaleR":1,"isHover":false,"color":"rgba(191,191,191,1)","stroke_color":"rgba(191,191,191,1)","strokeSize":1,"initial_color":"rgba(191,191,191,1)","initial_stroke_color":"rgba(191,191,191,1)","sketchPaths":[],"isFixed":false,"selected":false},{"nbCitation":13,"name":"Graphical multiscale Web histories: a study of padprints","nbAuthors":5,"year":1998,"type":"doc","id":"acm276634","x":608.2715218575786,"y":385.53865457581657,"sizeLabel":0,"colorLabel":"white","r":10,"width":20,"height":20,"relativeR":10,"relativeScaleR":1,"isHover":false,"color":"rgba(191,191,191,1)","stroke_color":"rgba(191,191,191,1)","strokeSize":1,"initial_color":"rgba(191,191,191,1)","initial_stroke_color":"rgba(191,191,191,1)","sketchPaths":[],"isFixed":false,"selected":false},{"nbCitation":2,"name":"The Sunflower Visual Metaphor, a New Paradigm for Dimensional Compression","nbAuthors":1,"year":1999,"type":"doc","id":"acm857672","x":650.8837311403275,"y":408.02785653188806,"sizeLabel":0,"colorLabel":"white","r":10,"width":20,"height":20,"relativeR":10,"relativeScaleR":1,"isHover":false,"color":"rgba(191,191,191,1)","stroke_color":"rgba(191,191,191,1)","strokeSize":1,"initial_color":"rgba(191,191,191,1)","initial_stroke_color":"rgba(191,191,191,1)","sketchPaths":[],"isFixed":false,"selected":false},{"nbCitation":6,"name":"Focus+Context Display and Navigation Techniques for Enhancing Radial, Space-Filling Hierarchy Visualizations","nbAuthors":2,"year":2000,"type":"doc","id":"acm857683","x":654.6875902282359,"y":370.59184960783597,"sizeLabel":0,"colorLabel":"white","r":10,"width":20,"height":20,"relativeR":10,"relativeScaleR":1,"isHover":false,"color":"rgba(191,191,191,1)","stroke_color":"rgba(191,191,191,1)","strokeSize":1,"initial_color":"rgba(191,191,191,1)","initial_stroke_color":"rgba(191,191,191,1)","sketchPaths":[],"isFixed":false,"selected":false},{"nbCitation":27,"name":"Space-scale diagrams: understanding multiscale interfaces","nbAuthors":2,"year":1995,"type":"doc","id":"acm223934","x":555.7723792730496,"y":509.64751516539593,"sizeLabel":0,"colorLabel":"white","r":10,"width":20,"height":20,"relativeR":10,"relativeScaleR":1,"isHover":false,"color":"rgba(191,191,191,1)","stroke_color":"rgba(191,191,191,1)","strokeSize":1,"initial_color":"rgba(191,191,191,1)","initial_stroke_color":"rgba(191,191,191,1)","sketchPaths":[],"isFixed":false,"selected":false},{"nbCitation":6,"name":"Design and Evaluation of Incremental Data Structures and Algorithms for Dynamic Query Interfaces","nbAuthors":3,"year":1997,"type":"doc","id":"acm857639","x":609.6169996870278,"y":431.84463815734347,"sizeLabel":0,"colorLabel":"white","r":10,"width":20,"height":20,"relativeR":10,"relativeScaleR":1,"isHover":false,"color":"rgba(191,191,191,1)","stroke_color":"rgba(191,191,191,1)","strokeSize":1,"initial_color":"rgba(191,191,191,1)","initial_stroke_color":"rgba(191,191,191,1)","sketchPaths":[],"isFixed":false,"selected":false},{"nbCitation":23,"name":"A review and taxonomy of distortion-oriented presentation techniques","nbAuthors":2,"year":1994,"type":"doc","id":"acm180173","x":615.9009130707666,"y":409.46831534596805,"sizeLabel":0,"colorLabel":"white","r":10,"width":20,"height":20,"relativeR":10,"relativeScaleR":1,"isHover":false,"color":"rgba(191,191,191,1)","stroke_color":"rgba(191,191,191,1)","strokeSize":1,"initial_color":"rgba(191,191,191,1)","initial_stroke_color":"rgba(191,191,191,1)","sketchPaths":[],"isFixed":false,"selected":false},{"nbCitation":3,"name":"An interactive visual query environment for exploring data","nbAuthors":3,"year":1997,"type":"doc","id":"acm263545","x":586.8623215896995,"y":378.95427175449265,"sizeLabel":0,"colorLabel":"white","r":10,"width":20,"height":20,"relativeR":10,"relativeScaleR":1,"isHover":false,"color":"rgba(191,191,191,1)","stroke_color":"rgba(191,191,191,1)","strokeSize":1,"initial_color":"rgba(191,191,191,1)","initial_stroke_color":"rgba(191,191,191,1)","sketchPaths":[],"isFixed":false,"selected":false},{"nbCitation":9,"name":"Pad++: a zoomable graphical interface system","nbAuthors":2,"year":1995,"type":"doc","id":"acm223394","x":534.7291789572491,"y":490.49323717071,"sizeLabel":0,"colorLabel":"white","r":10,"width":20,"height":20,"relativeR":10,"relativeScaleR":1,"isHover":false,"color":"rgba(191,191,191,1)","stroke_color":"rgba(191,191,191,1)","strokeSize":1,"initial_color":"rgba(191,191,191,1)","initial_stroke_color":"rgba(191,191,191,1)","sketchPaths":[],"isFixed":false,"selected":false},{"nbCitation":0,"name":"The Shape of Shakespeare: Visualizing Text using Implicit Surfaces","nbAuthors":3,"year":1998,"type":"doc","id":"acm721083","x":565.7367733253866,"y":484.26220077048913,"sizeLabel":0,"colorLabel":"white","r":10,"width":20,"height":20,"relativeR":10,"relativeScaleR":1,"isHover":false,"color":"rgba(191,191,191,1)","stroke_color":"rgba(191,191,191,1)","strokeSize":1,"initial_color":"rgba(191,191,191,1)","initial_stroke_color":"rgba(191,191,191,1)","sketchPaths":[],"isFixed":false,"selected":false},{"nbCitation":4,"name":"A Framework for Focus+Context Visualization","nbAuthors":3,"year":1999,"type":"doc","id":"acm857659","x":591.245983361947,"y":450.8378346309339,"sizeLabel":0,"colorLabel":"white","r":10,"width":20,"height":20,"relativeR":10,"relativeScaleR":1,"isHover":false,"color":"rgba(191,191,191,1)","stroke_color":"rgba(191,191,191,1)","strokeSize":1,"initial_color":"rgba(191,191,191,1)","initial_stroke_color":"rgba(191,191,191,1)","sketchPaths":[],"isFixed":false,"selected":false},{"nbCitation":22,"name":"IVEE: an environment for automatic creation of dynamic queries applications","nbAuthors":2,"year":1995,"type":"doc","id":"acm223381","x":632.3219158813333,"y":387.9189376449598,"sizeLabel":0,"colorLabel":"white","r":10,"width":20,"height":20,"relativeR":10,"relativeScaleR":1,"isHover":false,"color":"rgba(191,191,191,1)","stroke_color":"rgba(191,191,191,1)","strokeSize":1,"initial_color":"rgba(191,191,191,1)","initial_stroke_color":"rgba(191,191,191,1)","sketchPaths":[],"isFixed":false,"selected":false},{"nbCitation":7,"name":"Getting Along: Composition of Visualization Paradigms","nbAuthors":1,"year":2001,"type":"doc","id":"acm857717","x":625.5156071942704,"y":364.15471057855046,"sizeLabel":0,"colorLabel":"white","r":10,"width":20,"height":20,"relativeR":10,"relativeScaleR":1,"isHover":false,"color":"rgba(191,191,191,1)","stroke_color":"rgba(191,191,191,1)","strokeSize":1,"initial_color":"rgba(191,191,191,1)","initial_stroke_color":"rgba(191,191,191,1)","sketchPaths":[],"isFixed":false,"selected":false},{"nbCitation":7,"name":"Guidelines for using multiple views in information visualization","nbAuthors":3,"year":2000,"type":"doc","id":"acm345271","x":658.6277882698225,"y":321.43295234844567,"sizeLabel":0,"colorLabel":"white","r":10,"width":20,"height":20,"relativeR":10,"relativeScaleR":1,"isHover":false,"color":"rgba(191,191,191,1)","stroke_color":"rgba(191,191,191,1)","strokeSize":1,"initial_color":"rgba(191,191,191,1)","initial_stroke_color":"rgba(191,191,191,1)","sketchPaths":[],"isFixed":false,"selected":false},{"nbCitation":47,"name":"A focus+context technique based on hyperbolic geometry for visualizing large hierarchies","nbAuthors":3,"year":1995,"type":"doc","id":"acm223956","x":559.0624941958436,"y":443.683566852888,"sizeLabel":0,"colorLabel":"white","r":10,"width":20,"height":20,"relativeR":10,"relativeScaleR":1,"isHover":false,"color":"rgba(191,191,191,1)","stroke_color":"rgba(191,191,191,1)","strokeSize":1,"initial_color":"rgba(191,191,191,1)","initial_stroke_color":"rgba(191,191,191,1)","sketchPaths":[],"isFixed":false,"selected":false},{"nbCitation":3,"name":"A Taxonomy of Visualization Techniques Using the Data State Reference Model","nbAuthors":1,"year":2000,"type":"doc","id":"acm857691","x":579.0747143088054,"y":427.72016576984157,"sizeLabel":0,"colorLabel":"white","r":10,"width":20,"height":20,"relativeR":10,"relativeScaleR":1,"isHover":false,"color":"rgba(191,191,191,1)","stroke_color":"rgba(191,191,191,1)","strokeSize":1,"initial_color":"rgba(191,191,191,1)","initial_stroke_color":"rgba(191,191,191,1)","sketchPaths":[],"isFixed":false,"selected":false},{"nbCitation":9,"name":"Visualizing Association Rules for Text Mining","nbAuthors":3,"year":1999,"type":"doc","id":"acm857670","x":631.0856506611535,"y":311.6844645101493,"sizeLabel":0,"colorLabel":"white","r":10,"width":20,"height":20,"relativeR":10,"relativeScaleR":1,"isHover":false,"color":"rgba(191,191,191,1)","stroke_color":"rgba(191,191,191,1)","strokeSize":1,"initial_color":"rgba(191,191,191,1)","initial_stroke_color":"rgba(191,191,191,1)","sketchPaths":[],"isFixed":false,"selected":false},{"nbCitation":15,"name":"Galaxy of news: an approach to visualizing and understanding expansive news landscapes","nbAuthors":1,"year":1994,"type":"doc","id":"acm192429","x":603.1099162899505,"y":309.27994572819694,"sizeLabel":0,"colorLabel":"white","r":10,"width":20,"height":20,"relativeR":10,"relativeScaleR":1,"isHover":false,"color":"rgba(191,191,191,1)","stroke_color":"rgba(191,191,191,1)","strokeSize":1,"initial_color":"rgba(191,191,191,1)","initial_stroke_color":"rgba(191,191,191,1)","sketchPaths":[],"isFixed":false,"selected":false},{"nbCitation":0,"name":"Distortion viewing techniques for 3-dimensional data","nbAuthors":4,"year":1996,"type":"doc","id":"acm857608","x":638.686252982475,"y":340.83079213785794,"sizeLabel":0,"colorLabel":"white","r":10,"width":20,"height":20,"relativeR":10,"relativeScaleR":1,"isHover":false,"color":"rgba(191,191,191,1)","stroke_color":"rgba(191,191,191,1)","strokeSize":1,"initial_color":"rgba(191,191,191,1)","initial_stroke_color":"rgba(191,191,191,1)","sketchPaths":[],"isFixed":false,"selected":false},{"nbCitation":10,"name":"Snap-together visualization a user interface for coordinating visualizations via relational schemata","nbAuthors":2,"year":2000,"type":"doc","id":"acm345282","x":599.5727096456055,"y":361.561637359738,"sizeLabel":0,"colorLabel":"white","r":10,"width":20,"height":20,"relativeR":10,"relativeScaleR":1,"isHover":false,"color":"rgba(191,191,191,1)","stroke_color":"rgba(191,191,191,1)","strokeSize":1,"initial_color":"rgba(191,191,191,1)","initial_stroke_color":"rgba(191,191,191,1)","sketchPaths":[],"isFixed":false,"selected":false},{"nbCitation":12,"name":"Hierarchical flip zooming enabling parallel exploration of hierarchical visualizations","nbAuthors":1,"year":2000,"type":"doc","id":"acm345324","x":573.7036900423784,"y":355.21239091197316,"sizeLabel":0,"colorLabel":"white","r":10,"width":20,"height":20,"relativeR":10,"relativeScaleR":1,"isHover":false,"color":"rgba(191,191,191,1)","stroke_color":"rgba(191,191,191,1)","strokeSize":1,"initial_color":"rgba(191,191,191,1)","initial_stroke_color":"rgba(191,191,191,1)","sketchPaths":[],"isFixed":false,"selected":false},{"nbCitation":11,"name":"InfoCrystal: a visual tool for information retrieval & management","nbAuthors":1,"year":1993,"type":"doc","id":"acm170095","x":558.8496799249001,"y":415.2134899703106,"sizeLabel":0,"colorLabel":"white","r":10,"width":20,"height":20,"relativeR":10,"relativeScaleR":1,"isHover":false,"color":"rgba(191,191,191,1)","stroke_color":"rgba(191,191,191,1)","strokeSize":1,"initial_color":"rgba(191,191,191,1)","initial_stroke_color":"rgba(191,191,191,1)","sketchPaths":[],"isFixed":false,"selected":false},{"nbCitation":1,"name":"Minimally-immersive interactive volumetric information visualization","nbAuthors":5,"year":1996,"type":"doc","id":"acm857599","x":549.4626089775454,"y":467.37023857453573,"sizeLabel":0,"colorLabel":"white","r":10,"width":20,"height":20,"relativeR":10,"relativeScaleR":1,"isHover":false,"color":"rgba(191,191,191,1)","stroke_color":"rgba(191,191,191,1)","strokeSize":1,"initial_color":"rgba(191,191,191,1)","initial_stroke_color":"rgba(191,191,191,1)","sketchPaths":[],"isFixed":false,"selected":false},{"nbCitation":3,"name":"3D or not 3D?: evaluating the effect of the third dimension in a document management system","nbAuthors":2,"year":2001,"type":"doc","id":"acm365309","x":505.6707036051137,"y":486.36045230505897,"sizeLabel":0,"colorLabel":"white","r":10,"width":20,"height":20,"relativeR":10,"relativeScaleR":1,"isHover":false,"color":"rgba(191,191,191,1)","stroke_color":"rgba(191,191,191,1)","strokeSize":1,"initial_color":"rgba(191,191,191,1)","initial_stroke_color":"rgba(191,191,191,1)","sketchPaths":[],"isFixed":false,"selected":false},{"nbCitation":0,"name":"Incremental data structures and algorithms for dynamic query interfaces","nbAuthors":3,"year":1996,"type":"doc","id":"acm245891","x":519.1228156528902,"y":465.4185843402845,"sizeLabel":0,"colorLabel":"white","r":10,"width":20,"height":20,"relativeR":10,"relativeScaleR":1,"isHover":false,"color":"rgba(191,191,191,1)","stroke_color":"rgba(191,191,191,1)","strokeSize":1,"initial_color":"rgba(191,191,191,1)","initial_stroke_color":"rgba(191,191,191,1)","sketchPaths":[],"isFixed":false,"selected":false},{"nbCitation":1,"name":"Ordered and quantum treemaps: Making effective use of 2D space to display hierarchies","nbAuthors":3,"year":2002,"type":"doc","id":"acm571649","x":492.5630370998806,"y":456.6315162732579,"sizeLabel":0,"colorLabel":"white","r":10,"width":20,"height":20,"relativeR":10,"relativeScaleR":1,"isHover":false,"color":"rgba(191,191,191,1)","stroke_color":"rgba(191,191,191,1)","strokeSize":1,"initial_color":"rgba(191,191,191,1)","initial_stroke_color":"rgba(191,191,191,1)","sketchPaths":[],"isFixed":false,"selected":false},{"nbCitation":12,"name":"Navigating hierarchically clustered networks through fisheye and full-zoom methods","nbAuthors":7,"year":1996,"type":"doc","id":"acm230577","x":507.49874058097816,"y":434.5236082747744,"sizeLabel":0,"colorLabel":"white","r":10,"width":20,"height":20,"relativeR":10,"relativeScaleR":1,"isHover":false,"color":"rgba(191,191,191,1)","stroke_color":"rgba(191,191,191,1)","strokeSize":1,"initial_color":"rgba(191,191,191,1)","initial_stroke_color":"rgba(191,191,191,1)","sketchPaths":[],"isFixed":false,"selected":false},{"nbCitation":1,"name":"Aggregate Towers: Scale Sensitive Visualization and Decluttering of Geospatial Data","nbAuthors":1,"year":1999,"type":"doc","id":"acm857673","x":534.6465249361185,"y":446.3340116955244,"sizeLabel":0,"colorLabel":"white","r":10,"width":20,"height":20,"relativeR":10,"relativeScaleR":1,"isHover":false,"color":"rgba(191,191,191,1)","stroke_color":"rgba(191,191,191,1)","strokeSize":1,"initial_color":"rgba(191,191,191,1)","initial_stroke_color":"rgba(191,191,191,1)","sketchPaths":[],"isFixed":false,"selected":false},{"nbCitation":1,"name":"From Metaphor to Method: Cartographic Perspectives on Information Visualization","nbAuthors":1,"year":2000,"type":"doc","id":"acm857692","x":539.9539701474895,"y":421.79962761165353,"sizeLabel":0,"colorLabel":"white","r":10,"width":20,"height":20,"relativeR":10,"relativeScaleR":1,"isHover":false,"color":"rgba(191,191,191,1)","stroke_color":"rgba(191,191,191,1)","strokeSize":1,"initial_color":"rgba(191,191,191,1)","initial_stroke_color":"rgba(191,191,191,1)","sketchPaths":[],"isFixed":false,"selected":false},{"nbCitation":8,"name":"TOPIC ISLANDS-a wavelet-based text visualization system","nbAuthors":4,"year":1998,"type":"doc","id":"acm288247","x":570.9830690308924,"y":393.1447807302313,"sizeLabel":0,"colorLabel":"white","r":10,"width":20,"height":20,"relativeR":10,"relativeScaleR":1,"isHover":false,"color":"rgba(191,191,191,1)","stroke_color":"rgba(191,191,191,1)","strokeSize":1,"initial_color":"rgba(191,191,191,1)","initial_stroke_color":"rgba(191,191,191,1)","sketchPaths":[],"isFixed":false,"selected":false},{"nbCitation":1,"name":"3D Interactive Visualization for Inter-Cell Dependencies of Spreadsheets","nbAuthors":3,"year":1999,"type":"doc","id":"acm857660","x":540.7111932417624,"y":393.9302759191643,"sizeLabel":0,"colorLabel":"white","r":10,"width":20,"height":20,"relativeR":10,"relativeScaleR":1,"isHover":false,"color":"rgba(191,191,191,1)","stroke_color":"rgba(191,191,191,1)","strokeSize":1,"initial_color":"rgba(191,191,191,1)","initial_stroke_color":"rgba(191,191,191,1)","sketchPaths":[],"isFixed":false,"selected":false},{"nbCitation":0,"name":"Tree Visualisation and Navigation Clues for Information Visualisation","nbAuthors":3,"year":1998,"type":"doc","id":"acm869026","x":524.9697977340596,"y":360.22095126322415,"sizeLabel":0,"colorLabel":"white","r":10,"width":20,"height":20,"relativeR":10,"relativeScaleR":1,"isHover":false,"color":"rgba(191,191,191,1)","stroke_color":"rgba(191,191,191,1)","strokeSize":1,"initial_color":"rgba(191,191,191,1)","initial_stroke_color":"rgba(191,191,191,1)","sketchPaths":[],"isFixed":false,"selected":false},{"nbCitation":0,"name":"Interactive Orthogonal Graph Drawing","nbAuthors":2,"year":1998,"type":"doc","id":"acm305097","x":613.6625120734009,"y":334.581906389619,"sizeLabel":0,"colorLabel":"white","r":10,"width":20,"height":20,"relativeR":10,"relativeScaleR":1,"isHover":false,"color":"rgba(191,191,191,1)","stroke_color":"rgba(191,191,191,1)","strokeSize":1,"initial_color":"rgba(191,191,191,1)","initial_stroke_color":"rgba(191,191,191,1)","sketchPaths":[],"isFixed":false,"selected":false},{"nbCitation":3,"name":"Graphical Fisheye Views of Graphs","nbAuthors":2,"year":1991,"type":"doc","id":"acm142673","x":575.7119556493348,"y":303.3300217355099,"sizeLabel":0,"colorLabel":"white","r":10,"width":20,"height":20,"relativeR":10,"relativeScaleR":1,"isHover":false,"color":"rgba(191,191,191,1)","stroke_color":"rgba(191,191,191,1)","strokeSize":1,"initial_color":"rgba(191,191,191,1)","initial_stroke_color":"rgba(191,191,191,1)","sketchPaths":[],"isFixed":false,"selected":false},{"nbCitation":10,"name":"Data mountain: using spatial memory for document management","nbAuthors":6,"year":1998,"type":"doc","id":"acm288596","x":555.103279424228,"y":373.4653279870498,"sizeLabel":0,"colorLabel":"white","r":10,"width":20,"height":20,"relativeR":10,"relativeScaleR":1,"isHover":false,"color":"rgba(191,191,191,1)","stroke_color":"rgba(191,191,191,1)","strokeSize":1,"initial_color":"rgba(191,191,191,1)","initial_stroke_color":"rgba(191,191,191,1)","sketchPaths":[],"isFixed":false,"selected":false},{"nbCitation":0,"name":"Cluster and Calendar Based Visualization of Time Series Data","nbAuthors":2,"year":1999,"type":"doc","id":"acm857665","x":587.9027983620402,"y":332.46812786563305,"sizeLabel":0,"colorLabel":"white","r":10,"width":20,"height":20,"relativeR":10,"relativeScaleR":1,"isHover":false,"color":"rgba(191,191,191,1)","stroke_color":"rgba(191,191,191,1)","strokeSize":1,"initial_color":"rgba(191,191,191,1)","initial_stroke_color":"rgba(191,191,191,1)","sketchPaths":[],"isFixed":false,"selected":false},{"nbCitation":2,"name":"Redefining the Focus and Context of Focus+Context Visualizations","nbAuthors":2,"year":2000,"type":"doc","id":"acm857694","x":563.0726898032843,"y":327.5908150066668,"sizeLabel":0,"colorLabel":"white","r":10,"width":20,"height":20,"relativeR":10,"relativeScaleR":1,"isHover":false,"color":"rgba(191,191,191,1)","stroke_color":"rgba(191,191,191,1)","strokeSize":1,"initial_color":"rgba(191,191,191,1)","initial_stroke_color":"rgba(191,191,191,1)","sketchPaths":[],"isFixed":false,"selected":false},{"nbCitation":19,"name":"Developing calendar visualizers for the information visualizer","nbAuthors":3,"year":1994,"type":"doc","id":"acm192470","x":545.982205816621,"y":351.35528333825664,"sizeLabel":0,"colorLabel":"white","r":10,"width":20,"height":20,"relativeR":10,"relativeScaleR":1,"isHover":false,"color":"rgba(191,191,191,1)","stroke_color":"rgba(191,191,191,1)","strokeSize":1,"initial_color":"rgba(191,191,191,1)","initial_stroke_color":"rgba(191,191,191,1)","sketchPaths":[],"isFixed":false,"selected":false},{"nbCitation":0,"name":"Algorithm animation using 3D interactive graphics","nbAuthors":1,"year":1993,"type":"doc","id":"acm43396","x":517.2939230282711,"y":382.3767757880804,"sizeLabel":0,"colorLabel":"white","r":10,"width":20,"height":20,"relativeR":10,"relativeScaleR":1,"isHover":false,"color":"rgba(191,191,191,1)","stroke_color":"rgba(191,191,191,1)","strokeSize":1,"initial_color":"rgba(191,191,191,1)","initial_stroke_color":"rgba(191,191,191,1)","sketchPaths":[],"isFixed":false,"selected":false},{"nbCitation":38,"name":"Stretching the rubber sheet: a metaphor for viewing large layouts on small screens","nbAuthors":4,"year":1993,"type":"doc","id":"acm168650","x":545.3521928342632,"y":305.91955593920187,"sizeLabel":0,"colorLabel":"white","r":10,"width":20,"height":20,"relativeR":10,"relativeScaleR":1,"isHover":false,"color":"rgba(191,191,191,1)","stroke_color":"rgba(191,191,191,1)","strokeSize":1,"initial_color":"rgba(191,191,191,1)","initial_stroke_color":"rgba(191,191,191,1)","sketchPaths":[],"isFixed":false,"selected":false},{"nbCitation":4,"name":"Visualizing Time-Series on Spirals","nbAuthors":3,"year":2001,"type":"doc","id":"acm857719","x":498.537176548,"y":366.67021735232095,"sizeLabel":0,"colorLabel":"white","r":10,"width":20,"height":20,"relativeR":10,"relativeScaleR":1,"isHover":false,"color":"rgba(191,191,191,1)","stroke_color":"rgba(191,191,191,1)","strokeSize":1,"initial_color":"rgba(191,191,191,1)","initial_stroke_color":"rgba(191,191,191,1)","sketchPaths":[],"isFixed":false,"selected":false},{"nbCitation":8,"name":"3-dimensional pliable surfaces: for the effective presentation of visual information","nbAuthors":3,"year":1995,"type":"doc","id":"acm215978","x":518.7344840454957,"y":410.3395793186996,"sizeLabel":0,"colorLabel":"white","r":10,"width":20,"height":20,"relativeR":10,"relativeScaleR":1,"isHover":false,"color":"rgba(191,191,191,1)","stroke_color":"rgba(191,191,191,1)","strokeSize":1,"initial_color":"rgba(191,191,191,1)","initial_stroke_color":"rgba(191,191,191,1)","sketchPaths":[],"isFixed":false,"selected":false},{"nbCitation":1,"name":"Information Content Measures of Visual Displays","nbAuthors":2,"year":2000,"type":"doc","id":"acm857690","x":482.38441081925737,"y":429.13047779699247,"sizeLabel":0,"colorLabel":"white","r":10,"width":20,"height":20,"relativeR":10,"relativeScaleR":1,"isHover":false,"color":"rgba(191,191,191,1)","stroke_color":"rgba(191,191,191,1)","strokeSize":1,"initial_color":"rgba(191,191,191,1)","initial_stroke_color":"rgba(191,191,191,1)","sketchPaths":[],"isFixed":false,"selected":false},{"nbCitation":10,"name":"A spreadsheet approach to information visualization","nbAuthors":4,"year":1997,"type":"doc","id":"acm857626","x":492.7059231653933,"y":403.20709799757987,"sizeLabel":0,"colorLabel":"white","r":10,"width":20,"height":20,"relativeR":10,"relativeScaleR":1,"isHover":false,"color":"rgba(191,191,191,1)","stroke_color":"rgba(191,191,191,1)","strokeSize":1,"initial_color":"rgba(191,191,191,1)","initial_stroke_color":"rgba(191,191,191,1)","sketchPaths":[],"isFixed":false,"selected":false},{"nbCitation":44,"name":"The table lens: merging graphical and symbolic representations in an interactive focus + context visualization for tabular information","nbAuthors":2,"year":1994,"type":"doc","id":"acm191776","x":529.7170812109879,"y":328.3990779803399,"sizeLabel":0,"colorLabel":"white","r":10,"width":20,"height":20,"relativeR":10,"relativeScaleR":1,"isHover":false,"color":"rgba(191,191,191,1)","stroke_color":"rgba(191,191,191,1)","strokeSize":1,"initial_color":"rgba(191,191,191,1)","initial_stroke_color":"rgba(191,191,191,1)","sketchPaths":[],"isFixed":false,"selected":false},{"nbCitation":7,"name":"A Scalable Framework for Information Visualization","nbAuthors":3,"year":2000,"type":"doc","id":"acm857688","x":474.9713548560987,"y":380.3305415405771,"sizeLabel":0,"colorLabel":"white","r":10,"width":20,"height":20,"relativeR":10,"relativeScaleR":1,"isHover":false,"color":"rgba(191,191,191,1)","stroke_color":"rgba(191,191,191,1)","strokeSize":1,"initial_color":"rgba(191,191,191,1)","initial_stroke_color":"rgba(191,191,191,1)","sketchPaths":[],"isFixed":false,"selected":false},{"nbCitation":7,"name":"MuSE: a multiscale editor","nbAuthors":2,"year":1998,"type":"doc","id":"acm288579","x":503.57623755776274,"y":341.15381692137674,"sizeLabel":0,"colorLabel":"white","r":10,"width":20,"height":20,"relativeR":10,"relativeScaleR":1,"isHover":false,"color":"rgba(191,191,191,1)","stroke_color":"rgba(191,191,191,1)","strokeSize":1,"initial_color":"rgba(191,191,191,1)","initial_stroke_color":"rgba(191,191,191,1)","sketchPaths":[],"isFixed":false,"selected":false}],"links":[{"source":"acm245041","type":"collaboration","target":"information visualization","weight":1,"id":110,"index":0,"color":"rgba(191, 191, 191, 0.6)","size":70,"sketchWidth":1,"sketchHeight":1,"initial_color":"rgba(191,191,191,0.6)","from":1,"to":0,"curvature":10,"control_point":[]},{"source":"acm857742","type":"collaboration","target":"information visualization","weight":1,"id":441,"index":1,"color":"rgba(191, 191, 191, 0.6)","size":70,"sketchWidth":1,"sketchHeight":1,"initial_color":"rgba(191,191,191,0.6)","from":2,"to":0,"curvature":10,"control_point":[]},{"source":"acm312634","type":"collaboration","target":"information visualization","weight":1,"id":481,"index":2,"color":"rgba(191, 191, 191, 0.6)","size":70,"sketchWidth":1,"sketchHeight":1,"initial_color":"rgba(191,191,191,0.6)","from":3,"to":0,"curvature":10,"control_point":[]},{"source":"acm305265","type":"collaboration","target":"information visualization","weight":1,"id":543,"index":3,"color":"rgba(191, 191, 191, 0.6)","size":70,"sketchWidth":1,"sketchHeight":1,"initial_color":"rgba(191,191,191,0.6)","from":4,"to":0,"curvature":10,"control_point":[]},{"source":"acm857710","type":"collaboration","target":"information visualization","weight":1,"id":609,"index":4,"color":"rgba(191, 191, 191, 0.6)","size":70,"sketchWidth":1,"sketchHeight":1,"initial_color":"rgba(191,191,191,0.6)","from":5,"to":0,"curvature":10,"control_point":[]},{"source":"acm332423","type":"collaboration","target":"information visualization","weight":1,"id":681,"index":5,"color":"rgba(191, 191, 191, 0.6)","size":70,"sketchWidth":1,"sketchHeight":1,"initial_color":"rgba(191,191,191,0.6)","from":6,"to":0,"curvature":10,"control_point":[]},{"source":"acm857590","type":"collaboration","target":"information visualization","weight":1,"id":799,"index":6,"color":"rgba(191, 191, 191, 0.6)","size":70,"sketchWidth":1,"sketchHeight":1,"initial_color":"rgba(191,191,191,0.6)","from":7,"to":0,"curvature":10,"control_point":[]},{"source":"acm223947","type":"collaboration","target":"information visualization","weight":1,"id":959,"index":7,"color":"rgba(191, 191, 191, 0.6)","size":70,"sketchWidth":1,"sketchHeight":1,"initial_color":"rgba(191,191,191,0.6)","from":8,"to":0,"curvature":10,"control_point":[]},{"source":"acm618679","type":"collaboration","target":"information visualization","weight":1,"id":971,"index":8,"color":"rgba(191, 191, 191, 0.6)","size":70,"sketchWidth":1,"sketchHeight":1,"initial_color":"rgba(191,191,191,0.6)","from":9,"to":0,"curvature":10,"control_point":[]},{"source":"acm834354","type":"collaboration","target":"information visualization","weight":1,"id":1233,"index":9,"color":"rgba(191, 191, 191, 0.6)","size":70,"sketchWidth":1,"sketchHeight":1,"initial_color":"rgba(191,191,191,0.6)","from":10,"to":0,"curvature":10,"control_point":[]},{"source":"acm618540","type":"collaboration","target":"information visualization","weight":1,"id":1285,"index":10,"color":"rgba(191, 191, 191, 0.6)","size":70,"sketchWidth":1,"sketchHeight":1,"initial_color":"rgba(191,191,191,0.6)","from":11,"to":0,"curvature":10,"control_point":[]},{"source":"acm857729","type":"collaboration","target":"information visualization","weight":1,"id":1537,"index":11,"color":"rgba(191, 191, 191, 0.6)","size":70,"sketchWidth":1,"sketchHeight":1,"initial_color":"rgba(191,191,191,0.6)","from":12,"to":0,"curvature":10,"control_point":[]},{"source":"acm168651","type":"collaboration","target":"information visualization","weight":1,"id":1632,"index":12,"color":"rgba(191, 191, 191, 0.6)","size":70,"sketchWidth":1,"sketchHeight":1,"initial_color":"rgba(191,191,191,0.6)","from":13,"to":0,"curvature":10,"control_point":[]},{"source":"acm192472","type":"collaboration","target":"information visualization","weight":1,"id":1693,"index":13,"color":"rgba(191, 191, 191, 0.6)","size":70,"sketchWidth":1,"sketchHeight":1,"initial_color":"rgba(191,191,191,0.6)","from":14,"to":0,"curvature":10,"control_point":[]},{"source":"acm300803","type":"collaboration","target":"information visualization","weight":1,"id":1708,"index":14,"color":"rgba(191, 191, 191, 0.6)","size":70,"sketchWidth":1,"sketchHeight":1,"initial_color":"rgba(191,191,191,0.6)","from":15,"to":0,"curvature":10,"control_point":[]},{"source":"acm300835","type":"collaboration","target":"information visualization","weight":1,"id":1902,"index":15,"color":"rgba(191, 191, 191, 0.6)","size":70,"sketchWidth":1,"sketchHeight":1,"initial_color":"rgba(191,191,191,0.6)","from":16,"to":0,"curvature":10,"control_point":[]},{"source":"acm238450","type":"collaboration","target":"information visualization","weight":1,"id":1982,"index":16,"color":"rgba(191, 191, 191, 0.6)","size":70,"sketchWidth":1,"sketchHeight":1,"initial_color":"rgba(191,191,191,0.6)","from":17,"to":0,"curvature":10,"control_point":[]},{"source":"acm192430","type":"collaboration","target":"information visualization","weight":1,"id":2205,"index":17,"color":"rgba(191, 191, 191, 0.6)","size":70,"sketchWidth":1,"sketchHeight":1,"initial_color":"rgba(191,191,191,0.6)","from":18,"to":0,"curvature":10,"control_point":[]},{"source":"acm215977","type":"collaboration","target":"information visualization","weight":1,"id":2263,"index":18,"color":"rgba(191, 191, 191, 0.6)","size":70,"sketchWidth":1,"sketchHeight":1,"initial_color":"rgba(191,191,191,0.6)","from":19,"to":0,"curvature":10,"control_point":[]},{"source":"acm365097","type":"collaboration","target":"information visualization","weight":1,"id":2345,"index":19,"color":"rgba(191, 191, 191, 0.6)","size":70,"sketchWidth":1,"sketchHeight":1,"initial_color":"rgba(191,191,191,0.6)","from":20,"to":0,"curvature":10,"control_point":[]},{"source":"acm192435","type":"collaboration","target":"information visualization","weight":1,"id":2365,"index":20,"color":"rgba(191, 191, 191, 0.6)","size":70,"sketchWidth":1,"sketchHeight":1,"initial_color":"rgba(191,191,191,0.6)","from":21,"to":0,"curvature":10,"control_point":[]},{"source":"acm857724","type":"collaboration","target":"information visualization","weight":1,"id":2396,"index":21,"color":"rgba(191, 191, 191, 0.6)","size":70,"sketchWidth":1,"sketchHeight":1,"initial_color":"rgba(191,191,191,0.6)","from":22,"to":0,"curvature":10,"control_point":[]},{"source":"acm276634","type":"collaboration","target":"information visualization","weight":1,"id":3003,"index":22,"color":"rgba(191, 191, 191, 0.6)","size":70,"sketchWidth":1,"sketchHeight":1,"initial_color":"rgba(191,191,191,0.6)","from":23,"to":0,"curvature":10,"control_point":[]},{"source":"acm857672","type":"collaboration","target":"information visualization","weight":1,"id":3361,"index":23,"color":"rgba(191, 191, 191, 0.6)","size":70,"sketchWidth":1,"sketchHeight":1,"initial_color":"rgba(191,191,191,0.6)","from":24,"to":0,"curvature":10,"control_point":[]},{"source":"acm857683","type":"collaboration","target":"information visualization","weight":1,"id":3488,"index":24,"color":"rgba(191, 191, 191, 0.6)","size":70,"sketchWidth":1,"sketchHeight":1,"initial_color":"rgba(191,191,191,0.6)","from":25,"to":0,"curvature":10,"control_point":[]},{"source":"acm223934","type":"collaboration","target":"information visualization","weight":1,"id":3493,"index":25,"color":"rgba(191, 191, 191, 0.6)","size":70,"sketchWidth":1,"sketchHeight":1,"initial_color":"rgba(191,191,191,0.6)","from":26,"to":0,"curvature":10,"control_point":[]},{"source":"acm857639","type":"collaboration","target":"information visualization","weight":1,"id":3953,"index":26,"color":"rgba(191, 191, 191, 0.6)","size":70,"sketchWidth":1,"sketchHeight":1,"initial_color":"rgba(191,191,191,0.6)","from":27,"to":0,"curvature":10,"control_point":[]},{"source":"acm180173","type":"collaboration","target":"information visualization","weight":1,"id":4140,"index":27,"color":"rgba(191, 191, 191, 0.6)","size":70,"sketchWidth":1,"sketchHeight":1,"initial_color":"rgba(191,191,191,0.6)","from":28,"to":0,"curvature":10,"control_point":[]},{"source":"acm263545","type":"collaboration","target":"information visualization","weight":1,"id":4242,"index":28,"color":"rgba(191, 191, 191, 0.6)","size":70,"sketchWidth":1,"sketchHeight":1,"initial_color":"rgba(191,191,191,0.6)","from":29,"to":0,"curvature":10,"control_point":[]},{"source":"acm223394","type":"collaboration","target":"information visualization","weight":1,"id":4512,"index":29,"color":"rgba(191, 191, 191, 0.6)","size":70,"sketchWidth":1,"sketchHeight":1,"initial_color":"rgba(191,191,191,0.6)","from":30,"to":0,"curvature":10,"control_point":[]},{"source":"acm721083","type":"collaboration","target":"information visualization","weight":1,"id":4636,"index":30,"color":"rgba(191, 191, 191, 0.6)","size":70,"sketchWidth":1,"sketchHeight":1,"initial_color":"rgba(191,191,191,0.6)","from":31,"to":0,"curvature":10,"control_point":[]},{"source":"acm857659","type":"collaboration","target":"information visualization","weight":1,"id":4782,"index":31,"color":"rgba(191, 191, 191, 0.6)","size":70,"sketchWidth":1,"sketchHeight":1,"initial_color":"rgba(191,191,191,0.6)","from":32,"to":0,"curvature":10,"control_point":[]},{"source":"acm223381","type":"collaboration","target":"information visualization","weight":1,"id":5199,"index":32,"color":"rgba(191, 191, 191, 0.6)","size":70,"sketchWidth":1,"sketchHeight":1,"initial_color":"rgba(191,191,191,0.6)","from":33,"to":0,"curvature":10,"control_point":[]},{"source":"acm857717","type":"collaboration","target":"information visualization","weight":1,"id":5657,"index":33,"color":"rgba(191, 191, 191, 0.6)","size":70,"sketchWidth":1,"sketchHeight":1,"initial_color":"rgba(191,191,191,0.6)","from":34,"to":0,"curvature":10,"control_point":[]},{"source":"acm345271","type":"collaboration","target":"information visualization","weight":1,"id":5774,"index":34,"color":"rgba(191, 191, 191, 0.6)","size":70,"sketchWidth":1,"sketchHeight":1,"initial_color":"rgba(191,191,191,0.6)","from":35,"to":0,"curvature":10,"control_point":[]},{"source":"acm223956","type":"collaboration","target":"information visualization","weight":1,"id":5985,"index":35,"color":"rgba(191, 191, 191, 0.6)","size":70,"sketchWidth":1,"sketchHeight":1,"initial_color":"rgba(191,191,191,0.6)","from":36,"to":0,"curvature":10,"control_point":[]},{"source":"acm857691","type":"collaboration","target":"information visualization","weight":1,"id":6263,"index":36,"color":"rgba(191, 191, 191, 0.6)","size":70,"sketchWidth":1,"sketchHeight":1,"initial_color":"rgba(191,191,191,0.6)","from":37,"to":0,"curvature":10,"control_point":[]},{"source":"acm857670","type":"collaboration","target":"information visualization","weight":1,"id":6610,"index":37,"color":"rgba(191, 191, 191, 0.6)","size":70,"sketchWidth":1,"sketchHeight":1,"initial_color":"rgba(191,191,191,0.6)","from":38,"to":0,"curvature":10,"control_point":[]},{"source":"acm192429","type":"collaboration","target":"information visualization","weight":1,"id":6647,"index":38,"color":"rgba(191, 191, 191, 0.6)","size":70,"sketchWidth":1,"sketchHeight":1,"initial_color":"rgba(191,191,191,0.6)","from":39,"to":0,"curvature":10,"control_point":[]},{"source":"acm857608","type":"collaboration","target":"information visualization","weight":1,"id":6835,"index":39,"color":"rgba(191, 191, 191, 0.6)","size":70,"sketchWidth":1,"sketchHeight":1,"initial_color":"rgba(191,191,191,0.6)","from":40,"to":0,"curvature":10,"control_point":[]},{"source":"acm345282","type":"collaboration","target":"information visualization","weight":1,"id":6840,"index":40,"color":"rgba(191, 191, 191, 0.6)","size":70,"sketchWidth":1,"sketchHeight":1,"initial_color":"rgba(191,191,191,0.6)","from":41,"to":0,"curvature":10,"control_point":[]},{"source":"acm345324","type":"collaboration","target":"information visualization","weight":1,"id":6997,"index":41,"color":"rgba(191, 191, 191, 0.6)","size":70,"sketchWidth":1,"sketchHeight":1,"initial_color":"rgba(191,191,191,0.6)","from":42,"to":0,"curvature":10,"control_point":[]},{"source":"acm170095","type":"collaboration","target":"information visualization","weight":1,"id":7107,"index":42,"color":"rgba(191, 191, 191, 0.6)","size":70,"sketchWidth":1,"sketchHeight":1,"initial_color":"rgba(191,191,191,0.6)","from":43,"to":0,"curvature":10,"control_point":[]},{"source":"acm857599","type":"collaboration","target":"information visualization","weight":1,"id":7511,"index":43,"color":"rgba(191, 191, 191, 0.6)","size":70,"sketchWidth":1,"sketchHeight":1,"initial_color":"rgba(191,191,191,0.6)","from":44,"to":0,"curvature":10,"control_point":[]},{"source":"acm365309","type":"collaboration","target":"information visualization","weight":1,"id":7561,"index":44,"color":"rgba(191, 191, 191, 0.6)","size":70,"sketchWidth":1,"sketchHeight":1,"initial_color":"rgba(191,191,191,0.6)","from":45,"to":0,"curvature":10,"control_point":[]},{"source":"acm245891","type":"collaboration","target":"information visualization","weight":1,"id":7764,"index":45,"color":"rgba(191, 191, 191, 0.6)","size":70,"sketchWidth":1,"sketchHeight":1,"initial_color":"rgba(191,191,191,0.6)","from":46,"to":0,"curvature":10,"control_point":[]},{"source":"acm571649","type":"collaboration","target":"information visualization","weight":1,"id":8078,"index":46,"color":"rgba(191, 191, 191, 0.6)","size":70,"sketchWidth":1,"sketchHeight":1,"initial_color":"rgba(191,191,191,0.6)","from":47,"to":0,"curvature":10,"control_point":[]},{"source":"acm230577","type":"collaboration","target":"information visualization","weight":1,"id":8135,"index":47,"color":"rgba(191, 191, 191, 0.6)","size":70,"sketchWidth":1,"sketchHeight":1,"initial_color":"rgba(191,191,191,0.6)","from":48,"to":0,"curvature":10,"control_point":[]},{"source":"acm857673","type":"collaboration","target":"information visualization","weight":1,"id":8234,"index":48,"color":"rgba(191, 191, 191, 0.6)","size":70,"sketchWidth":1,"sketchHeight":1,"initial_color":"rgba(191,191,191,0.6)","from":49,"to":0,"curvature":10,"control_point":[]},{"source":"acm857692","type":"collaboration","target":"information visualization","weight":1,"id":8371,"index":49,"color":"rgba(191, 191, 191, 0.6)","size":70,"sketchWidth":1,"sketchHeight":1,"initial_color":"rgba(191,191,191,0.6)","from":50,"to":0,"curvature":10,"control_point":[]},{"source":"acm288247","type":"collaboration","target":"information visualization","weight":1,"id":9660,"index":50,"color":"rgba(191, 191, 191, 0.6)","size":70,"sketchWidth":1,"sketchHeight":1,"initial_color":"rgba(191,191,191,0.6)","from":51,"to":0,"curvature":10,"control_point":[]},{"source":"acm857660","type":"collaboration","target":"information visualization","weight":1,"id":9903,"index":51,"color":"rgba(191, 191, 191, 0.6)","size":70,"sketchWidth":1,"sketchHeight":1,"initial_color":"rgba(191,191,191,0.6)","from":52,"to":0,"curvature":10,"control_point":[]},{"source":"acm869026","type":"collaboration","target":"information visualization","weight":1,"id":9940,"index":52,"color":"rgba(191, 191, 191, 0.6)","size":70,"sketchWidth":1,"sketchHeight":1,"initial_color":"rgba(191,191,191,0.6)","from":53,"to":0,"curvature":10,"control_point":[]},{"source":"acm305097","type":"collaboration","target":"information visualization","weight":1,"id":10049,"index":53,"color":"rgba(191, 191, 191, 0.6)","size":70,"sketchWidth":1,"sketchHeight":1,"initial_color":"rgba(191,191,191,0.6)","from":54,"to":0,"curvature":10,"control_point":[]},{"source":"acm142673","type":"collaboration","target":"information visualization","weight":1,"id":10080,"index":54,"color":"rgba(191, 191, 191, 0.6)","size":70,"sketchWidth":1,"sketchHeight":1,"initial_color":"rgba(191,191,191,0.6)","from":55,"to":0,"curvature":10,"control_point":[]},{"source":"acm288596","type":"collaboration","target":"information visualization","weight":1,"id":10339,"index":55,"color":"rgba(191, 191, 191, 0.6)","size":70,"sketchWidth":1,"sketchHeight":1,"initial_color":"rgba(191,191,191,0.6)","from":56,"to":0,"curvature":10,"control_point":[]},{"source":"acm857665","type":"collaboration","target":"information visualization","weight":1,"id":10549,"index":56,"color":"rgba(191, 191, 191, 0.6)","size":70,"sketchWidth":1,"sketchHeight":1,"initial_color":"rgba(191,191,191,0.6)","from":57,"to":0,"curvature":10,"control_point":[]},{"source":"acm857694","type":"collaboration","target":"information visualization","weight":1,"id":10615,"index":57,"color":"rgba(191, 191, 191, 0.6)","size":70,"sketchWidth":1,"sketchHeight":1,"initial_color":"rgba(191,191,191,0.6)","from":58,"to":0,"curvature":10,"control_point":[]},{"source":"acm192470","type":"collaboration","target":"information visualization","weight":1,"id":11037,"index":58,"color":"rgba(191, 191, 191, 0.6)","size":70,"sketchWidth":1,"sketchHeight":1,"initial_color":"rgba(191,191,191,0.6)","from":59,"to":0,"curvature":10,"control_point":[]},{"source":"acm43396","type":"collaboration","target":"information visualization","weight":1,"id":11400,"index":59,"color":"rgba(191, 191, 191, 0.6)","size":70,"sketchWidth":1,"sketchHeight":1,"initial_color":"rgba(191,191,191,0.6)","from":60,"to":0,"curvature":10,"control_point":[]},{"source":"acm168650","type":"collaboration","target":"information visualization","weight":1,"id":11768,"index":60,"color":"rgba(191, 191, 191, 0.6)","size":70,"sketchWidth":1,"sketchHeight":1,"initial_color":"rgba(191,191,191,0.6)","from":61,"to":0,"curvature":10,"control_point":[]},{"source":"acm857719","type":"collaboration","target":"information visualization","weight":1,"id":11877,"index":61,"color":"rgba(191, 191, 191, 0.6)","size":70,"sketchWidth":1,"sketchHeight":1,"initial_color":"rgba(191,191,191,0.6)","from":62,"to":0,"curvature":10,"control_point":[]},{"source":"acm215978","type":"collaboration","target":"information visualization","weight":1,"id":11933,"index":62,"color":"rgba(191, 191, 191, 0.6)","size":70,"sketchWidth":1,"sketchHeight":1,"initial_color":"rgba(191,191,191,0.6)","from":63,"to":0,"curvature":10,"control_point":[]},{"source":"acm857690","type":"collaboration","target":"information visualization","weight":1,"id":12051,"index":63,"color":"rgba(191, 191, 191, 0.6)","size":70,"sketchWidth":1,"sketchHeight":1,"initial_color":"rgba(191,191,191,0.6)","from":64,"to":0,"curvature":10,"control_point":[]},{"source":"acm857626","type":"collaboration","target":"information visualization","weight":1,"id":12156,"index":64,"color":"rgba(191, 191, 191, 0.6)","size":70,"sketchWidth":1,"sketchHeight":1,"initial_color":"rgba(191,191,191,0.6)","from":65,"to":0,"curvature":10,"control_point":[]},{"source":"acm191776","type":"collaboration","target":"information visualization","weight":1,"id":12174,"index":65,"color":"rgba(191, 191, 191, 0.6)","size":70,"sketchWidth":1,"sketchHeight":1,"initial_color":"rgba(191,191,191,0.6)","from":66,"to":0,"curvature":10,"control_point":[]},{"source":"acm857688","type":"collaboration","target":"information visualization","weight":1,"id":12349,"index":66,"color":"rgba(191, 191, 191, 0.6)","size":70,"sketchWidth":1,"sketchHeight":1,"initial_color":"rgba(191,191,191,0.6)","from":67,"to":0,"curvature":10,"control_point":[]},{"source":"acm288579","type":"collaboration","target":"information visualization","weight":1,"id":12881,"index":67,"color":"rgba(191, 191, 191, 0.6)","size":70,"sketchWidth":1,"sketchHeight":1,"initial_color":"rgba(191,191,191,0.6)","from":68,"to":0,"curvature":10,"control_point":[]}],"images":[],"freeDrawing":[]}