{"nodes":[{"numberTimeUsed":424,"type":"keywords","id":"Kdesign","name":"design","x":558.65625,"y":491.37890625,"sizeLabel":19.622978723404255,"colorLabel":"white","r":36.850212765957444,"width":20,"height":20,"relativeR":36.850212765957444,"relativeScaleR":3.6850212765957457,"isHover":false,"color":"rgb(43, 184, 43)","stroke_color":"#7fc97f","strokeSize":1,"initial_color":"rgb(43, 184, 43)","initial_stroke_color":"#7fc97f","sketchPaths":[],"isFixed":false,"selected":true},{"numberTimeUsed":326,"type":"keywords","id":"Kuserinterfaces","name":"user interfaces","x":568.8455287895285,"y":302.6191024654095,"sizeLabel":12.2,"colorLabel":"white","r":17,"width":20,"height":20,"relativeR":17,"relativeScaleR":1.7000000000000002,"isHover":false,"color":"rgb(127, 200, 127)","stroke_color":"#7fc97f","strokeSize":1,"initial_color":"rgb(127, 200, 127)","initial_stroke_color":"#7fc97f","sketchPaths":[],"isFixed":false,"selected":true},{"numberTimeUsed":561,"type":"keywords","id":"Khumanfactors","name":"human factors","x":459.76953125,"y":371.61328125,"sizeLabel":30,"colorLabel":"white","r":64.6,"width":20,"height":20,"relativeR":64.6,"relativeScaleR":6.4600000000000035,"isHover":false,"color":"rgb(3, 85, 3)","stroke_color":"#7fc97f","strokeSize":1,"initial_color":"rgb(3, 85, 3)","initial_stroke_color":"#7fc97f","sketchPaths":[],"isFixed":false,"selected":true}],"links":[],"images":[],"freeDrawing":[]}