{"nodes":[{"numberTimeUsed":424,"type":"keywords","id":"Kdesign","name":"design","x":570.6676917505442,"y":498.63132328383836,"sizeLabel":19.622978723404255,"colorLabel":"white","r":36.850212765957444,"width":20,"height":20,"relativeR":36.850212765957444,"relativeScaleR":3.6850212765957457,"isHover":false,"color":"rgb(43, 184, 43)","stroke_color":"#7fc97f","strokeSize":1,"initial_color":"rgb(43, 184, 43)","initial_stroke_color":"#7fc97f","sketchPaths":[],"isFixed":false,"selected":false},{"numberTimeUsed":326,"type":"keywords","id":"Kuserinterfaces","name":"user interfaces","x":577.2845707584918,"y":288.2509794389943,"sizeLabel":12.2,"colorLabel":"white","r":17,"width":20,"height":20,"relativeR":17,"relativeScaleR":1.7000000000000002,"isHover":false,"color":"rgb(127, 200, 127)","stroke_color":"#7fc97f","strokeSize":1,"initial_color":"rgb(127, 200, 127)","initial_stroke_color":"#7fc97f","sketchPaths":[],"isFixed":false,"selected":false},{"numberTimeUsed":561,"type":"keywords","id":"Khumanfactors","name":"human factors","x":456.41324413902066,"y":376.9614950764169,"sizeLabel":30,"colorLabel":"white","r":64.6,"width":20,"height":20,"relativeR":64.6,"relativeScaleR":6.4600000000000035,"isHover":false,"color":"rgb(3, 85, 3)","stroke_color":"#7fc97f","strokeSize":1,"initial_color":"rgb(3, 85, 3)","initial_stroke_color":"#7fc97f","sketchPaths":[],"isFixed":false,"selected":false},{"doi":"http://dx.doi.org/10.1145/985692.985766","download12months":207,"name":"\"Stuff goes into the computer and doesn't come out\": a cross-tool study of personal information management","year":2004,"downloadAll":3050,"citationCount":84,"type":"document","id":"D1fde85ad-3d20-46b0-b0c0-6504c19fbef3","download6weeks":22,"typeDoc":"paper","x":563.3888908781887,"y":421.07975356730765,"sizeLabel":0,"colorLabel":"white","r":10,"width":20,"height":20,"relativeR":10,"relativeScaleR":1,"isHover":false,"color":"#beaed4","stroke_color":"#beaed4","strokeSize":1,"initial_color":"#beaed4","initial_stroke_color":"#beaed4","sketchPaths":[],"isFixed":false},{"doi":"http://dx.doi.org/10.1145/1124772.1124963","download12months":391,"name":"Precise selection techniques for multi-touch screens","year":2006,"downloadAll":4579,"citationCount":119,"type":"document","id":"D6eb7b16f-5247-4b6c-aeaf-1f4b93d67aac","download6weeks":38,"typeDoc":"extendedAbstract","x":626.8611819937963,"y":279.172662492028,"sizeLabel":0,"colorLabel":"white","r":10,"width":20,"height":20,"relativeR":10,"relativeScaleR":1,"isHover":false,"color":"#beaed4","stroke_color":"#beaed4","strokeSize":1,"initial_color":"#beaed4","initial_stroke_color":"#beaed4","sketchPaths":[],"isFixed":false},{"doi":"http://dx.doi.org/10.1145/985692.985733","download12months":330,"name":"Labeling images with a computer game","year":2004,"downloadAll":3249,"citationCount":407,"type":"document","id":"D5d8d2a36-fc46-420b-a678-729d3d11c403","download6weeks":28,"typeDoc":"paper","x":523.8408431196218,"y":433.7817822395115,"sizeLabel":0,"colorLabel":"white","r":10,"width":20,"height":20,"relativeR":10,"relativeScaleR":1,"isHover":false,"color":"#beaed4","stroke_color":"#beaed4","strokeSize":1,"initial_color":"#beaed4","initial_stroke_color":"#beaed4","sketchPaths":[],"isFixed":false},{"doi":"http://dx.doi.org/10.1145/642611.642713","download12months":218,"name":"Is seeing believing?: how recommender system interfaces affect users' opinions","year":2003,"downloadAll":2996,"citationCount":83,"type":"document","id":"Dc32329f9-bfd0-440c-bc05-e5071ac331e1","download6weeks":24,"typeDoc":"note","x":424.9461078364175,"y":470.321768461065,"sizeLabel":0,"colorLabel":"white","r":10,"width":20,"height":20,"relativeR":10,"relativeScaleR":1,"isHover":false,"color":"#beaed4","stroke_color":"#beaed4","strokeSize":1,"initial_color":"#beaed4","initial_stroke_color":"#beaed4","sketchPaths":[],"isFixed":false},{"doi":"http://dx.doi.org/10.1145/365024.365028","download12months":148,"name":"Accuracy measures for evaluating computer pointing devices","year":2001,"downloadAll":2267,"citationCount":93,"type":"document","id":"Dc593d1bf-96c7-440b-b342-18714433af63","download6weeks":13,"typeDoc":"extendedAbstract","x":497.2403469027258,"y":477.1261182912857,"sizeLabel":0,"colorLabel":"white","r":10,"width":20,"height":20,"relativeR":10,"relativeScaleR":1,"isHover":false,"color":"#beaed4","stroke_color":"#beaed4","strokeSize":1,"initial_color":"#beaed4","initial_stroke_color":"#beaed4","sketchPaths":[],"isFixed":false},{"doi":"http://dx.doi.org/10.1145/1240624.1240727","download12months":266,"name":"Shift: a technique for operating pen-based interfaces using touch","year":2007,"downloadAll":2254,"citationCount":119,"type":"document","id":"D77e1a16b-8616-46ef-83cd-1301295f93b2","download6weeks":29,"typeDoc":"paper","x":513.8143846513707,"y":315.4381559734169,"sizeLabel":0,"colorLabel":"white","r":10,"width":20,"height":20,"relativeR":10,"relativeScaleR":1,"isHover":false,"color":"#beaed4","stroke_color":"#beaed4","strokeSize":1,"initial_color":"#beaed4","initial_stroke_color":"#beaed4","sketchPaths":[],"isFixed":false},{"doi":"http://dx.doi.org/10.1145/985692.985745","download12months":236,"name":"The perfect search engine is not enough: a study of orienteering behavior in directed search","year":2004,"downloadAll":3917,"citationCount":138,"type":"document","id":"Dde62a1aa-8c6f-4991-935d-7b6421c5ed72","download6weeks":26,"typeDoc":"extendedAbstract","x":524.4022573639778,"y":286.984003210675,"sizeLabel":0,"colorLabel":"white","r":10,"width":20,"height":20,"relativeR":10,"relativeScaleR":1,"isHover":false,"color":"#beaed4","stroke_color":"#beaed4","strokeSize":1,"initial_color":"#beaed4","initial_stroke_color":"#beaed4","sketchPaths":[],"isFixed":false},{"doi":"http://dx.doi.org/10.1145/503376.503460","download12months":624,"name":"A survey of user-centered design practice","year":2002,"downloadAll":7604,"citationCount":83,"type":"document","id":"Dbbfd6abd-6233-4232-a212-ae59a071fa4a","download6weeks":84,"typeDoc":"note","x":460.4443791237577,"y":514.6862045343744,"sizeLabel":0,"colorLabel":"white","r":10,"width":20,"height":20,"relativeR":10,"relativeScaleR":1,"isHover":false,"color":"#beaed4","stroke_color":"#beaed4","strokeSize":1,"initial_color":"#beaed4","initial_stroke_color":"#beaed4","sketchPaths":[],"isFixed":false},{"doi":"http://dx.doi.org/10.1145/642611.642681","download12months":316,"name":"Faceted metadata for image search and browsing","year":2003,"downloadAll":4649,"citationCount":263,"type":"document","id":"Dd9762d9c-6186-4322-add5-d196edf07c28","download6weeks":36,"typeDoc":"paper","x":543.7825598222139,"y":312.76497028112556,"sizeLabel":0,"colorLabel":"white","r":10,"width":20,"height":20,"relativeR":10,"relativeScaleR":1,"isHover":false,"color":"#beaed4","stroke_color":"#beaed4","strokeSize":1,"initial_color":"#beaed4","initial_stroke_color":"#beaed4","sketchPaths":[],"isFixed":false},{"doi":"http://dx.doi.org/10.1145/365024.365097","download12months":51,"name":"Does organisation by similarity assist image browsing?","year":2001,"downloadAll":1256,"citationCount":84,"type":"document","id":"Da2bdd912-4868-4a93-a104-212262fdda65","download6weeks":9,"typeDoc":"paper","x":558.8571480382512,"y":391.835346943109,"sizeLabel":0,"colorLabel":"white","r":10,"width":20,"height":20,"relativeR":10,"relativeScaleR":1,"isHover":false,"color":"#beaed4","stroke_color":"#beaed4","strokeSize":1,"initial_color":"#beaed4","initial_stroke_color":"#beaed4","sketchPaths":[],"isFixed":false},{"doi":"http://dx.doi.org/10.1145/503376.503423","download12months":101,"name":"Keeping things in context: a comparative evaluation of focus plus context screens, overviews, and zooming","year":2002,"downloadAll":1846,"citationCount":84,"type":"document","id":"Df54a2d1e-ffe1-421e-b318-e4bdf3a12853","download6weeks":14,"typeDoc":"extendedAbstract","x":549.0625387668142,"y":447.00433246818505,"sizeLabel":0,"colorLabel":"white","r":10,"width":20,"height":20,"relativeR":10,"relativeScaleR":1,"isHover":false,"color":"#beaed4","stroke_color":"#beaed4","strokeSize":1,"initial_color":"#beaed4","initial_stroke_color":"#beaed4","sketchPaths":[],"isFixed":false},{"doi":"http://dx.doi.org/10.1145/1357054.1357213","download12months":2844,"name":"Looking at, looking up or keeping up with people?: motives and use of facebook","year":2008,"downloadAll":18470,"citationCount":124,"type":"document","id":"Daab5ecb9-eba8-43a1-af92-b2766c481734","download6weeks":396,"typeDoc":"extendedAbstract","x":540.0773151078076,"y":368.49691382312506,"sizeLabel":0,"colorLabel":"white","r":10,"width":20,"height":20,"relativeR":10,"relativeScaleR":1,"isHover":false,"color":"#beaed4","stroke_color":"#beaed4","strokeSize":1,"initial_color":"#beaed4","initial_stroke_color":"#beaed4","sketchPaths":[],"isFixed":false},{"doi":"http://dx.doi.org/10.1145/503376.503394","download12months":79,"name":"\"I'd be overwhelmed, but it's just one more thing to do\": availability and interruption in research management","year":2002,"downloadAll":1715,"citationCount":85,"type":"document","id":"D88f2835e-0311-4267-ab4c-2697b9e7a5eb","download6weeks":6,"typeDoc":"note","x":463.6015869012082,"y":293.1672491782621,"sizeLabel":0,"colorLabel":"white","r":10,"width":20,"height":20,"relativeR":10,"relativeScaleR":1,"isHover":false,"color":"#beaed4","stroke_color":"#beaed4","strokeSize":1,"initial_color":"#beaed4","initial_stroke_color":"#beaed4","sketchPaths":[],"isFixed":false},{"doi":"http://dx.doi.org/10.1145/1518701.1518866","download12months":858,"name":"User-defined gestures for surface computing","year":2009,"downloadAll":3737,"citationCount":157,"type":"document","id":"D3cb216e9-f306-49ac-9f3a-7cc566b85236","download6weeks":85,"typeDoc":"extendedAbstract","x":564.6996438616069,"y":555.0721549824801,"sizeLabel":0,"colorLabel":"white","r":10,"width":20,"height":20,"relativeR":10,"relativeScaleR":1,"isHover":false,"color":"#beaed4","stroke_color":"#beaed4","strokeSize":1,"initial_color":"#beaed4","initial_stroke_color":"#beaed4","sketchPaths":[],"isFixed":false},{"doi":"http://dx.doi.org/10.1145/503376.503383","download12months":109,"name":"Interacting at a distance: measuring the performance of laser pointers and other devices","year":2002,"downloadAll":1848,"citationCount":86,"type":"document","id":"D609c966c-6f2b-44ea-a5c5-83e3445c4d7e","download6weeks":9,"typeDoc":"note","x":534.574876819472,"y":409.16134845953087,"sizeLabel":0,"colorLabel":"white","r":10,"width":20,"height":20,"relativeR":10,"relativeScaleR":1,"isHover":false,"color":"#beaed4","stroke_color":"#beaed4","strokeSize":1,"initial_color":"#beaed4","initial_stroke_color":"#beaed4","sketchPaths":[],"isFixed":false},{"doi":"http://dx.doi.org/10.1145/1124772.1124855","download12months":577,"name":"Implications for design","year":2006,"downloadAll":4459,"citationCount":133,"type":"document","id":"Daf215cc8-f015-4601-8c5b-7390c8538ce0","download6weeks":68,"typeDoc":"extendedAbstract","x":611.8061733343707,"y":537.3382686595409,"sizeLabel":0,"colorLabel":"white","r":10,"width":20,"height":20,"relativeR":10,"relativeScaleR":1,"isHover":false,"color":"#beaed4","stroke_color":"#beaed4","strokeSize":1,"initial_color":"#beaed4","initial_stroke_color":"#beaed4","sketchPaths":[],"isFixed":false},{"doi":"http://dx.doi.org/10.1145/1357054.1357300","download12months":343,"name":"Investigating the effectiveness of tactile feedback for mobile touchscreens","year":2008,"downloadAll":3006,"citationCount":83,"type":"document","id":"Dbfa5fe01-03b0-4966-8fe2-7d742166265f","download6weeks":44,"typeDoc":"note","x":531.6642920431752,"y":339.83040377166054,"sizeLabel":0,"colorLabel":"white","r":10,"width":20,"height":20,"relativeR":10,"relativeScaleR":1,"isHover":false,"color":"#beaed4","stroke_color":"#beaed4","strokeSize":1,"initial_color":"#beaed4","initial_stroke_color":"#beaed4","sketchPaths":[],"isFixed":false},{"doi":"http://dx.doi.org/10.1145/642611.642613","download12months":222,"name":"Peephole displays: pen interaction on spatially aware handheld computers","year":2003,"downloadAll":3640,"citationCount":104,"type":"document","id":"Ded073815-cbd4-49f8-8444-3a20bf7ece02","download6weeks":47,"typeDoc":"note","x":387.61958414110757,"y":432.1921433087431,"sizeLabel":0,"colorLabel":"white","r":10,"width":20,"height":20,"relativeR":10,"relativeScaleR":1,"isHover":false,"color":"#beaed4","stroke_color":"#beaed4","strokeSize":1,"initial_color":"#beaed4","initial_stroke_color":"#beaed4","sketchPaths":[],"isFixed":false},{"doi":"http://dx.doi.org/10.1145/503376.503450","download12months":226,"name":"Making sense of sensing systems: five questions for designers and researchers","year":2002,"downloadAll":3226,"citationCount":96,"type":"document","id":"D8ccc1265-7bbf-4ffc-a6b8-1c60e1b591f5","download6weeks":32,"typeDoc":"extendedAbstract","x":488.3461345766128,"y":507.14417770350326,"sizeLabel":0,"colorLabel":"white","r":10,"width":20,"height":20,"relativeR":10,"relativeScaleR":1,"isHover":false,"color":"#beaed4","stroke_color":"#beaed4","strokeSize":1,"initial_color":"#beaed4","initial_stroke_color":"#beaed4","sketchPaths":[],"isFixed":false},{"doi":"http://dx.doi.org/10.1145/1357054.1357255","download12months":377,"name":"It's Mine, Don't Touch!: interactions at a large multi-touch display in a city centre","year":2008,"downloadAll":3325,"citationCount":122,"type":"document","id":"D4edde461-4314-4155-9582-8eb1cea07eab","download6weeks":35,"typeDoc":"note","x":477.7439587593689,"y":457.29679452628295,"sizeLabel":0,"colorLabel":"white","r":10,"width":20,"height":20,"relativeR":10,"relativeScaleR":1,"isHover":false,"color":"#beaed4","stroke_color":"#beaed4","strokeSize":1,"initial_color":"#beaed4","initial_stroke_color":"#beaed4","sketchPaths":[],"isFixed":false},{"doi":"http://dx.doi.org/10.1145/642611.642673","download12months":102,"name":"UMEA: translating interaction histories into project contexts","year":2003,"downloadAll":1896,"citationCount":81,"type":"document","id":"D68e0dd11-a7e5-49c3-aada-d6d36d5a6c7b","download6weeks":18,"typeDoc":"paper","x":385.43951555882575,"y":328.80784082701405,"sizeLabel":0,"colorLabel":"white","r":10,"width":20,"height":20,"relativeR":10,"relativeScaleR":1,"isHover":false,"color":"#beaed4","stroke_color":"#beaed4","strokeSize":1,"initial_color":"#beaed4","initial_stroke_color":"#beaed4","sketchPaths":[],"isFixed":false},{"doi":"http://dx.doi.org/10.1145/365024.365116","download12months":58,"name":"Optimizing search by showing results in context","year":2001,"downloadAll":1537,"citationCount":84,"type":"document","id":"D65d57eea-fbbf-4630-87da-47722507b825","download6weeks":9,"typeDoc":"extendedAbstract","x":525.4053652356137,"y":465.44736406234057,"sizeLabel":0,"colorLabel":"white","r":10,"width":20,"height":20,"relativeR":10,"relativeScaleR":1,"isHover":false,"color":"#beaed4","stroke_color":"#beaed4","strokeSize":1,"initial_color":"#beaed4","initial_stroke_color":"#beaed4","sketchPaths":[],"isFixed":false},{"doi":"http://dx.doi.org/10.1145/1124772.1124965","download12months":218,"name":"Keepin' it real: pushing the desktop metaphor with physics, piles and the pen","year":2006,"downloadAll":2415,"citationCount":87,"type":"document","id":"Db76146c5-ebf5-40f4-a5d1-92536a463b8e","download6weeks":16,"typeDoc":"note","x":628.5432111466874,"y":246.87358522813452,"sizeLabel":0,"colorLabel":"white","r":10,"width":20,"height":20,"relativeR":10,"relativeScaleR":1,"isHover":false,"color":"#beaed4","stroke_color":"#beaed4","strokeSize":1,"initial_color":"#beaed4","initial_stroke_color":"#beaed4","sketchPaths":[],"isFixed":false},{"doi":"http://dx.doi.org/10.1145/1357054.1357127","download12months":1250,"name":"Crowdsourcing user studies with Mechanical Turk","year":2008,"downloadAll":5207,"citationCount":235,"type":"document","id":"D41fe4001-b352-40ee-b468-3c906bfd7762","download6weeks":172,"typeDoc":"note","x":492.7985583244196,"y":294.97953723818756,"sizeLabel":0,"colorLabel":"white","r":10,"width":20,"height":20,"relativeR":10,"relativeScaleR":1,"isHover":false,"color":"#beaed4","stroke_color":"#beaed4","strokeSize":1,"initial_color":"#beaed4","initial_stroke_color":"#beaed4","sketchPaths":[],"isFixed":false},{"doi":"http://dx.doi.org/10.1145/365024.365325","download12months":160,"name":"Using information scent to model user information needs and actions and the Web","year":2001,"downloadAll":2932,"citationCount":103,"type":"document","id":"D82d3270e-f3de-401d-9a70-21b26b035b97","download6weeks":17,"typeDoc":"paper","x":446.75066866853234,"y":268.65616390130816,"sizeLabel":0,"colorLabel":"white","r":10,"width":20,"height":20,"relativeR":10,"relativeScaleR":1,"isHover":false,"color":"#beaed4","stroke_color":"#beaed4","strokeSize":1,"initial_color":"#beaed4","initial_stroke_color":"#beaed4","sketchPaths":[],"isFixed":false},{"doi":"http://dx.doi.org/10.1145/1240624.1240726","download12months":390,"name":"Direct-touch vs. mouse input for tabletop displays","year":2007,"downloadAll":3470,"citationCount":87,"type":"document","id":"D31dda613-6f5b-45cd-ab66-acbfcc802888","download6weeks":47,"typeDoc":"note","x":434.57046373723534,"y":295.92717041458116,"sizeLabel":0,"colorLabel":"white","r":10,"width":20,"height":20,"relativeR":10,"relativeScaleR":1,"isHover":false,"color":"#beaed4","stroke_color":"#beaed4","strokeSize":1,"initial_color":"#beaed4","initial_stroke_color":"#beaed4","sketchPaths":[],"isFixed":false},{"doi":"http://dx.doi.org/10.1145/642611.642616","download12months":438,"name":"Technology probes: inspiring design for and with families","year":2003,"downloadAll":5387,"citationCount":266,"type":"document","id":"D7e2f6d76-bbe8-4129-a7c2-b0852317db5c","download6weeks":53,"typeDoc":"paper","x":502.17102693001544,"y":446.7617295527593,"sizeLabel":0,"colorLabel":"white","r":10,"width":20,"height":20,"relativeR":10,"relativeScaleR":1,"isHover":false,"color":"#beaed4","stroke_color":"#beaed4","strokeSize":1,"initial_color":"#beaed4","initial_stroke_color":"#beaed4","sketchPaths":[],"isFixed":false},{"doi":"http://dx.doi.org/10.1145/1357054.1357335","download12months":408,"name":"Activity sensing in the wild: a field trial of ubifit garden","year":2008,"downloadAll":2030,"citationCount":141,"type":"document","id":"Ddebc59c4-6dc4-4797-9879-113c28493a42","download6weeks":44,"typeDoc":"note","x":602.645526960581,"y":261.6442253585477,"sizeLabel":0,"colorLabel":"white","r":10,"width":20,"height":20,"relativeR":10,"relativeScaleR":1,"isHover":false,"color":"#beaed4","stroke_color":"#beaed4","strokeSize":1,"initial_color":"#beaed4","initial_stroke_color":"#beaed4","sketchPaths":[],"isFixed":false},{"doi":"http://dx.doi.org/10.1145/642611.642710","download12months":110,"name":"Where on-line meets on the streets: experiences with mobile mixed reality games","year":2003,"downloadAll":2393,"citationCount":86,"type":"document","id":"De88ddaaf-11d6-457b-a565-f028a00c12fa","download6weeks":13,"typeDoc":"extendedAbstract","x":597.2565494371388,"y":232.2068959480307,"sizeLabel":0,"colorLabel":"white","r":10,"width":20,"height":20,"relativeR":10,"relativeScaleR":1,"isHover":false,"color":"#beaed4","stroke_color":"#beaed4","strokeSize":1,"initial_color":"#beaed4","initial_stroke_color":"#beaed4","sketchPaths":[],"isFixed":false},{"doi":"http://dx.doi.org/10.1145/985692.985754","download12months":111,"name":"Pressure widgets","year":2004,"downloadAll":1489,"citationCount":104,"type":"document","id":"D69bba186-49b7-432a-bccb-02a06fc4ea5a","download6weeks":8,"typeDoc":"paper","x":440.36886744248625,"y":492.5690076801721,"sizeLabel":0,"colorLabel":"white","r":10,"width":20,"height":20,"relativeR":10,"relativeScaleR":1,"isHover":false,"color":"#beaed4","stroke_color":"#beaed4","strokeSize":1,"initial_color":"#beaed4","initial_stroke_color":"#beaed4","sketchPaths":[],"isFixed":false},{"doi":"http://dx.doi.org/10.1145/642611.642642","download12months":314,"name":"Heuristic evaluation of ambient displays","year":2003,"downloadAll":4201,"citationCount":130,"type":"document","id":"Db637f051-253a-4156-ab8a-5e18274ba2a0","download6weeks":31,"typeDoc":"note","x":574.4965639445172,"y":251.60367282375992,"sizeLabel":0,"colorLabel":"white","r":10,"width":20,"height":20,"relativeR":10,"relativeScaleR":1,"isHover":false,"color":"#beaed4","stroke_color":"#beaed4","strokeSize":1,"initial_color":"#beaed4","initial_stroke_color":"#beaed4","sketchPaths":[],"isFixed":false},{"doi":"http://dx.doi.org/10.1145/642611.642695","download12months":238,"name":"Halo: a technique for visualizing off-screen objects","year":2003,"downloadAll":2265,"citationCount":122,"type":"document","id":"Db4d4945e-0f80-4deb-adee-57098620f23e","download6weeks":49,"typeDoc":"paper","x":609.9356689514681,"y":457.88259837043927,"sizeLabel":0,"colorLabel":"white","r":10,"width":20,"height":20,"relativeR":10,"relativeScaleR":1,"isHover":false,"color":"#beaed4","stroke_color":"#beaed4","strokeSize":1,"initial_color":"#beaed4","initial_stroke_color":"#beaed4","sketchPaths":[],"isFixed":false},{"doi":"http://dx.doi.org/10.1145/365024.383749","download12months":84,"name":"Casablanca: designing social communication devices for the home","year":2001,"downloadAll":2258,"citationCount":103,"type":"document","id":"D948151b3-858c-47fc-8e3a-359a44b93551","download6weeks":7,"typeDoc":"paper","x":593.346968634146,"y":560.8499717514685,"sizeLabel":0,"colorLabel":"white","r":10,"width":20,"height":20,"relativeR":10,"relativeScaleR":1,"isHover":false,"color":"#beaed4","stroke_color":"#beaed4","strokeSize":1,"initial_color":"#beaed4","initial_stroke_color":"#beaed4","sketchPaths":[],"isFixed":false},{"doi":"http://dx.doi.org/10.1145/985692.985714","download12months":115,"name":"DiamondSpin: an extensible toolkit for around-the-table interaction","year":2004,"downloadAll":1962,"citationCount":141,"type":"document","id":"D344ed884-c0a7-4538-a549-064e639e87ae","download6weeks":15,"typeDoc":"extendedAbstract","x":583.6992746530542,"y":443.48119457165905,"sizeLabel":0,"colorLabel":"white","r":10,"width":20,"height":20,"relativeR":10,"relativeScaleR":1,"isHover":false,"color":"#beaed4","stroke_color":"#beaed4","strokeSize":1,"initial_color":"#beaed4","initial_stroke_color":"#beaed4","sketchPaths":[],"isFixed":false},{"doi":"http://dx.doi.org/10.1145/642611.642672","download12months":295,"name":"Taking email to task: the design and evaluation of a task management centered email tool","year":2003,"downloadAll":3802,"citationCount":122,"type":"document","id":"D41738c4e-0842-4967-b581-9c0a8183c22d","download6weeks":16,"typeDoc":"note","x":469.2988258017592,"y":485.239141911078,"sizeLabel":0,"colorLabel":"white","r":10,"width":20,"height":20,"relativeR":10,"relativeScaleR":1,"isHover":false,"color":"#beaed4","stroke_color":"#beaed4","strokeSize":1,"initial_color":"#beaed4","initial_stroke_color":"#beaed4","sketchPaths":[],"isFixed":false},{"doi":"http://dx.doi.org/10.1145/985692.985707","download12months":199,"name":"\"Constant, constant, multi-tasking craziness\": managing multiple working spheres","year":2004,"downloadAll":2609,"citationCount":128,"type":"document","id":"D453204c3-65ee-44ed-8e0c-013bf8b0bf3c","download6weeks":37,"typeDoc":"note","x":375.56496960625753,"y":354.9098422907736,"sizeLabel":0,"colorLabel":"white","r":10,"width":20,"height":20,"relativeR":10,"relativeScaleR":1,"isHover":false,"color":"#beaed4","stroke_color":"#beaed4","strokeSize":1,"initial_color":"#beaed4","initial_stroke_color":"#beaed4","sketchPaths":[],"isFixed":false},{"doi":"http://dx.doi.org/10.1145/642611.642653","download12months":368,"name":"Ambiguity as a resource for design","year":2003,"downloadAll":4270,"citationCount":223,"type":"document","id":"D935a8a25-bfeb-4dbc-8487-4014db9637c1","download6weeks":48,"typeDoc":"paper","x":406.56207568793405,"y":309.81936372941976,"sizeLabel":0,"colorLabel":"white","r":10,"width":20,"height":20,"relativeR":10,"relativeScaleR":1,"isHover":false,"color":"#beaed4","stroke_color":"#beaed4","strokeSize":1,"initial_color":"#beaed4","initial_stroke_color":"#beaed4","sketchPaths":[],"isFixed":false},{"doi":"http://dx.doi.org/10.1145/1240624.1240705","download12months":490,"name":"Sustainable interaction design: invention & disposal, renewal & reuse","year":2007,"downloadAll":4950,"citationCount":125,"type":"document","id":"D61cbdf86-d2af-4e55-bd03-f913a83786e4","download6weeks":65,"typeDoc":"note","x":450.2609329593858,"y":461.0640269767407,"sizeLabel":0,"colorLabel":"white","r":10,"width":20,"height":20,"relativeR":10,"relativeScaleR":1,"isHover":false,"color":"#beaed4","stroke_color":"#beaed4","strokeSize":1,"initial_color":"#beaed4","initial_stroke_color":"#beaed4","sketchPaths":[],"isFixed":false},{"doi":"http://dx.doi.org/10.1145/365024.365105","download12months":49,"name":"ConNexus to awarenex: extending awareness to mobile users","year":2001,"downloadAll":1612,"citationCount":108,"type":"document","id":"D17f5c0b9-89bd-44a9-b07f-80bf6298f0d5","download6weeks":0,"typeDoc":"extendedAbstract","x":377.8320446988754,"y":407.0797030148335,"sizeLabel":0,"colorLabel":"white","r":10,"width":20,"height":20,"relativeR":10,"relativeScaleR":1,"isHover":false,"color":"#beaed4","stroke_color":"#beaed4","strokeSize":1,"initial_color":"#beaed4","initial_stroke_color":"#beaed4","sketchPaths":[],"isFixed":false},{"doi":"http://dx.doi.org/10.1145/503376.503428","download12months":140,"name":"Gestural and audio metaphors as a means of control for mobile devices","year":2002,"downloadAll":2857,"citationCount":87,"type":"document","id":"Dff9485f8-6091-4e2c-a47b-e33f5b341dcf","download6weeks":14,"typeDoc":"note","x":537.7512485130102,"y":544.8305280762602,"sizeLabel":0,"colorLabel":"white","r":10,"width":20,"height":20,"relativeR":10,"relativeScaleR":1,"isHover":false,"color":"#beaed4","stroke_color":"#beaed4","strokeSize":1,"initial_color":"#beaed4","initial_stroke_color":"#beaed4","sketchPaths":[],"isFixed":false},{"doi":"http://dx.doi.org/10.1145/1753326.1753625","download12months":563,"name":"Mapping the landscape of sustainable HCI","year":2010,"downloadAll":2118,"citationCount":85,"type":"document","id":"D82e48b80-27d0-4f72-ae1c-3dc5c4ea82bb","download6weeks":78,"typeDoc":"paper","x":409.079169372847,"y":279.95364730669684,"sizeLabel":0,"colorLabel":"white","r":10,"width":20,"height":20,"relativeR":10,"relativeScaleR":1,"isHover":false,"color":"#beaed4","stroke_color":"#beaed4","strokeSize":1,"initial_color":"#beaed4","initial_stroke_color":"#beaed4","sketchPaths":[],"isFixed":false},{"doi":"http://dx.doi.org/10.1145/365024.365339","download12months":148,"name":"The notification collage: posting information to public and personal displays","year":2001,"downloadAll":2133,"citationCount":110,"type":"document","id":"Ddc282449-32e3-4d81-bedd-de576f141843","download6weeks":7,"typeDoc":"extendedAbstract","x":381.82697487046664,"y":292.6726057200629,"sizeLabel":0,"colorLabel":"white","r":10,"width":20,"height":20,"relativeR":10,"relativeScaleR":1,"isHover":false,"color":"#beaed4","stroke_color":"#beaed4","strokeSize":1,"initial_color":"#beaed4","initial_stroke_color":"#beaed4","sketchPaths":[],"isFixed":false},{"doi":"http://dx.doi.org/10.1145/642611.642657","download12months":94,"name":"Predicting human interruptibility with sensors: a Wizard of Oz feasibility study","year":2003,"downloadAll":1959,"citationCount":84,"type":"document","id":"D0766e300-67ec-4632-ac10-f99fbaa8182a","download6weeks":15,"typeDoc":"extendedAbstract","x":568.8871244716227,"y":222.27840633754474,"sizeLabel":0,"colorLabel":"white","r":10,"width":20,"height":20,"relativeR":10,"relativeScaleR":1,"isHover":false,"color":"#beaed4","stroke_color":"#beaed4","strokeSize":1,"initial_color":"#beaed4","initial_stroke_color":"#beaed4","sketchPaths":[],"isFixed":false},{"doi":"http://dx.doi.org/10.1145/503376.503397","download12months":303,"name":"SmartSkin: an infrastructure for freehand manipulation on interactive surfaces","year":2002,"downloadAll":4046,"citationCount":222,"type":"document","id":"Dbac14ba5-f263-491f-88fd-2ec029add24d","download6weeks":34,"typeDoc":"extendedAbstract","x":546.1554366765306,"y":241.88055963985113,"sizeLabel":0,"colorLabel":"white","r":10,"width":20,"height":20,"relativeR":10,"relativeScaleR":1,"isHover":false,"color":"#beaed4","stroke_color":"#beaed4","strokeSize":1,"initial_color":"#beaed4","initial_stroke_color":"#beaed4","sketchPaths":[],"isFixed":false},{"doi":"http://dx.doi.org/10.1145/642611.642709","download12months":183,"name":"Exertion interfaces: sports over a distance for social bonding and fun","year":2003,"downloadAll":2374,"citationCount":109,"type":"document","id":"D051a8d2b-c60f-4471-ae81-06101f5c625c","download6weeks":25,"typeDoc":"note","x":411.96361818017846,"y":447.574620434836,"sizeLabel":0,"colorLabel":"white","r":10,"width":20,"height":20,"relativeR":10,"relativeScaleR":1,"isHover":false,"color":"#beaed4","stroke_color":"#beaed4","strokeSize":1,"initial_color":"#beaed4","initial_stroke_color":"#beaed4","sketchPaths":[],"isFixed":false},{"doi":"http://dx.doi.org/10.1145/365024.365037","download12months":357,"name":"What makes Web sites credible?: a report on a large quantitative study","year":2001,"downloadAll":5636,"citationCount":120,"type":"document","id":"D6b7861ea-962e-4317-8f12-8991a8932b48","download6weeks":54,"typeDoc":"extendedAbstract","x":526.3298199793779,"y":572.143643347043,"sizeLabel":0,"colorLabel":"white","r":10,"width":20,"height":20,"relativeR":10,"relativeScaleR":1,"isHover":false,"color":"#beaed4","stroke_color":"#beaed4","strokeSize":1,"initial_color":"#beaed4","initial_stroke_color":"#beaed4","sketchPaths":[],"isFixed":false},{"doi":"http://dx.doi.org/10.1145/1518701.1518736","download12months":3765,"name":"Predicting tie strength with social media","year":2009,"downloadAll":11799,"citationCount":125,"type":"document","id":"D4780d38a-fa9c-46b6-9cd3-05395a9b9e0b","download6weeks":598,"typeDoc":"paper","x":355.5773717109153,"y":333.63603824105724,"sizeLabel":0,"colorLabel":"white","r":10,"width":20,"height":20,"relativeR":10,"relativeScaleR":1,"isHover":false,"color":"#beaed4","stroke_color":"#beaed4","strokeSize":1,"initial_color":"#beaed4","initial_stroke_color":"#beaed4","sketchPaths":[],"isFixed":false},{"doi":"http://dx.doi.org/10.1145/365024.365112","download12months":128,"name":"Sensetable: a wireless object tracking platform for tangible user interfaces","year":2001,"downloadAll":1564,"citationCount":91,"type":"document","id":"Defa323d1-5ad1-47f1-8b23-09b447539d09","download6weeks":12,"typeDoc":"note","x":516.0337169471997,"y":525.360358735791,"sizeLabel":0,"colorLabel":"white","r":10,"width":20,"height":20,"relativeR":10,"relativeScaleR":1,"isHover":false,"color":"#beaed4","stroke_color":"#beaed4","strokeSize":1,"initial_color":"#beaed4","initial_stroke_color":"#beaed4","sketchPaths":[],"isFixed":false},{"doi":"http://dx.doi.org/10.1145/1753326.1753629","download12months":453,"name":"The design of eco-feedback technology","year":2010,"downloadAll":2012,"citationCount":117,"type":"document","id":"D430a15a9-6a42-4319-8fc2-1dd81d8f82f8","download6weeks":60,"typeDoc":"extendedAbstract","x":516.5823780468809,"y":496.05213432447033,"sizeLabel":0,"colorLabel":"white","r":10,"width":20,"height":20,"relativeR":10,"relativeScaleR":1,"isHover":false,"color":"#beaed4","stroke_color":"#beaed4","strokeSize":1,"initial_color":"#beaed4","initial_stroke_color":"#beaed4","sketchPaths":[],"isFixed":false},{"doi":"http://dx.doi.org/10.1145/1054972.1055074","download12months":189,"name":"Designing the spectator experience","year":2005,"downloadAll":2069,"citationCount":103,"type":"document","id":"Dc124b14d-3d3e-4b97-bc23-b5ea874ec233","download6weeks":23,"typeDoc":"paper","x":363.4102355340055,"y":380.944877763223,"sizeLabel":0,"colorLabel":"white","r":10,"width":20,"height":20,"relativeR":10,"relativeScaleR":1,"isHover":false,"color":"#beaed4","stroke_color":"#beaed4","strokeSize":1,"initial_color":"#beaed4","initial_stroke_color":"#beaed4","sketchPaths":[],"isFixed":false},{"doi":"http://dx.doi.org/10.1145/1240624.1240704","download12months":997,"name":"Research through design as a method for interaction design research in HCI","year":2007,"downloadAll":6045,"citationCount":120,"type":"document","id":"D5e2fe491-b343-48a1-9b8f-e62cfcef425b","download6weeks":113,"typeDoc":"paper","x":504.8749907118931,"y":551.6995613132493,"sizeLabel":0,"colorLabel":"white","r":10,"width":20,"height":20,"relativeR":10,"relativeScaleR":1,"isHover":false,"color":"#beaed4","stroke_color":"#beaed4","strokeSize":1,"initial_color":"#beaed4","initial_stroke_color":"#beaed4","sketchPaths":[],"isFixed":false}],"links":[{"source":"Kdesign","type":"collaboration","target":"D1fde85ad-3d20-46b0-b0c0-6504c19fbef3","weight":2,"id":284,"index":0,"color":"rgba(191, 191, 191, 0.6)","size":70,"sketchWidth":1,"sketchHeight":1,"initial_color":"rgba(191,191,191,0.6)","from":0,"to":3,"curvature":10,"control_point":[]},{"source":"Kuserinterfaces","type":"collaboration","target":"D6eb7b16f-5247-4b6c-aeaf-1f4b93d67aac","weight":2,"id":485,"index":1,"color":"rgba(191, 191, 191, 0.6)","size":70,"sketchWidth":1,"sketchHeight":1,"initial_color":"rgba(191,191,191,0.6)","from":1,"to":4,"curvature":10,"control_point":[]},{"source":"Kdesign","type":"collaboration","target":"D5d8d2a36-fc46-420b-a678-729d3d11c403","weight":2,"id":501,"index":2,"color":"rgba(191, 191, 191, 0.6)","size":70,"sketchWidth":1,"sketchHeight":1,"initial_color":"rgba(191,191,191,0.6)","from":0,"to":5,"curvature":10,"control_point":[]},{"source":"Khumanfactors","type":"collaboration","target":"Dc32329f9-bfd0-440c-bc05-e5071ac331e1","weight":2,"id":723,"index":3,"color":"rgba(191, 191, 191, 0.6)","size":70,"sketchWidth":1,"sketchHeight":1,"initial_color":"rgba(191,191,191,0.6)","from":2,"to":6,"curvature":10,"control_point":[]},{"source":"Kdesign","type":"collaboration","target":"Dc593d1bf-96c7-440b-b342-18714433af63","weight":2,"id":755,"index":4,"color":"rgba(191, 191, 191, 0.6)","size":70,"sketchWidth":1,"sketchHeight":1,"initial_color":"rgba(191,191,191,0.6)","from":0,"to":7,"curvature":10,"control_point":[]},{"source":"Khumanfactors","type":"collaboration","target":"D77e1a16b-8616-46ef-83cd-1301295f93b2","weight":2,"id":1196,"index":5,"color":"rgba(191, 191, 191, 0.6)","size":70,"sketchWidth":1,"sketchHeight":1,"initial_color":"rgba(191,191,191,0.6)","from":2,"to":8,"curvature":10,"control_point":[]},{"source":"Kuserinterfaces","type":"collaboration","target":"Dde62a1aa-8c6f-4991-935d-7b6421c5ed72","weight":2,"id":1305,"index":6,"color":"rgba(191, 191, 191, 0.6)","size":70,"sketchWidth":1,"sketchHeight":1,"initial_color":"rgba(191,191,191,0.6)","from":1,"to":9,"curvature":10,"control_point":[]},{"source":"Khumanfactors","type":"collaboration","target":"Dbbfd6abd-6233-4232-a212-ae59a071fa4a","weight":2,"id":1318,"index":7,"color":"rgba(191, 191, 191, 0.6)","size":70,"sketchWidth":1,"sketchHeight":1,"initial_color":"rgba(191,191,191,0.6)","from":2,"to":10,"curvature":10,"control_point":[]},{"source":"Kuserinterfaces","type":"collaboration","target":"Dd9762d9c-6186-4322-add5-d196edf07c28","weight":2,"id":1546,"index":8,"color":"rgba(191, 191, 191, 0.6)","size":70,"sketchWidth":1,"sketchHeight":1,"initial_color":"rgba(191,191,191,0.6)","from":1,"to":11,"curvature":10,"control_point":[]},{"source":"Kdesign","type":"collaboration","target":"Da2bdd912-4868-4a93-a104-212262fdda65","weight":2,"id":2407,"index":9,"color":"rgba(191, 191, 191, 0.6)","size":70,"sketchWidth":1,"sketchHeight":1,"initial_color":"rgba(191,191,191,0.6)","from":0,"to":12,"curvature":10,"control_point":[]},{"source":"Khumanfactors","type":"collaboration","target":"Df54a2d1e-ffe1-421e-b318-e4bdf3a12853","weight":2,"id":2593,"index":10,"color":"rgba(191, 191, 191, 0.6)","size":70,"sketchWidth":1,"sketchHeight":1,"initial_color":"rgba(191,191,191,0.6)","from":2,"to":13,"curvature":10,"control_point":[]},{"source":"Khumanfactors","type":"collaboration","target":"Daab5ecb9-eba8-43a1-af92-b2766c481734","weight":2,"id":2654,"index":11,"color":"rgba(191, 191, 191, 0.6)","size":70,"sketchWidth":1,"sketchHeight":1,"initial_color":"rgba(191,191,191,0.6)","from":2,"to":14,"curvature":10,"control_point":[]},{"source":"Khumanfactors","type":"collaboration","target":"D88f2835e-0311-4267-ab4c-2697b9e7a5eb","weight":2,"id":2671,"index":12,"color":"rgba(191, 191, 191, 0.6)","size":70,"sketchWidth":1,"sketchHeight":1,"initial_color":"rgba(191,191,191,0.6)","from":2,"to":15,"curvature":10,"control_point":[]},{"source":"Kdesign","type":"collaboration","target":"D3cb216e9-f306-49ac-9f3a-7cc566b85236","weight":2,"id":2873,"index":13,"color":"rgba(191, 191, 191, 0.6)","size":70,"sketchWidth":1,"sketchHeight":1,"initial_color":"rgba(191,191,191,0.6)","from":0,"to":16,"curvature":10,"control_point":[]},{"source":"Kdesign","type":"collaboration","target":"D609c966c-6f2b-44ea-a5c5-83e3445c4d7e","weight":2,"id":2913,"index":14,"color":"rgba(191, 191, 191, 0.6)","size":70,"sketchWidth":1,"sketchHeight":1,"initial_color":"rgba(191,191,191,0.6)","from":0,"to":17,"curvature":10,"control_point":[]},{"source":"Kdesign","type":"collaboration","target":"Daf215cc8-f015-4601-8c5b-7390c8538ce0","weight":2,"id":3062,"index":15,"color":"rgba(191, 191, 191, 0.6)","size":70,"sketchWidth":1,"sketchHeight":1,"initial_color":"rgba(191,191,191,0.6)","from":0,"to":18,"curvature":10,"control_point":[]},{"source":"Khumanfactors","type":"collaboration","target":"Dbfa5fe01-03b0-4966-8fe2-7d742166265f","weight":2,"id":3447,"index":16,"color":"rgba(191, 191, 191, 0.6)","size":70,"sketchWidth":1,"sketchHeight":1,"initial_color":"rgba(191,191,191,0.6)","from":2,"to":19,"curvature":10,"control_point":[]},{"source":"Khumanfactors","type":"collaboration","target":"Da2bdd912-4868-4a93-a104-212262fdda65","weight":2,"id":3698,"index":17,"color":"rgba(191, 191, 191, 0.6)","size":70,"sketchWidth":1,"sketchHeight":1,"initial_color":"rgba(191,191,191,0.6)","from":2,"to":12,"curvature":10,"control_point":[]},{"source":"Khumanfactors","type":"collaboration","target":"Ded073815-cbd4-49f8-8444-3a20bf7ece02","weight":2,"id":3787,"index":18,"color":"rgba(191, 191, 191, 0.6)","size":70,"sketchWidth":1,"sketchHeight":1,"initial_color":"rgba(191,191,191,0.6)","from":2,"to":20,"curvature":10,"control_point":[]},{"source":"Khumanfactors","type":"collaboration","target":"D8ccc1265-7bbf-4ffc-a6b8-1c60e1b591f5","weight":2,"id":3978,"index":19,"color":"rgba(191, 191, 191, 0.6)","size":70,"sketchWidth":1,"sketchHeight":1,"initial_color":"rgba(191,191,191,0.6)","from":2,"to":21,"curvature":10,"control_point":[]},{"source":"Kdesign","type":"collaboration","target":"D4edde461-4314-4155-9582-8eb1cea07eab","weight":2,"id":4064,"index":20,"color":"rgba(191, 191, 191, 0.6)","size":70,"sketchWidth":1,"sketchHeight":1,"initial_color":"rgba(191,191,191,0.6)","from":0,"to":22,"curvature":10,"control_point":[]},{"source":"Kdesign","type":"collaboration","target":"Dd9762d9c-6186-4322-add5-d196edf07c28","weight":2,"id":4231,"index":21,"color":"rgba(191, 191, 191, 0.6)","size":70,"sketchWidth":1,"sketchHeight":1,"initial_color":"rgba(191,191,191,0.6)","from":0,"to":11,"curvature":10,"control_point":[]},{"source":"Khumanfactors","type":"collaboration","target":"D68e0dd11-a7e5-49c3-aada-d6d36d5a6c7b","weight":2,"id":4308,"index":22,"color":"rgba(191, 191, 191, 0.6)","size":70,"sketchWidth":1,"sketchHeight":1,"initial_color":"rgba(191,191,191,0.6)","from":2,"to":23,"curvature":10,"control_point":[]},{"source":"Khumanfactors","type":"collaboration","target":"D65d57eea-fbbf-4630-87da-47722507b825","weight":2,"id":4431,"index":23,"color":"rgba(191, 191, 191, 0.6)","size":70,"sketchWidth":1,"sketchHeight":1,"initial_color":"rgba(191,191,191,0.6)","from":2,"to":24,"curvature":10,"control_point":[]},{"source":"Kdesign","type":"collaboration","target":"D8ccc1265-7bbf-4ffc-a6b8-1c60e1b591f5","weight":2,"id":4469,"index":24,"color":"rgba(191, 191, 191, 0.6)","size":70,"sketchWidth":1,"sketchHeight":1,"initial_color":"rgba(191,191,191,0.6)","from":0,"to":21,"curvature":10,"control_point":[]},{"source":"Kuserinterfaces","type":"collaboration","target":"Db76146c5-ebf5-40f4-a5d1-92536a463b8e","weight":2,"id":4602,"index":25,"color":"rgba(191, 191, 191, 0.6)","size":70,"sketchWidth":1,"sketchHeight":1,"initial_color":"rgba(191,191,191,0.6)","from":1,"to":25,"curvature":10,"control_point":[]},{"source":"Khumanfactors","type":"collaboration","target":"D41fe4001-b352-40ee-b468-3c906bfd7762","weight":2,"id":4641,"index":26,"color":"rgba(191, 191, 191, 0.6)","size":70,"sketchWidth":1,"sketchHeight":1,"initial_color":"rgba(191,191,191,0.6)","from":2,"to":26,"curvature":10,"control_point":[]},{"source":"Khumanfactors","type":"collaboration","target":"D82d3270e-f3de-401d-9a70-21b26b035b97","weight":2,"id":4801,"index":27,"color":"rgba(191, 191, 191, 0.6)","size":70,"sketchWidth":1,"sketchHeight":1,"initial_color":"rgba(191,191,191,0.6)","from":2,"to":27,"curvature":10,"control_point":[]},{"source":"Khumanfactors","type":"collaboration","target":"D31dda613-6f5b-45cd-ab66-acbfcc802888","weight":2,"id":5049,"index":28,"color":"rgba(191, 191, 191, 0.6)","size":70,"sketchWidth":1,"sketchHeight":1,"initial_color":"rgba(191,191,191,0.6)","from":2,"to":28,"curvature":10,"control_point":[]},{"source":"Khumanfactors","type":"collaboration","target":"D7e2f6d76-bbe8-4129-a7c2-b0852317db5c","weight":2,"id":5373,"index":29,"color":"rgba(191, 191, 191, 0.6)","size":70,"sketchWidth":1,"sketchHeight":1,"initial_color":"rgba(191,191,191,0.6)","from":2,"to":29,"curvature":10,"control_point":[]},{"source":"Kdesign","type":"collaboration","target":"Df54a2d1e-ffe1-421e-b318-e4bdf3a12853","weight":2,"id":5476,"index":30,"color":"rgba(191, 191, 191, 0.6)","size":70,"sketchWidth":1,"sketchHeight":1,"initial_color":"rgba(191,191,191,0.6)","from":0,"to":13,"curvature":10,"control_point":[]},{"source":"Kuserinterfaces","type":"collaboration","target":"Ddebc59c4-6dc4-4797-9879-113c28493a42","weight":2,"id":5548,"index":31,"color":"rgba(191, 191, 191, 0.6)","size":70,"sketchWidth":1,"sketchHeight":1,"initial_color":"rgba(191,191,191,0.6)","from":1,"to":30,"curvature":10,"control_point":[]},{"source":"Kuserinterfaces","type":"collaboration","target":"De88ddaaf-11d6-457b-a565-f028a00c12fa","weight":2,"id":5613,"index":32,"color":"rgba(191, 191, 191, 0.6)","size":70,"sketchWidth":1,"sketchHeight":1,"initial_color":"rgba(191,191,191,0.6)","from":1,"to":31,"curvature":10,"control_point":[]},{"source":"Khumanfactors","type":"collaboration","target":"Dde62a1aa-8c6f-4991-935d-7b6421c5ed72","weight":2,"id":5733,"index":33,"color":"rgba(191, 191, 191, 0.6)","size":70,"sketchWidth":1,"sketchHeight":1,"initial_color":"rgba(191,191,191,0.6)","from":2,"to":9,"curvature":10,"control_point":[]},{"source":"Kdesign","type":"collaboration","target":"D69bba186-49b7-432a-bccb-02a06fc4ea5a","weight":2,"id":5764,"index":34,"color":"rgba(191, 191, 191, 0.6)","size":70,"sketchWidth":1,"sketchHeight":1,"initial_color":"rgba(191,191,191,0.6)","from":0,"to":32,"curvature":10,"control_point":[]},{"source":"Kuserinterfaces","type":"collaboration","target":"Db637f051-253a-4156-ab8a-5e18274ba2a0","weight":2,"id":6135,"index":35,"color":"rgba(191, 191, 191, 0.6)","size":70,"sketchWidth":1,"sketchHeight":1,"initial_color":"rgba(191,191,191,0.6)","from":1,"to":33,"curvature":10,"control_point":[]},{"source":"Kdesign","type":"collaboration","target":"Db4d4945e-0f80-4deb-adee-57098620f23e","weight":2,"id":6353,"index":36,"color":"rgba(191, 191, 191, 0.6)","size":70,"sketchWidth":1,"sketchHeight":1,"initial_color":"rgba(191,191,191,0.6)","from":0,"to":34,"curvature":10,"control_point":[]},{"source":"Kdesign","type":"collaboration","target":"D65d57eea-fbbf-4630-87da-47722507b825","weight":2,"id":6835,"index":37,"color":"rgba(191, 191, 191, 0.6)","size":70,"sketchWidth":1,"sketchHeight":1,"initial_color":"rgba(191,191,191,0.6)","from":0,"to":24,"curvature":10,"control_point":[]},{"source":"Khumanfactors","type":"collaboration","target":"D609c966c-6f2b-44ea-a5c5-83e3445c4d7e","weight":2,"id":6949,"index":38,"color":"rgba(191, 191, 191, 0.6)","size":70,"sketchWidth":1,"sketchHeight":1,"initial_color":"rgba(191,191,191,0.6)","from":2,"to":17,"curvature":10,"control_point":[]},{"source":"Kdesign","type":"collaboration","target":"D948151b3-858c-47fc-8e3a-359a44b93551","weight":2,"id":7552,"index":39,"color":"rgba(191, 191, 191, 0.6)","size":70,"sketchWidth":1,"sketchHeight":1,"initial_color":"rgba(191,191,191,0.6)","from":0,"to":35,"curvature":10,"control_point":[]},{"source":"Khumanfactors","type":"collaboration","target":"Dc593d1bf-96c7-440b-b342-18714433af63","weight":2,"id":7591,"index":40,"color":"rgba(191, 191, 191, 0.6)","size":70,"sketchWidth":1,"sketchHeight":1,"initial_color":"rgba(191,191,191,0.6)","from":2,"to":7,"curvature":10,"control_point":[]},{"source":"Khumanfactors","type":"collaboration","target":"D4edde461-4314-4155-9582-8eb1cea07eab","weight":2,"id":7746,"index":41,"color":"rgba(191, 191, 191, 0.6)","size":70,"sketchWidth":1,"sketchHeight":1,"initial_color":"rgba(191,191,191,0.6)","from":2,"to":22,"curvature":10,"control_point":[]},{"source":"Kdesign","type":"collaboration","target":"D7e2f6d76-bbe8-4129-a7c2-b0852317db5c","weight":2,"id":7759,"index":42,"color":"rgba(191, 191, 191, 0.6)","size":70,"sketchWidth":1,"sketchHeight":1,"initial_color":"rgba(191,191,191,0.6)","from":0,"to":29,"curvature":10,"control_point":[]},{"source":"Khumanfactors","type":"collaboration","target":"D1fde85ad-3d20-46b0-b0c0-6504c19fbef3","weight":2,"id":7761,"index":43,"color":"rgba(191, 191, 191, 0.6)","size":70,"sketchWidth":1,"sketchHeight":1,"initial_color":"rgba(191,191,191,0.6)","from":2,"to":3,"curvature":10,"control_point":[]},{"source":"Kdesign","type":"collaboration","target":"D344ed884-c0a7-4538-a549-064e639e87ae","weight":2,"id":8055,"index":44,"color":"rgba(191, 191, 191, 0.6)","size":70,"sketchWidth":1,"sketchHeight":1,"initial_color":"rgba(191,191,191,0.6)","from":0,"to":36,"curvature":10,"control_point":[]},{"source":"Khumanfactors","type":"collaboration","target":"D41738c4e-0842-4967-b581-9c0a8183c22d","weight":2,"id":8058,"index":45,"color":"rgba(191, 191, 191, 0.6)","size":70,"sketchWidth":1,"sketchHeight":1,"initial_color":"rgba(191,191,191,0.6)","from":2,"to":37,"curvature":10,"control_point":[]},{"source":"Khumanfactors","type":"collaboration","target":"D69bba186-49b7-432a-bccb-02a06fc4ea5a","weight":2,"id":8268,"index":46,"color":"rgba(191, 191, 191, 0.6)","size":70,"sketchWidth":1,"sketchHeight":1,"initial_color":"rgba(191,191,191,0.6)","from":2,"to":32,"curvature":10,"control_point":[]},{"source":"Khumanfactors","type":"collaboration","target":"D5d8d2a36-fc46-420b-a678-729d3d11c403","weight":2,"id":8428,"index":47,"color":"rgba(191, 191, 191, 0.6)","size":70,"sketchWidth":1,"sketchHeight":1,"initial_color":"rgba(191,191,191,0.6)","from":2,"to":5,"curvature":10,"control_point":[]},{"source":"Khumanfactors","type":"collaboration","target":"D453204c3-65ee-44ed-8e0c-013bf8b0bf3c","weight":2,"id":8806,"index":48,"color":"rgba(191, 191, 191, 0.6)","size":70,"sketchWidth":1,"sketchHeight":1,"initial_color":"rgba(191,191,191,0.6)","from":2,"to":38,"curvature":10,"control_point":[]},{"source":"Kdesign","type":"collaboration","target":"D41738c4e-0842-4967-b581-9c0a8183c22d","weight":2,"id":9025,"index":49,"color":"rgba(191, 191, 191, 0.6)","size":70,"sketchWidth":1,"sketchHeight":1,"initial_color":"rgba(191,191,191,0.6)","from":0,"to":37,"curvature":10,"control_point":[]},{"source":"Khumanfactors","type":"collaboration","target":"D935a8a25-bfeb-4dbc-8487-4014db9637c1","weight":2,"id":9242,"index":50,"color":"rgba(191, 191, 191, 0.6)","size":70,"sketchWidth":1,"sketchHeight":1,"initial_color":"rgba(191,191,191,0.6)","from":2,"to":39,"curvature":10,"control_point":[]},{"source":"Kdesign","type":"collaboration","target":"D61cbdf86-d2af-4e55-bd03-f913a83786e4","weight":2,"id":9518,"index":51,"color":"rgba(191, 191, 191, 0.6)","size":70,"sketchWidth":1,"sketchHeight":1,"initial_color":"rgba(191,191,191,0.6)","from":0,"to":40,"curvature":10,"control_point":[]},{"source":"Khumanfactors","type":"collaboration","target":"D17f5c0b9-89bd-44a9-b07f-80bf6298f0d5","weight":2,"id":9692,"index":52,"color":"rgba(191, 191, 191, 0.6)","size":70,"sketchWidth":1,"sketchHeight":1,"initial_color":"rgba(191,191,191,0.6)","from":2,"to":41,"curvature":10,"control_point":[]},{"source":"Khumanfactors","type":"collaboration","target":"D61cbdf86-d2af-4e55-bd03-f913a83786e4","weight":2,"id":9782,"index":53,"color":"rgba(191, 191, 191, 0.6)","size":70,"sketchWidth":1,"sketchHeight":1,"initial_color":"rgba(191,191,191,0.6)","from":2,"to":40,"curvature":10,"control_point":[]},{"source":"Kdesign","type":"collaboration","target":"Dff9485f8-6091-4e2c-a47b-e33f5b341dcf","weight":2,"id":9879,"index":54,"color":"rgba(191, 191, 191, 0.6)","size":70,"sketchWidth":1,"sketchHeight":1,"initial_color":"rgba(191,191,191,0.6)","from":0,"to":42,"curvature":10,"control_point":[]},{"source":"Khumanfactors","type":"collaboration","target":"D82e48b80-27d0-4f72-ae1c-3dc5c4ea82bb","weight":2,"id":9940,"index":55,"color":"rgba(191, 191, 191, 0.6)","size":70,"sketchWidth":1,"sketchHeight":1,"initial_color":"rgba(191,191,191,0.6)","from":2,"to":43,"curvature":10,"control_point":[]},{"source":"Khumanfactors","type":"collaboration","target":"Ddc282449-32e3-4d81-bedd-de576f141843","weight":2,"id":10047,"index":56,"color":"rgba(191, 191, 191, 0.6)","size":70,"sketchWidth":1,"sketchHeight":1,"initial_color":"rgba(191,191,191,0.6)","from":2,"to":44,"curvature":10,"control_point":[]},{"source":"Kdesign","type":"collaboration","target":"Dbbfd6abd-6233-4232-a212-ae59a071fa4a","weight":2,"id":10253,"index":57,"color":"rgba(191, 191, 191, 0.6)","size":70,"sketchWidth":1,"sketchHeight":1,"initial_color":"rgba(191,191,191,0.6)","from":0,"to":10,"curvature":10,"control_point":[]},{"source":"Kuserinterfaces","type":"collaboration","target":"D0766e300-67ec-4632-ac10-f99fbaa8182a","weight":2,"id":10377,"index":58,"color":"rgba(191, 191, 191, 0.6)","size":70,"sketchWidth":1,"sketchHeight":1,"initial_color":"rgba(191,191,191,0.6)","from":1,"to":45,"curvature":10,"control_point":[]},{"source":"Kuserinterfaces","type":"collaboration","target":"Dbac14ba5-f263-491f-88fd-2ec029add24d","weight":2,"id":10397,"index":59,"color":"rgba(191, 191, 191, 0.6)","size":70,"sketchWidth":1,"sketchHeight":1,"initial_color":"rgba(191,191,191,0.6)","from":1,"to":46,"curvature":10,"control_point":[]},{"source":"Kdesign","type":"collaboration","target":"D051a8d2b-c60f-4471-ae81-06101f5c625c","weight":2,"id":10776,"index":60,"color":"rgba(191, 191, 191, 0.6)","size":70,"sketchWidth":1,"sketchHeight":1,"initial_color":"rgba(191,191,191,0.6)","from":0,"to":47,"curvature":10,"control_point":[]},{"source":"Khumanfactors","type":"collaboration","target":"D051a8d2b-c60f-4471-ae81-06101f5c625c","weight":2,"id":10871,"index":61,"color":"rgba(191, 191, 191, 0.6)","size":70,"sketchWidth":1,"sketchHeight":1,"initial_color":"rgba(191,191,191,0.6)","from":2,"to":47,"curvature":10,"control_point":[]},{"source":"Khumanfactors","type":"collaboration","target":"Dd9762d9c-6186-4322-add5-d196edf07c28","weight":2,"id":11058,"index":62,"color":"rgba(191, 191, 191, 0.6)","size":70,"sketchWidth":1,"sketchHeight":1,"initial_color":"rgba(191,191,191,0.6)","from":2,"to":11,"curvature":10,"control_point":[]},{"source":"Kdesign","type":"collaboration","target":"D6b7861ea-962e-4317-8f12-8991a8932b48","weight":2,"id":11163,"index":63,"color":"rgba(191, 191, 191, 0.6)","size":70,"sketchWidth":1,"sketchHeight":1,"initial_color":"rgba(191,191,191,0.6)","from":0,"to":48,"curvature":10,"control_point":[]},{"source":"Khumanfactors","type":"collaboration","target":"D4780d38a-fa9c-46b6-9cd3-05395a9b9e0b","weight":2,"id":11363,"index":64,"color":"rgba(191, 191, 191, 0.6)","size":70,"sketchWidth":1,"sketchHeight":1,"initial_color":"rgba(191,191,191,0.6)","from":2,"to":49,"curvature":10,"control_point":[]},{"source":"Kdesign","type":"collaboration","target":"Defa323d1-5ad1-47f1-8b23-09b447539d09","weight":2,"id":11521,"index":65,"color":"rgba(191, 191, 191, 0.6)","size":70,"sketchWidth":1,"sketchHeight":1,"initial_color":"rgba(191,191,191,0.6)","from":0,"to":50,"curvature":10,"control_point":[]},{"source":"Kdesign","type":"collaboration","target":"Dc32329f9-bfd0-440c-bc05-e5071ac331e1","weight":2,"id":11537,"index":66,"color":"rgba(191, 191, 191, 0.6)","size":70,"sketchWidth":1,"sketchHeight":1,"initial_color":"rgba(191,191,191,0.6)","from":0,"to":6,"curvature":10,"control_point":[]},{"source":"Kdesign","type":"collaboration","target":"D430a15a9-6a42-4319-8fc2-1dd81d8f82f8","weight":2,"id":11817,"index":67,"color":"rgba(191, 191, 191, 0.6)","size":70,"sketchWidth":1,"sketchHeight":1,"initial_color":"rgba(191,191,191,0.6)","from":0,"to":51,"curvature":10,"control_point":[]},{"source":"Khumanfactors","type":"collaboration","target":"Dc124b14d-3d3e-4b97-bc23-b5ea874ec233","weight":2,"id":12054,"index":68,"color":"rgba(191, 191, 191, 0.6)","size":70,"sketchWidth":1,"sketchHeight":1,"initial_color":"rgba(191,191,191,0.6)","from":2,"to":52,"curvature":10,"control_point":[]},{"source":"Kdesign","type":"collaboration","target":"D5e2fe491-b343-48a1-9b8f-e62cfcef425b","weight":2,"id":12147,"index":69,"color":"rgba(191, 191, 191, 0.6)","size":70,"sketchWidth":1,"sketchHeight":1,"initial_color":"rgba(191,191,191,0.6)","from":0,"to":53,"curvature":10,"control_point":[]}],"images":[],"freeDrawing":[]}