{"nodes":[{"numberTimeUsed":424,"type":"keywords","id":"Kdesign","name":"design","x":593.5767898761135,"y":342.2893695047741,"sizeLabel":0,"colorLabel":"white","r":10,"width":20,"height":20,"relativeR":10,"relativeScaleR":1,"isHover":false,"color":"#7fc97f","stroke_color":"#7fc97f","strokeSize":1,"initial_color":"#7fc97f","initial_stroke_color":"#7fc97f","sketchPaths":[],"isFixed":false},{"numberTimeUsed":326,"type":"keywords","id":"Kuserinterfaces","name":"user interfaces","x":568.8455287895285,"y":302.6191024654095,"sizeLabel":0,"colorLabel":"white","r":10,"width":20,"height":20,"relativeR":10,"relativeScaleR":1,"isHover":false,"color":"#7fc97f","stroke_color":"#7fc97f","strokeSize":1,"initial_color":"#7fc97f","initial_stroke_color":"#7fc97f","sketchPaths":[],"isFixed":false},{"numberTimeUsed":561,"type":"keywords","id":"Khumanfactors","name":"human factors","x":603.9535585881589,"y":272.9838116369188,"sizeLabel":0,"colorLabel":"white","r":10,"width":20,"height":20,"relativeR":10,"relativeScaleR":1,"isHover":false,"color":"#7fc97f","stroke_color":"#7fc97f","strokeSize":1,"initial_color":"#7fc97f","initial_stroke_color":"#7fc97f","sketchPaths":[],"isFixed":false}],"links":[],"images":[],"freeDrawing":[]}