{"nodes":[{"name":"C-3PO","value":144,"colour":"#FFD700","id":23,"type":"character","x":565.35822623951,"y":349.44580719303,"sizeLabel":0,"colorLabel":"white","r":10,"width":20,"height":20,"relativeR":10,"relativeScaleR":1,"isHover":false,"color":"#fdc086","stroke_color":"#fdc086","strokeSize":1,"initial_color":"#fdc086","initial_stroke_color":"#fdc086","sketchPaths":[],"isFixed":false},{"name":"ANAKIN","value":132,"colour":"#ce3b59","id":19,"type":"character","x":583.52562859648,"y":232.49834122153,"sizeLabel":0,"colorLabel":"white","r":10,"width":20,"height":20,"relativeR":10,"relativeScaleR":1,"isHover":false,"color":"#fdc086","stroke_color":"#fdc086","strokeSize":1,"initial_color":"#fdc086","initial_stroke_color":"#fdc086","sketchPaths":[],"isFixed":false,"selected":false},{"name":"R2-D2","value":168,"colour":"#bde0f6","id":0,"type":"character","x":562.45913017666,"y":318.65015525264,"sizeLabel":0,"colorLabel":"white","r":10,"width":20,"height":20,"relativeR":10,"relativeScaleR":1,"isHover":false,"color":"#fdc086","stroke_color":"#fdc086","strokeSize":1,"initial_color":"#fdc086","initial_stroke_color":"#fdc086","sketchPaths":[],"isFixed":false},{"name":"HAN","value":125,"colour":"#ff9400","id":72,"type":"character","x":592.72756260906,"y":333.15897407936,"sizeLabel":0,"colorLabel":"white","r":10,"width":20,"height":20,"relativeR":10,"relativeScaleR":1,"isHover":false,"color":"#fdc086","stroke_color":"#fdc086","strokeSize":1,"initial_color":"#fdc086","initial_stroke_color":"#fdc086","sketchPaths":[],"isFixed":false},{"name":"OBI-WAN","value":148,"colour":"#48D1CC","id":6,"type":"character","x":551.9411016121,"y":235.11579259912,"sizeLabel":0,"colorLabel":"white","r":10,"width":20,"height":20,"relativeR":10,"relativeScaleR":1,"isHover":false,"color":"#fdc086","stroke_color":"#fdc086","strokeSize":1,"initial_color":"#fdc086","initial_stroke_color":"#fdc086","sketchPaths":[],"isFixed":false},{"name":"PADME","value":75,"colour":"#DDA0DD","id":16,"type":"character","x":527.28908681336,"y":428.55149840661,"sizeLabel":0,"colorLabel":"white","r":10,"width":20,"height":20,"relativeR":10,"relativeScaleR":1,"isHover":false,"color":"#fdc086","stroke_color":"#fdc086","strokeSize":1,"initial_color":"#fdc086","initial_stroke_color":"#fdc086","sketchPaths":[],"isFixed":false}],"links":[{"source":23,"target":0,"value":52,"id":9,"type":"discussion","index":0,"color":"rgba(191, 191, 191, 0.1)","size":70,"sketchWidth":1,"sketchHeight":1,"initial_color":"rgba(191, 191, 191, 0.1)","from":0,"to":2,"curvature":10,"control_point":[]},{"source":19,"target":6,"value":46,"id":118,"type":"discussion","index":1,"color":"rgba(191, 191, 191, 0.1)","size":70,"sketchWidth":1,"sketchHeight":1,"initial_color":"rgba(191, 191, 191, 0.1)","from":1,"to":4,"curvature":10,"control_point":[]},{"source":23,"target":72,"value":51,"id":313,"type":"discussion","index":2,"color":"rgba(191, 191, 191, 0.1)","size":70,"sketchWidth":1,"sketchHeight":1,"initial_color":"rgba(191, 191, 191, 0.1)","from":0,"to":3,"curvature":10,"control_point":[]}],"images":[],"freeDrawing":[]}