{"nodes":[{"name":"C-3PO","value":144,"colour":"#FFD700","id":23,"type":"character","x":565.35822623951,"y":349.44580719303,"sizeLabel":0,"colorLabel":"white","r":10,"width":20,"height":20,"relativeR":10,"relativeScaleR":1,"isHover":false,"color":"#fdc086","stroke_color":"black","strokeSize":1,"initial_color":"#fdc086","initial_stroke_color":"black","sketchPaths":"09826bc7-2646-f1d9-981c-011d58eeb6f5","isFixed":false},{"name":"ANAKIN","value":132,"colour":"#ce3b59","id":19,"type":"character","x":583.52562859648,"y":232.49834122153,"sizeLabel":0,"colorLabel":"white","r":10,"width":20,"height":20,"relativeR":10,"relativeScaleR":1,"isHover":false,"color":"#fdc086","stroke_color":"black","strokeSize":1,"initial_color":"#fdc086","initial_stroke_color":"black","sketchPaths":"85680741-ffd7-9238-89a9-127394108646","isFixed":false,"selected":false},{"name":"R2-D2","value":168,"colour":"#bde0f6","id":0,"type":"character","x":458.2265625,"y":336.26171875,"sizeLabel":0,"colorLabel":"white","r":10,"width":20,"height":20,"relativeR":10,"relativeScaleR":1,"isHover":false,"color":"#fdc086","stroke_color":"black","strokeSize":1,"initial_color":"#fdc086","initial_stroke_color":"black","sketchPaths":"cd61afa1-72ce-5507-b197-fb28616c6028","isFixed":false,"fx":458.2265625,"fy":336.26171875},{"name":"HAN","value":125,"colour":"#ff9400","id":72,"type":"character","x":592.72756260906,"y":333.15897407936,"sizeLabel":0,"colorLabel":"white","r":10,"width":20,"height":20,"relativeR":10,"relativeScaleR":1,"isHover":false,"color":"#fdc086","stroke_color":"black","strokeSize":1,"initial_color":"#fdc086","initial_stroke_color":"black","sketchPaths":"83ddf24f-4bca-5934-d9f2-f6a49e1ff748","isFixed":false},{"name":"OBI-WAN","value":148,"colour":"#48D1CC","id":6,"type":"character","x":476.75,"y":247.203125,"sizeLabel":0,"colorLabel":"white","r":10,"width":20,"height":20,"relativeR":10,"relativeScaleR":1,"isHover":false,"color":"#fdc086","stroke_color":"black","strokeSize":1,"initial_color":"#fdc086","initial_stroke_color":"black","sketchPaths":"0a324e74-5feb-d9c1-bc50-ed2ddca64b16","isFixed":false,"fx":476.75,"fy":247.203125},{"name":"PADME","value":75,"colour":"#DDA0DD","id":16,"type":"character","x":527.28908681336,"y":428.55149840661,"sizeLabel":0,"colorLabel":"white","r":10,"width":20,"height":20,"relativeR":10,"relativeScaleR":1,"isHover":false,"color":"#fdc086","stroke_color":"black","strokeSize":1,"initial_color":"#fdc086","initial_stroke_color":"black","sketchPaths":"5eaed80b-d46b-16f1-c084-af414bb8367c","isFixed":false}],"links":[{"source":23,"target":0,"value":52,"id":9,"type":"discussion","index":0,"color":"rgba(191, 191, 191, 0.6)","size":70,"sketchWidth":1,"sketchHeight":1,"initial_color":"rgba(191, 191, 191, 0.6)","from":0,"to":2,"curvature":10,"control_point":[]},{"source":19,"target":6,"value":46,"id":118,"type":"discussion","index":1,"color":"rgba(191, 191, 191, 0.6)","size":70,"sketchWidth":1,"sketchHeight":1,"initial_color":"rgba(191, 191, 191, 0.6)","from":1,"to":4,"curvature":10,"control_point":[]},{"source":23,"target":72,"value":51,"id":313,"type":"discussion","index":2,"color":"rgba(191, 191, 191, 0.6)","size":70,"sketchWidth":1,"sketchHeight":1,"initial_color":"rgba(191, 191, 191, 0.6)","from":0,"to":3,"curvature":10,"control_point":[]}],"images":[],"freeDrawing":[]}