{"nodes":[{"name":"C-3PO","value":144,"colour":"#FFD700","id":23,"type":"character","x":558.75307057656,"y":344.69804060334,"sizeLabel":0,"colorLabel":"white","r":10,"width":20,"height":20,"relativeR":10,"relativeScaleR":1,"isHover":false,"color":"#fdc086","stroke_color":"#fdc086","strokeSize":1,"initial_color":"#fdc086","initial_stroke_color":"#fdc086","sketchPaths":[],"isFixed":false},{"name":"CHEWBACCA","value":103,"colour":"#A0522D","id":1,"type":"character","x":393.80859375,"y":395.35546875,"sizeLabel":0,"colorLabel":"white","r":10,"width":20,"height":20,"relativeR":10,"relativeScaleR":1,"isHover":false,"color":"#fdc086","stroke_color":"#fdc086","strokeSize":1,"initial_color":"#fdc086","initial_stroke_color":"#fdc086","sketchPaths":[],"isFixed":false,"fx":393.80859375,"fy":395.35546875},{"name":"ANAKIN","value":132,"colour":"#ce3b59","id":19,"type":"character","x":584.81069966335,"y":250.23431779748,"sizeLabel":0,"colorLabel":"white","r":10,"width":20,"height":20,"relativeR":10,"relativeScaleR":1,"isHover":false,"color":"#fdc086","stroke_color":"#fdc086","strokeSize":1,"initial_color":"#fdc086","initial_stroke_color":"#fdc086","sketchPaths":[],"isFixed":false},{"name":"R2-D2","value":168,"colour":"#bde0f6","id":0,"type":"character","x":566.21157890991,"y":315.93265676676,"sizeLabel":0,"colorLabel":"white","r":10,"width":20,"height":20,"relativeR":10,"relativeScaleR":1,"isHover":false,"color":"#fdc086","stroke_color":"#fdc086","strokeSize":1,"initial_color":"#fdc086","initial_stroke_color":"#fdc086","sketchPaths":[],"isFixed":false},{"name":"HAN","value":125,"colour":"#ff9400","id":72,"type":"character","x":596.84882355863,"y":315.36435745356,"sizeLabel":0,"colorLabel":"white","r":10,"width":20,"height":20,"relativeR":10,"relativeScaleR":1,"isHover":false,"color":"#fdc086","stroke_color":"#fdc086","strokeSize":1,"initial_color":"#fdc086","initial_stroke_color":"#fdc086","sketchPaths":[],"isFixed":false},{"name":"OBI-WAN","value":148,"colour":"#48D1CC","id":6,"type":"character","x":551.39990155018,"y":253.42187119775,"sizeLabel":0,"colorLabel":"white","r":10,"width":20,"height":20,"relativeR":10,"relativeScaleR":1,"isHover":false,"color":"#fdc086","stroke_color":"#fdc086","strokeSize":1,"initial_color":"#fdc086","initial_stroke_color":"#fdc086","sketchPaths":[],"isFixed":false},{"name":"LEIA","value":90,"colour":"#DCDCDC","id":69,"type":"character","x":424.1484375,"y":421.40234375,"sizeLabel":0,"colorLabel":"white","r":10,"width":20,"height":20,"relativeR":10,"relativeScaleR":1,"isHover":false,"color":"#fdc086","stroke_color":"#fdc086","strokeSize":1,"initial_color":"#fdc086","initial_stroke_color":"#fdc086","sketchPaths":[],"isFixed":false,"fx":424.1484375,"fy":421.40234375}],"links":[{"source":23,"target":0,"value":52,"id":9,"type":"discussion","index":0,"color":"rgba(191, 191, 191, 0.6)","size":70,"sketchWidth":1,"sketchHeight":1,"initial_color":"rgba(191, 191, 191, 0.6)","from":0,"to":3,"curvature":10,"control_point":[]},{"source":1,"target":72,"value":53,"id":44,"type":"discussion","index":1,"color":"rgba(191, 191, 191, 0.6)","size":70,"sketchWidth":1,"sketchHeight":1,"initial_color":"rgba(191, 191, 191, 0.6)","from":1,"to":4,"curvature":10,"control_point":[]},{"source":19,"target":6,"value":46,"id":118,"type":"discussion","index":2,"color":"rgba(191, 191, 191, 0.6)","size":70,"sketchWidth":1,"sketchHeight":1,"initial_color":"rgba(191, 191, 191, 0.6)","from":2,"to":5,"curvature":10,"control_point":[]},{"source":23,"target":69,"value":44,"id":301,"type":"discussion","index":3,"color":"rgba(191, 191, 191, 0.6)","size":70,"sketchWidth":1,"sketchHeight":1,"initial_color":"rgba(191, 191, 191, 0.6)","from":0,"to":6,"curvature":10,"control_point":[]},{"source":23,"target":72,"value":51,"id":313,"type":"discussion","index":4,"color":"rgba(191, 191, 191, 0.6)","size":70,"sketchWidth":1,"sketchHeight":1,"initial_color":"rgba(191, 191, 191, 0.6)","from":0,"to":4,"curvature":10,"control_point":[]},{"source":72,"target":69,"value":64,"id":316,"type":"discussion","index":5,"color":"rgba(191, 191, 191, 0.6)","size":70,"sketchWidth":1,"sketchHeight":1,"initial_color":"rgba(191, 191, 191, 0.6)","from":4,"to":6,"curvature":10,"control_point":[]}],"images":[],"freeDrawing":[]}