{"nodes":[{"name":"R2-D2","value":168,"colour":"#bde0f6","id":0,"type":"character"},{"name":"CHEWBACCA","value":103,"colour":"#A0522D","id":1,"type":"character"},{"name":"QUI-GON","value":62,"colour":"#4f4fb1","id":2,"type":"character"},{"name":"NUTE GUNRAY","value":25,"colour":"#808080","id":3,"type":"character"},{"name":"PK-4","value":4,"colour":"#808080","id":4,"type":"character"},{"name":"TC-14","value":5,"colour":"#808080","id":5,"type":"character"},{"name":"OBI-WAN","value":148,"colour":"#48D1CC","id":6,"type":"character"},{"name":"DOFINE","value":4,"colour":"#808080","id":7,"type":"character"},{"name":"RUNE","value":11,"colour":"#808080","id":8,"type":"character"},{"name":"TEY HOW","value":5,"colour":"#808080","id":9,"type":"character"},{"name":"EMPEROR","value":52,"colour":"#191970","id":10,"type":"character"},{"name":"CAPTAIN PANAKA","value":20,"colour":"#808080","id":11,"type":"character"},{"name":"SIO BIBBLE","value":9,"colour":"#808080","id":12,"type":"character"},{"name":"JAR JAR","value":42,"colour":"#9a9a00","id":13,"type":"character"},{"name":"TARPALS","value":4,"colour":"#808080","id":14,"type":"character"},{"name":"BOSS NASS","value":5,"colour":"#808080","id":15,"type":"character"},{"name":"PADME","value":75,"colour":"#DDA0DD","id":16,"type":"character"},{"name":"RIC OLIE","value":12,"colour":"#808080","id":17,"type":"character"},{"name":"WATTO","value":9,"colour":"#808080","id":18,"type":"character"},{"name":"ANAKIN","value":132,"colour":"#ce3b59","id":19,"type":"character"},{"name":"SEBULBA","value":4,"colour":"#808080","id":20,"type":"character"},{"name":"JIRA","value":4,"colour":"#808080","id":21,"type":"character"},{"name":"SHMI","value":12,"colour":"#808080","id":22,"type":"character"},{"name":"C-3PO","value":144,"colour":"#FFD700","id":23,"type":"character"},{"name":"DARTH MAUL","value":6,"colour":"#808080","id":24,"type":"character"},{"name":"KITSTER","value":5,"colour":"#808080","id":25,"type":"character"},{"name":"WALD","value":4,"colour":"#808080","id":26,"type":"character"},{"name":"FODE\/BEED","value":12,"colour":"#808080","id":27,"type":"character"},{"name":"JABBA","value":8,"colour":"#808080","id":28,"type":"character"},{"name":"GREEDO","value":4,"colour":"#808080","id":29,"type":"character"},{"name":"VALORUM","value":4,"colour":"#808080","id":30,"type":"character"},{"name":"MACE WINDU","value":23,"colour":"#808080","id":31,"type":"character"},{"name":"KI-ADI-MUNDI","value":7,"colour":"#808080","id":32,"type":"character"},{"name":"YODA","value":46,"colour":"#9ACD32","id":33,"type":"character"},{"name":"RABE","value":3,"colour":"#808080","id":34,"type":"character"},{"name":"BAIL ORGANA","value":24,"colour":"#808080","id":35,"type":"character"},{"name":"GENERAL CEEL","value":5,"colour":"#808080","id":36,"type":"character"},{"name":"BRAVO TWO","value":6,"colour":"#808080","id":37,"type":"character"},{"name":"BRAVO THREE","value":4,"colour":"#808080","id":38,"type":"character"},{"name":"CAPTAIN TYPHO","value":7,"colour":"#808080","id":39,"type":"character"},{"name":"SENATOR ASK AAK","value":4,"colour":"#808080","id":40,"type":"character"},{"name":"ORN FREE TAA","value":4,"colour":"#808080","id":41,"type":"character"},{"name":"SOLA","value":4,"colour":"#808080","id":42,"type":"character"},{"name":"JOBAL","value":4,"colour":"#808080","id":43,"type":"character"},{"name":"RUWEE","value":5,"colour":"#808080","id":44,"type":"character"},{"name":"TAUN WE","value":8,"colour":"#808080","id":45,"type":"character"},{"name":"LAMA SU","value":9,"colour":"#808080","id":46,"type":"character"},{"name":"BOBA FETT","value":11,"colour":"#808080","id":47,"type":"character"},{"name":"JANGO FETT","value":6,"colour":"#808080","id":48,"type":"character"},{"name":"OWEN","value":11,"colour":"#808080","id":49,"type":"character"},{"name":"BERU","value":7,"colour":"#808080","id":50,"type":"character"},{"name":"CLIEGG","value":4,"colour":"#808080","id":51,"type":"character"},{"name":"COUNT DOOKU","value":10,"colour":"#808080","id":52,"type":"character"},{"name":"SUN RIT","value":4,"colour":"#808080","id":53,"type":"character"},{"name":"POGGLE","value":4,"colour":"#808080","id":54,"type":"character"},{"name":"PLO KOON","value":4,"colour":"#808080","id":55,"type":"character"},{"name":"ODD BALL","value":5,"colour":"#808080","id":56,"type":"character"},{"name":"GENERAL GRIEVOUS","value":13,"colour":"#808080","id":57,"type":"character"},{"name":"FANG ZAR","value":4,"colour":"#808080","id":58,"type":"character"},{"name":"MON MOTHMA","value":5,"colour":"#808080","id":59,"type":"character"},{"name":"GIDDEAN DANU","value":3,"colour":"#808080","id":60,"type":"character"},{"name":"CLONE COMMANDER GREE","value":5,"colour":"#808080","id":61,"type":"character"},{"name":"CLONE COMMANDER CODY","value":5,"colour":"#808080","id":62,"type":"character"},{"name":"ON MEDON","value":4,"colour":"#808080","id":63,"type":"character"},{"name":"CAPTAIN ANTILLES","value":4,"colour":"#808080","id":64,"type":"character"},{"name":"DARTH VADER","value":59,"colour":"#000000","id":65,"type":"character"},{"name":"LUKE","value":161,"colour":"#3881e5","id":66,"type":"character"},{"name":"CAMIE","value":4,"colour":"#808080","id":67,"type":"character"},{"name":"BIGGS","value":19,"colour":"#808080","id":68,"type":"character"},{"name":"LEIA","value":90,"colour":"#DCDCDC","id":69,"type":"character"},{"name":"MOTTI","value":4,"colour":"#808080","id":70,"type":"character"},{"name":"TARKIN","value":13,"colour":"#808080","id":71,"type":"character"},{"name":"HAN","value":125,"colour":"#ff9400","id":72,"type":"character"},{"name":"DODONNA","value":4,"colour":"#808080","id":73,"type":"character"},{"name":"GOLD LEADER","value":15,"colour":"#808080","id":74,"type":"character"},{"name":"WEDGE","value":29,"colour":"#808080","id":75,"type":"character"},{"name":"RED LEADER","value":34,"colour":"#808080","id":76,"type":"character"},{"name":"RED TEN","value":9,"colour":"#808080","id":77,"type":"character"},{"name":"GOLD FIVE","value":9,"colour":"#808080","id":78,"type":"character"},{"name":"RIEEKAN","value":8,"colour":"#808080","id":79,"type":"character"},{"name":"DERLIN","value":4,"colour":"#808080","id":80,"type":"character"},{"name":"ZEV","value":7,"colour":"#808080","id":81,"type":"character"},{"name":"PIETT","value":13,"colour":"#808080","id":82,"type":"character"},{"name":"OZZEL","value":4,"colour":"#808080","id":83,"type":"character"},{"name":"DACK","value":5,"colour":"#808080","id":84,"type":"character"},{"name":"JANSON","value":5,"colour":"#808080","id":85,"type":"character"},{"name":"NEEDA","value":4,"colour":"#808080","id":86,"type":"character"},{"name":"LANDO","value":42,"colour":"#808080","id":87,"type":"character"},{"name":"JERJERROD","value":4,"colour":"#808080","id":88,"type":"character"},{"name":"BIB FORTUNA","value":4,"colour":"#808080","id":89,"type":"character"},{"name":"BOUSHH","value":4,"colour":"#808080","id":90,"type":"character"},{"name":"ACKBAR","value":10,"colour":"#808080","id":91,"type":"character"}],"links":[{"source":11,"target":0,"value":3,"id":0,"type":"discussion"},{"source":6,"target":0,"value":30,"id":1,"type":"discussion"},{"source":16,"target":0,"value":27,"id":2,"type":"discussion"},{"source":2,"target":0,"value":13,"id":3,"type":"discussion"},{"source":0,"target":34,"value":2,"id":4,"type":"discussion"},{"source":13,"target":0,"value":13,"id":5,"type":"discussion"},{"source":19,"target":0,"value":32,"id":6,"type":"discussion"},{"source":0,"target":18,"value":3,"id":7,"type":"discussion"},{"source":0,"target":20,"value":2,"id":8,"type":"discussion"},{"source":23,"target":0,"value":52,"id":9,"type":"discussion"},{"source":0,"target":22,"value":4,"id":10,"type":"discussion"},{"source":25,"target":0,"value":4,"id":11,"type":"discussion"},{"source":28,"target":0,"value":5,"id":12,"type":"discussion"},{"source":27,"target":0,"value":1,"id":13,"type":"discussion"},{"source":0,"target":12,"value":1,"id":14,"type":"discussion"},{"source":10,"target":0,"value":7,"id":15,"type":"discussion"},{"source":15,"target":0,"value":1,"id":16,"type":"discussion"},{"source":0,"target":17,"value":1,"id":17,"type":"discussion"},{"source":37,"target":0,"value":1,"id":18,"type":"discussion"},{"source":39,"target":0,"value":2,"id":19,"type":"discussion"},{"source":52,"target":0,"value":3,"id":20,"type":"discussion"},{"source":50,"target":0,"value":1,"id":21,"type":"discussion"},{"source":49,"target":0,"value":2,"id":22,"type":"discussion"},{"source":31,"target":0,"value":1,"id":23,"type":"discussion"},{"source":57,"target":0,"value":3,"id":24,"type":"discussion"},{"source":0,"target":76,"value":1,"id":25,"type":"discussion"},{"source":35,"target":0,"value":3,"id":26,"type":"discussion"},{"source":0,"target":33,"value":5,"id":27,"type":"discussion"},{"source":66,"target":0,"value":35,"id":28,"type":"discussion"},{"source":69,"target":0,"value":22,"id":29,"type":"discussion"},{"source":64,"target":0,"value":1,"id":30,"type":"discussion"},{"source":68,"target":0,"value":1,"id":31,"type":"discussion"},{"source":65,"target":0,"value":3,"id":32,"type":"discussion"},{"source":72,"target":0,"value":18,"id":33,"type":"discussion"},{"source":1,"target":0,"value":17,"id":34,"type":"discussion"},{"source":0,"target":75,"value":1,"id":35,"type":"discussion"},{"source":73,"target":0,"value":1,"id":36,"type":"discussion"},{"source":47,"target":0,"value":1,"id":37,"type":"discussion"},{"source":87,"target":0,"value":5,"id":38,"type":"discussion"},{"source":89,"target":0,"value":1,"id":39,"type":"discussion"},{"source":1,"target":33,"value":2,"id":40,"type":"discussion"},{"source":1,"target":6,"value":7,"id":41,"type":"discussion"},{"source":23,"target":1,"value":36,"id":42,"type":"discussion"},{"source":1,"target":66,"value":33,"id":43,"type":"discussion"},{"source":1,"target":72,"value":53,"id":44,"type":"discussion"},{"source":1,"target":28,"value":3,"id":45,"type":"discussion"},{"source":1,"target":0,"value":17,"id":46,"type":"discussion"},{"source":1,"target":69,"value":43,"id":47,"type":"discussion"},{"source":1,"target":65,"value":3,"id":48,"type":"discussion"},{"source":1,"target":75,"value":1,"id":49,"type":"discussion"},{"source":1,"target":73,"value":1,"id":50,"type":"discussion"},{"source":1,"target":79,"value":1,"id":51,"type":"discussion"},{"source":1,"target":87,"value":19,"id":52,"type":"discussion"},{"source":47,"target":1,"value":3,"id":53,"type":"discussion"},{"source":3,"target":2,"value":1,"id":54,"type":"discussion"},{"source":4,"target":5,"value":1,"id":55,"type":"discussion"},{"source":6,"target":5,"value":1,"id":56,"type":"discussion"},{"source":2,"target":5,"value":1,"id":57,"type":"discussion"},{"source":6,"target":2,"value":26,"id":58,"type":"discussion"},{"source":3,"target":5,"value":1,"id":59,"type":"discussion"},{"source":7,"target":3,"value":1,"id":60,"type":"discussion"},{"source":7,"target":5,"value":1,"id":61,"type":"discussion"},{"source":3,"target":8,"value":8,"id":62,"type":"discussion"},{"source":8,"target":9,"value":2,"id":63,"type":"discussion"},{"source":3,"target":9,"value":1,"id":64,"type":"discussion"},{"source":11,"target":10,"value":3,"id":65,"type":"discussion"},{"source":10,"target":12,"value":1,"id":66,"type":"discussion"},{"source":11,"target":12,"value":3,"id":67,"type":"discussion"},{"source":13,"target":2,"value":22,"id":68,"type":"discussion"},{"source":13,"target":6,"value":15,"id":69,"type":"discussion"},{"source":13,"target":14,"value":2,"id":70,"type":"discussion"},{"source":15,"target":2,"value":2,"id":71,"type":"discussion"},{"source":15,"target":6,"value":2,"id":72,"type":"discussion"},{"source":15,"target":13,"value":2,"id":73,"type":"discussion"},{"source":10,"target":3,"value":6,"id":74,"type":"discussion"},{"source":10,"target":8,"value":3,"id":75,"type":"discussion"},{"source":3,"target":12,"value":2,"id":76,"type":"discussion"},{"source":13,"target":12,"value":1,"id":77,"type":"discussion"},{"source":11,"target":13,"value":7,"id":78,"type":"discussion"},{"source":2,"target":12,"value":2,"id":79,"type":"discussion"},{"source":11,"target":2,"value":9,"id":80,"type":"discussion"},{"source":11,"target":16,"value":7,"id":81,"type":"discussion"},{"source":16,"target":2,"value":16,"id":82,"type":"discussion"},{"source":16,"target":12,"value":1,"id":83,"type":"discussion"},{"source":11,"target":6,"value":7,"id":84,"type":"discussion"},{"source":6,"target":17,"value":3,"id":85,"type":"discussion"},{"source":13,"target":17,"value":1,"id":86,"type":"discussion"},{"source":2,"target":17,"value":2,"id":87,"type":"discussion"},{"source":11,"target":17,"value":2,"id":88,"type":"discussion"},{"source":13,"target":16,"value":10,"id":89,"type":"discussion"},{"source":2,"target":18,"value":6,"id":90,"type":"discussion"},{"source":19,"target":18,"value":5,"id":91,"type":"discussion"},{"source":16,"target":18,"value":3,"id":92,"type":"discussion"},{"source":19,"target":2,"value":22,"id":93,"type":"discussion"},{"source":19,"target":16,"value":41,"id":94,"type":"discussion"},{"source":13,"target":20,"value":2,"id":95,"type":"discussion"},{"source":19,"target":20,"value":2,"id":96,"type":"discussion"},{"source":2,"target":20,"value":2,"id":97,"type":"discussion"},{"source":16,"target":20,"value":2,"id":98,"type":"discussion"},{"source":19,"target":13,"value":12,"id":99,"type":"discussion"},{"source":19,"target":21,"value":2,"id":100,"type":"discussion"},{"source":21,"target":2,"value":2,"id":101,"type":"discussion"},{"source":21,"target":16,"value":1,"id":102,"type":"discussion"},{"source":19,"target":22,"value":8,"id":103,"type":"discussion"},{"source":13,"target":22,"value":3,"id":104,"type":"discussion"},{"source":2,"target":22,"value":8,"id":105,"type":"discussion"},{"source":16,"target":22,"value":5,"id":106,"type":"discussion"},{"source":19,"target":23,"value":10,"id":107,"type":"discussion"},{"source":23,"target":16,"value":12,"id":108,"type":"discussion"},{"source":6,"target":12,"value":1,"id":109,"type":"discussion"},{"source":24,"target":10,"value":3,"id":110,"type":"discussion"},{"source":19,"target":25,"value":3,"id":111,"type":"discussion"},{"source":19,"target":26,"value":2,"id":112,"type":"discussion"},{"source":25,"target":26,"value":1,"id":113,"type":"discussion"},{"source":13,"target":25,"value":1,"id":114,"type":"discussion"},{"source":25,"target":2,"value":2,"id":115,"type":"discussion"},{"source":13,"target":26,"value":1,"id":116,"type":"discussion"},{"source":2,"target":26,"value":2,"id":117,"type":"discussion"},{"source":19,"target":6,"value":46,"id":118,"type":"discussion"},{"source":6,"target":22,"value":1,"id":119,"type":"discussion"},{"source":23,"target":18,"value":1,"id":120,"type":"discussion"},{"source":25,"target":18,"value":1,"id":121,"type":"discussion"},{"source":23,"target":2,"value":1,"id":122,"type":"discussion"},{"source":23,"target":25,"value":1,"id":123,"type":"discussion"},{"source":25,"target":16,"value":1,"id":124,"type":"discussion"},{"source":27,"target":28,"value":1,"id":125,"type":"discussion"},{"source":28,"target":22,"value":1,"id":126,"type":"discussion"},{"source":20,"target":22,"value":1,"id":127,"type":"discussion"},{"source":19,"target":28,"value":1,"id":128,"type":"discussion"},{"source":28,"target":13,"value":1,"id":129,"type":"discussion"},{"source":28,"target":16,"value":1,"id":130,"type":"discussion"},{"source":28,"target":20,"value":1,"id":131,"type":"discussion"},{"source":28,"target":2,"value":1,"id":132,"type":"discussion"},{"source":27,"target":13,"value":2,"id":133,"type":"discussion"},{"source":27,"target":16,"value":1,"id":134,"type":"discussion"},{"source":29,"target":2,"value":1,"id":135,"type":"discussion"},{"source":19,"target":29,"value":1,"id":136,"type":"discussion"},{"source":29,"target":26,"value":1,"id":137,"type":"discussion"},{"source":25,"target":22,"value":1,"id":138,"type":"discussion"},{"source":19,"target":11,"value":2,"id":139,"type":"discussion"},{"source":19,"target":17,"value":4,"id":140,"type":"discussion"},{"source":10,"target":30,"value":2,"id":141,"type":"discussion"},{"source":10,"target":13,"value":5,"id":142,"type":"discussion"},{"source":10,"target":2,"value":1,"id":143,"type":"discussion"},{"source":13,"target":30,"value":1,"id":144,"type":"discussion"},{"source":2,"target":30,"value":1,"id":145,"type":"discussion"},{"source":31,"target":2,"value":2,"id":146,"type":"discussion"},{"source":32,"target":2,"value":2,"id":147,"type":"discussion"},{"source":2,"target":33,"value":3,"id":148,"type":"discussion"},{"source":2,"target":34,"value":1,"id":149,"type":"discussion"},{"source":32,"target":31,"value":4,"id":150,"type":"discussion"},{"source":31,"target":33,"value":16,"id":151,"type":"discussion"},{"source":19,"target":31,"value":9,"id":152,"type":"discussion"},{"source":31,"target":34,"value":1,"id":153,"type":"discussion"},{"source":32,"target":33,"value":4,"id":154,"type":"discussion"},{"source":19,"target":32,"value":2,"id":155,"type":"discussion"},{"source":32,"target":34,"value":1,"id":156,"type":"discussion"},{"source":19,"target":33,"value":9,"id":157,"type":"discussion"},{"source":34,"target":33,"value":1,"id":158,"type":"discussion"},{"source":19,"target":34,"value":1,"id":159,"type":"discussion"},{"source":35,"target":10,"value":6,"id":160,"type":"discussion"},{"source":35,"target":30,"value":1,"id":161,"type":"discussion"},{"source":6,"target":33,"value":20,"id":162,"type":"discussion"},{"source":31,"target":6,"value":9,"id":163,"type":"discussion"},{"source":32,"target":6,"value":1,"id":164,"type":"discussion"},{"source":15,"target":16,"value":2,"id":165,"type":"discussion"},{"source":24,"target":3,"value":3,"id":166,"type":"discussion"},{"source":19,"target":15,"value":1,"id":167,"type":"discussion"},{"source":15,"target":11,"value":1,"id":168,"type":"discussion"},{"source":6,"target":16,"value":9,"id":169,"type":"discussion"},{"source":10,"target":36,"value":1,"id":170,"type":"discussion"},{"source":36,"target":3,"value":1,"id":171,"type":"discussion"},{"source":24,"target":36,"value":1,"id":172,"type":"discussion"},{"source":24,"target":8,"value":1,"id":173,"type":"discussion"},{"source":37,"target":17,"value":4,"id":174,"type":"discussion"},{"source":19,"target":37,"value":2,"id":175,"type":"discussion"},{"source":36,"target":13,"value":1,"id":176,"type":"discussion"},{"source":3,"target":16,"value":2,"id":177,"type":"discussion"},{"source":7,"target":9,"value":1,"id":178,"type":"discussion"},{"source":38,"target":37,"value":2,"id":179,"type":"discussion"},{"source":38,"target":17,"value":2,"id":180,"type":"discussion"},{"source":19,"target":38,"value":1,"id":181,"type":"discussion"},{"source":10,"target":16,"value":5,"id":182,"type":"discussion"},{"source":10,"target":40,"value":2,"id":183,"type":"discussion"},{"source":10,"target":41,"value":2,"id":184,"type":"discussion"},{"source":41,"target":40,"value":1,"id":185,"type":"discussion"},{"source":10,"target":31,"value":3,"id":186,"type":"discussion"},{"source":10,"target":33,"value":2,"id":187,"type":"discussion"},{"source":10,"target":32,"value":1,"id":188,"type":"discussion"},{"source":35,"target":31,"value":2,"id":189,"type":"discussion"},{"source":35,"target":33,"value":8,"id":190,"type":"discussion"},{"source":35,"target":32,"value":1,"id":191,"type":"discussion"},{"source":39,"target":13,"value":1,"id":192,"type":"discussion"},{"source":39,"target":6,"value":2,"id":193,"type":"discussion"},{"source":19,"target":39,"value":3,"id":194,"type":"discussion"},{"source":6,"target":4,"value":1,"id":195,"type":"discussion"},{"source":19,"target":12,"value":1,"id":196,"type":"discussion"},{"source":16,"target":42,"value":1,"id":197,"type":"discussion"},{"source":19,"target":42,"value":1,"id":198,"type":"discussion"},{"source":43,"target":42,"value":2,"id":199,"type":"discussion"},{"source":44,"target":42,"value":1,"id":200,"type":"discussion"},{"source":43,"target":16,"value":1,"id":201,"type":"discussion"},{"source":16,"target":44,"value":1,"id":202,"type":"discussion"},{"source":19,"target":43,"value":1,"id":203,"type":"discussion"},{"source":19,"target":44,"value":3,"id":204,"type":"discussion"},{"source":43,"target":44,"value":1,"id":205,"type":"discussion"},{"source":6,"target":45,"value":5,"id":206,"type":"discussion"},{"source":46,"target":45,"value":2,"id":207,"type":"discussion"},{"source":46,"target":6,"value":6,"id":208,"type":"discussion"},{"source":47,"target":45,"value":2,"id":209,"type":"discussion"},{"source":47,"target":48,"value":3,"id":210,"type":"discussion"},{"source":47,"target":6,"value":1,"id":211,"type":"discussion"},{"source":48,"target":45,"value":1,"id":212,"type":"discussion"},{"source":48,"target":6,"value":1,"id":213,"type":"discussion"},{"source":23,"target":49,"value":4,"id":214,"type":"discussion"},{"source":50,"target":23,"value":3,"id":215,"type":"discussion"},{"source":23,"target":51,"value":1,"id":216,"type":"discussion"},{"source":19,"target":49,"value":3,"id":217,"type":"discussion"},{"source":19,"target":50,"value":1,"id":218,"type":"discussion"},{"source":19,"target":51,"value":2,"id":219,"type":"discussion"},{"source":50,"target":49,"value":4,"id":220,"type":"discussion"},{"source":49,"target":16,"value":4,"id":221,"type":"discussion"},{"source":51,"target":49,"value":2,"id":222,"type":"discussion"},{"source":50,"target":16,"value":1,"id":223,"type":"discussion"},{"source":50,"target":51,"value":1,"id":224,"type":"discussion"},{"source":51,"target":16,"value":2,"id":225,"type":"discussion"},{"source":35,"target":6,"value":8,"id":226,"type":"discussion"},{"source":10,"target":6,"value":5,"id":227,"type":"discussion"},{"source":6,"target":40,"value":1,"id":228,"type":"discussion"},{"source":35,"target":40,"value":1,"id":229,"type":"discussion"},{"source":35,"target":13,"value":1,"id":230,"type":"discussion"},{"source":40,"target":33,"value":1,"id":231,"type":"discussion"},{"source":13,"target":33,"value":1,"id":232,"type":"discussion"},{"source":31,"target":40,"value":1,"id":233,"type":"discussion"},{"source":13,"target":31,"value":1,"id":234,"type":"discussion"},{"source":13,"target":40,"value":1,"id":235,"type":"discussion"},{"source":31,"target":16,"value":2,"id":236,"type":"discussion"},{"source":13,"target":41,"value":1,"id":237,"type":"discussion"},{"source":52,"target":16,"value":3,"id":238,"type":"discussion"},{"source":52,"target":48,"value":1,"id":239,"type":"discussion"},{"source":54,"target":53,"value":2,"id":240,"type":"discussion"},{"source":3,"target":53,"value":2,"id":241,"type":"discussion"},{"source":3,"target":54,"value":2,"id":242,"type":"discussion"},{"source":6,"target":53,"value":1,"id":243,"type":"discussion"},{"source":6,"target":54,"value":1,"id":244,"type":"discussion"},{"source":3,"target":6,"value":1,"id":245,"type":"discussion"},{"source":52,"target":6,"value":3,"id":246,"type":"discussion"},{"source":19,"target":53,"value":1,"id":247,"type":"discussion"},{"source":19,"target":54,"value":1,"id":248,"type":"discussion"},{"source":19,"target":3,"value":1,"id":249,"type":"discussion"},{"source":19,"target":52,"value":3,"id":250,"type":"discussion"},{"source":16,"target":53,"value":1,"id":251,"type":"discussion"},{"source":52,"target":53,"value":1,"id":252,"type":"discussion"},{"source":16,"target":54,"value":1,"id":253,"type":"discussion"},{"source":52,"target":54,"value":1,"id":254,"type":"discussion"},{"source":52,"target":3,"value":1,"id":255,"type":"discussion"},{"source":52,"target":31,"value":2,"id":256,"type":"discussion"},{"source":32,"target":55,"value":1,"id":257,"type":"discussion"},{"source":52,"target":33,"value":2,"id":258,"type":"discussion"},{"source":16,"target":33,"value":1,"id":259,"type":"discussion"},{"source":52,"target":10,"value":2,"id":260,"type":"discussion"},{"source":6,"target":56,"value":2,"id":261,"type":"discussion"},{"source":19,"target":56,"value":2,"id":262,"type":"discussion"},{"source":19,"target":10,"value":14,"id":263,"type":"discussion"},{"source":57,"target":6,"value":2,"id":264,"type":"discussion"},{"source":19,"target":57,"value":1,"id":265,"type":"discussion"},{"source":19,"target":35,"value":2,"id":266,"type":"discussion"},{"source":23,"target":6,"value":9,"id":267,"type":"discussion"},{"source":23,"target":10,"value":2,"id":268,"type":"discussion"},{"source":35,"target":23,"value":3,"id":269,"type":"discussion"},{"source":35,"target":16,"value":5,"id":270,"type":"discussion"},{"source":35,"target":58,"value":2,"id":271,"type":"discussion"},{"source":35,"target":59,"value":2,"id":272,"type":"discussion"},{"source":35,"target":60,"value":1,"id":273,"type":"discussion"},{"source":58,"target":16,"value":2,"id":274,"type":"discussion"},{"source":58,"target":59,"value":2,"id":275,"type":"discussion"},{"source":58,"target":60,"value":1,"id":276,"type":"discussion"},{"source":59,"target":16,"value":2,"id":277,"type":"discussion"},{"source":60,"target":16,"value":1,"id":278,"type":"discussion"},{"source":60,"target":59,"value":1,"id":279,"type":"discussion"},{"source":39,"target":16,"value":2,"id":280,"type":"discussion"},{"source":23,"target":39,"value":2,"id":281,"type":"discussion"},{"source":61,"target":33,"value":1,"id":282,"type":"discussion"},{"source":62,"target":6,"value":2,"id":283,"type":"discussion"},{"source":6,"target":63,"value":1,"id":284,"type":"discussion"},{"source":57,"target":3,"value":1,"id":285,"type":"discussion"},{"source":19,"target":62,"value":1,"id":286,"type":"discussion"},{"source":62,"target":31,"value":1,"id":287,"type":"discussion"},{"source":62,"target":33,"value":1,"id":288,"type":"discussion"},{"source":35,"target":64,"value":2,"id":289,"type":"discussion"},{"source":35,"target":2,"value":1,"id":290,"type":"discussion"},{"source":23,"target":33,"value":1,"id":291,"type":"discussion"},{"source":65,"target":10,"value":7,"id":292,"type":"discussion"},{"source":23,"target":64,"value":1,"id":293,"type":"discussion"},{"source":67,"target":66,"value":2,"id":294,"type":"discussion"},{"source":68,"target":67,"value":2,"id":295,"type":"discussion"},{"source":68,"target":66,"value":4,"id":296,"type":"discussion"},{"source":65,"target":69,"value":2,"id":297,"type":"discussion"},{"source":50,"target":66,"value":3,"id":298,"type":"discussion"},{"source":66,"target":49,"value":3,"id":299,"type":"discussion"},{"source":23,"target":66,"value":29,"id":300,"type":"discussion"},{"source":23,"target":69,"value":44,"id":301,"type":"discussion"},{"source":69,"target":66,"value":26,"id":302,"type":"discussion"},{"source":50,"target":69,"value":1,"id":303,"type":"discussion"},{"source":66,"target":6,"value":22,"id":304,"type":"discussion"},{"source":69,"target":6,"value":1,"id":305,"type":"discussion"},{"source":70,"target":71,"value":2,"id":306,"type":"discussion"},{"source":65,"target":70,"value":1,"id":307,"type":"discussion"},{"source":65,"target":71,"value":7,"id":308,"type":"discussion"},{"source":72,"target":6,"value":10,"id":309,"type":"discussion"},{"source":72,"target":66,"value":43,"id":310,"type":"discussion"},{"source":29,"target":72,"value":1,"id":311,"type":"discussion"},{"source":72,"target":28,"value":1,"id":312,"type":"discussion"},{"source":23,"target":72,"value":51,"id":313,"type":"discussion"},{"source":69,"target":70,"value":1,"id":314,"type":"discussion"},{"source":69,"target":71,"value":1,"id":315,"type":"discussion"},{"source":72,"target":69,"value":64,"id":316,"type":"discussion"},{"source":65,"target":6,"value":1,"id":317,"type":"discussion"},{"source":73,"target":74,"value":1,"id":318,"type":"discussion"},{"source":73,"target":75,"value":1,"id":319,"type":"discussion"},{"source":73,"target":66,"value":1,"id":320,"type":"discussion"},{"source":74,"target":75,"value":1,"id":321,"type":"discussion"},{"source":74,"target":66,"value":1,"id":322,"type":"discussion"},{"source":66,"target":75,"value":4,"id":323,"type":"discussion"},{"source":68,"target":69,"value":1,"id":324,"type":"discussion"},{"source":69,"target":76,"value":1,"id":325,"type":"discussion"},{"source":66,"target":76,"value":3,"id":326,"type":"discussion"},{"source":68,"target":76,"value":3,"id":327,"type":"discussion"},{"source":68,"target":23,"value":1,"id":328,"type":"discussion"},{"source":23,"target":76,"value":1,"id":329,"type":"discussion"},{"source":76,"target":75,"value":3,"id":330,"type":"discussion"},{"source":74,"target":76,"value":1,"id":331,"type":"discussion"},{"source":68,"target":75,"value":2,"id":332,"type":"discussion"},{"source":76,"target":77,"value":1,"id":333,"type":"discussion"},{"source":68,"target":74,"value":1,"id":334,"type":"discussion"},{"source":66,"target":77,"value":1,"id":335,"type":"discussion"},{"source":72,"target":79,"value":3,"id":336,"type":"discussion"},{"source":69,"target":79,"value":4,"id":337,"type":"discussion"},{"source":23,"target":80,"value":1,"id":338,"type":"discussion"},{"source":72,"target":81,"value":1,"id":339,"type":"discussion"},{"source":23,"target":79,"value":1,"id":340,"type":"discussion"},{"source":83,"target":82,"value":2,"id":341,"type":"discussion"},{"source":65,"target":82,"value":8,"id":342,"type":"discussion"},{"source":65,"target":83,"value":2,"id":343,"type":"discussion"},{"source":80,"target":69,"value":1,"id":344,"type":"discussion"},{"source":84,"target":66,"value":3,"id":345,"type":"discussion"},{"source":85,"target":75,"value":2,"id":346,"type":"discussion"},{"source":66,"target":81,"value":1,"id":347,"type":"discussion"},{"source":65,"target":86,"value":1,"id":348,"type":"discussion"},{"source":86,"target":82,"value":1,"id":349,"type":"discussion"},{"source":66,"target":33,"value":6,"id":350,"type":"discussion"},{"source":47,"target":82,"value":1,"id":351,"type":"discussion"},{"source":47,"target":65,"value":3,"id":352,"type":"discussion"},{"source":72,"target":87,"value":12,"id":353,"type":"discussion"},{"source":87,"target":69,"value":12,"id":354,"type":"discussion"},{"source":23,"target":87,"value":8,"id":355,"type":"discussion"},{"source":65,"target":87,"value":4,"id":356,"type":"discussion"},{"source":65,"target":72,"value":2,"id":357,"type":"discussion"},{"source":47,"target":87,"value":2,"id":358,"type":"discussion"},{"source":47,"target":23,"value":1,"id":359,"type":"discussion"},{"source":23,"target":65,"value":1,"id":360,"type":"discussion"},{"source":47,"target":72,"value":1,"id":361,"type":"discussion"},{"source":47,"target":69,"value":1,"id":362,"type":"discussion"},{"source":65,"target":66,"value":7,"id":363,"type":"discussion"},{"source":87,"target":66,"value":6,"id":364,"type":"discussion"},{"source":65,"target":88,"value":1,"id":365,"type":"discussion"},{"source":89,"target":23,"value":2,"id":366,"type":"discussion"},{"source":23,"target":28,"value":3,"id":367,"type":"discussion"},{"source":28,"target":66,"value":2,"id":368,"type":"discussion"},{"source":90,"target":28,"value":1,"id":369,"type":"discussion"},{"source":90,"target":23,"value":2,"id":370,"type":"discussion"},{"source":90,"target":72,"value":1,"id":371,"type":"discussion"},{"source":90,"target":69,"value":1,"id":372,"type":"discussion"},{"source":89,"target":66,"value":1,"id":373,"type":"discussion"},{"source":89,"target":28,"value":1,"id":374,"type":"discussion"},{"source":72,"target":59,"value":1,"id":375,"type":"discussion"},{"source":91,"target":72,"value":1,"id":376,"type":"discussion"},{"source":87,"target":59,"value":1,"id":377,"type":"discussion"},{"source":91,"target":87,"value":5,"id":378,"type":"discussion"},{"source":91,"target":59,"value":1,"id":379,"type":"discussion"},{"source":23,"target":59,"value":1,"id":380,"type":"discussion"},{"source":69,"target":59,"value":1,"id":381,"type":"discussion"},{"source":66,"target":59,"value":1,"id":382,"type":"discussion"},{"source":91,"target":23,"value":1,"id":383,"type":"discussion"},{"source":91,"target":69,"value":1,"id":384,"type":"discussion"},{"source":91,"target":66,"value":1,"id":385,"type":"discussion"},{"source":10,"target":66,"value":3,"id":386,"type":"discussion"},{"source":87,"target":75,"value":6,"id":387,"type":"discussion"},{"source":91,"target":75,"value":1,"id":388,"type":"discussion"},{"source":19,"target":65,"value":1,"id":389,"type":"discussion"},{"source":19,"target":66,"value":1,"id":390,"type":"discussion"}]}