{"nodes":[{"city":"Sitka","airport":"Sitka","name":"Sitka","lat":57.04713806,"country":"USA","iata":"SIT","type":"northWest","state":"AK","long":-135.3615983,"id":2956,"nbLiaisons":4,"nbPassengers":50,"x":603.4278840009135,"y":27.982101316050393,"sizeLabel":0,"colorLabel":"white","r":10,"width":20,"height":20,"relativeR":10,"relativeScaleR":1,"isHover":false,"color":"#ff7f0e","stroke_color":"#ff7f0e","strokeSize":1,"initial_color":"#ff7f0e","initial_stroke_color":"#ff7f0e","sketchPaths":[],"isFixed":false},{"city":"Boise","airport":"Boise Air Terminal","name":"Boise Air Terminal","lat":43.56444444,"country":"USA","iata":"BOI","type":"northWest","state":"ID","long":-116.2227778,"id":991,"nbLiaisons":31,"nbPassengers":145,"x":914.3449001129056,"y":362.3223858910593,"sizeLabel":0,"colorLabel":"white","r":10,"width":20,"height":20,"relativeR":10,"relativeScaleR":1,"isHover":false,"color":"#ff7f0e","stroke_color":"#ff7f0e","strokeSize":1,"initial_color":"#ff7f0e","initial_stroke_color":"#ff7f0e","sketchPaths":[],"isFixed":false},{"city":"Casper","airport":"Natrona County Intl","name":"Natrona County Intl","lat":42.90835556,"country":"USA","iata":"CPR","type":"northWest","state":"WY","long":-106.4644661,"id":1172,"nbLiaisons":6,"nbPassengers":19,"x":697.7954233826869,"y":656.0078649287717,"sizeLabel":0,"colorLabel":"white","r":10,"width":20,"height":20,"relativeR":10,"relativeScaleR":1,"isHover":false,"color":"#ff7f0e","stroke_color":"#ff7f0e","strokeSize":1,"initial_color":"#ff7f0e","initial_stroke_color":"#ff7f0e","sketchPaths":[],"isFixed":false},{"city":"Pocatello","airport":"Pocatello Regional","name":"Pocatello Regional","lat":42.91130556,"country":"USA","iata":"PIH","type":"northWest","state":"ID","long":-112.5958611,"id":2622,"nbLiaisons":3,"nbPassengers":117,"x":844.1343177219904,"y":122.33900105543303,"sizeLabel":0,"colorLabel":"white","r":10,"width":20,"height":20,"relativeR":10,"relativeScaleR":1,"isHover":false,"color":"#ff7f0e","stroke_color":"#ff7f0e","strokeSize":1,"initial_color":"#ff7f0e","initial_stroke_color":"#ff7f0e","sketchPaths":[],"isFixed":false},{"city":"Butte","airport":"Bert Mooney","name":"Bert Mooney","lat":45.95479528,"country":"USA","iata":"BTM","type":"northWest","state":"MT","long":-112.49746,"id":1008,"nbLiaisons":2,"nbPassengers":199,"x":506.23037153681423,"y":672.1210969898804,"sizeLabel":0,"colorLabel":"white","r":10,"width":20,"height":20,"relativeR":10,"relativeScaleR":1,"isHover":false,"color":"#ff7f0e","stroke_color":"#ff7f0e","strokeSize":1,"initial_color":"#ff7f0e","initial_stroke_color":"#ff7f0e","sketchPaths":[],"isFixed":false},{"city":"Rapid City","airport":"Rapid City Regional","name":"Rapid City Regional","lat":44.04532139,"country":"USA","iata":"RAP","type":"northWest","state":"SD","long":-103.0573708,"id":2745,"nbLiaisons":6,"nbPassengers":49,"x":867.4261012931192,"y":402.41575049401484,"sizeLabel":0,"colorLabel":"white","r":10,"width":20,"height":20,"relativeR":10,"relativeScaleR":1,"isHover":false,"color":"#ff7f0e","stroke_color":"#ff7f0e","strokeSize":1,"initial_color":"#ff7f0e","initial_stroke_color":"#ff7f0e","sketchPaths":[],"isFixed":false},{"city":"Wrangell","airport":"Wrangell","name":"Wrangell","lat":56.48432583,"country":"USA","iata":"WRG","type":"northWest","state":"AK","long":-132.3698242,"id":3301,"nbLiaisons":4,"nbPassengers":63,"x":877.1645224986539,"y":312.9276714197358,"sizeLabel":0,"colorLabel":"white","r":10,"width":20,"height":20,"relativeR":10,"relativeScaleR":1,"isHover":false,"color":"#ff7f0e","stroke_color":"#ff7f0e","strokeSize":1,"initial_color":"#ff7f0e","initial_stroke_color":"#ff7f0e","sketchPaths":[],"isFixed":false},{"city":"Jackson","airport":"Jackson Hole","name":"Jackson Hole","lat":43.60732417,"country":"USA","iata":"JAC","type":"northWest","state":"WY","long":-110.7377389,"id":1904,"nbLiaisons":14,"nbPassengers":180,"x":246.663997809058,"y":452.14287242984307,"sizeLabel":0,"colorLabel":"white","r":10,"width":20,"height":20,"relativeR":10,"relativeScaleR":1,"isHover":false,"color":"#ff7f0e","stroke_color":"#ff7f0e","strokeSize":1,"initial_color":"#ff7f0e","initial_stroke_color":"#ff7f0e","sketchPaths":[],"isFixed":false},{"city":"Juneau","airport":"Juneau International","name":"Juneau International","lat":58.35496194,"country":"USA","iata":"JNU","type":"northWest","state":"AK","long":-134.5762764,"id":1925,"nbLiaisons":12,"nbPassengers":59,"x":217.47389575027114,"y":254.61657538990173,"sizeLabel":0,"colorLabel":"white","r":10,"width":20,"height":20,"relativeR":10,"relativeScaleR":1,"isHover":false,"color":"#ff7f0e","stroke_color":"#ff7f0e","strokeSize":1,"initial_color":"#ff7f0e","initial_stroke_color":"#ff7f0e","sketchPaths":[],"isFixed":false},{"city":"Bethel","airport":"Bethel","name":"Bethel","lat":60.77977639,"country":"USA","iata":"BET","type":"northWest","state":"AK","long":-161.8379975,"id":939,"nbLiaisons":2,"nbPassengers":30,"x":295.84034269777555,"y":584.7535981900397,"sizeLabel":0,"colorLabel":"white","r":10,"width":20,"height":20,"relativeR":10,"relativeScaleR":1,"isHover":false,"color":"#ff7f0e","stroke_color":"#ff7f0e","strokeSize":1,"initial_color":"#ff7f0e","initial_stroke_color":"#ff7f0e","sketchPaths":[],"isFixed":false},{"city":"Bozeman","airport":"Gallatin ","name":"Gallatin ","lat":45.77690139,"country":"USA","iata":"BZN","type":"northWest","state":"MT","long":-111.1530072,"id":1038,"nbLiaisons":12,"nbPassengers":93,"x":594.2378572685903,"y":685.9042075416891,"sizeLabel":0,"colorLabel":"white","r":10,"width":20,"height":20,"relativeR":10,"relativeScaleR":1,"isHover":false,"color":"#ff7f0e","stroke_color":"#ff7f0e","strokeSize":1,"initial_color":"#ff7f0e","initial_stroke_color":"#ff7f0e","sketchPaths":[],"isFixed":false},{"city":"Hayden","airport":"Yampa Valley","name":"Yampa Valley","lat":40.48118028,"country":"USA","iata":"HDN","type":"northWest","state":"CO","long":-107.2176597,"id":1703,"nbLiaisons":20,"nbPassengers":157,"x":754.9198389102947,"y":583.5789780047862,"sizeLabel":0,"colorLabel":"white","r":10,"width":20,"height":20,"relativeR":10,"relativeScaleR":1,"isHover":false,"color":"#ff7f0e","stroke_color":"#ff7f0e","strokeSize":1,"initial_color":"#ff7f0e","initial_stroke_color":"#ff7f0e","sketchPaths":[],"isFixed":false},{"city":"Crescent City","airport":"Jack McNamara ","name":"Jack McNamara ","lat":41.78015722,"country":"USA","iata":"CEC","type":"northWest","state":"CA","long":-124.2365333,"id":1087,"nbLiaisons":4,"nbPassengers":106,"x":685.3441187610464,"y":-0.6527060129503717,"sizeLabel":0,"colorLabel":"white","r":10,"width":20,"height":20,"relativeR":10,"relativeScaleR":1,"isHover":false,"color":"#ff7f0e","stroke_color":"#ff7f0e","strokeSize":1,"initial_color":"#ff7f0e","initial_stroke_color":"#ff7f0e","sketchPaths":[],"isFixed":false},{"city":"Deadhorse","airport":"Deadhorse","name":"Deadhorse","lat":70.19475583,"country":"USA","iata":"SCC","type":"northWest","state":"AK","long":-148.4651608,"id":2898,"nbLiaisons":4,"nbPassengers":24,"x":837.9307224132639,"y":543.9781413399634,"sizeLabel":0,"colorLabel":"white","r":10,"width":20,"height":20,"relativeR":10,"relativeScaleR":1,"isHover":false,"color":"#ff7f0e","stroke_color":"#ff7f0e","strokeSize":1,"initial_color":"#ff7f0e","initial_stroke_color":"#ff7f0e","sketchPaths":[],"isFixed":false},{"city":"Medford","airport":"Rogue Valley International","name":"Rogue Valley International","lat":42.37422778,"country":"USA","iata":"MFR","type":"northWest","state":"OR","long":-122.8734978,"id":2234,"nbLiaisons":12,"nbPassengers":134,"x":783.0801083712025,"y":480.73174092577716,"sizeLabel":0,"colorLabel":"white","r":10,"width":20,"height":20,"relativeR":10,"relativeScaleR":1,"isHover":false,"color":"#ff7f0e","stroke_color":"#ff7f0e","strokeSize":1,"initial_color":"#ff7f0e","initial_stroke_color":"#ff7f0e","sketchPaths":[],"isFixed":false},{"city":"Spokane","airport":"Spokane Intl","name":"Spokane Intl","lat":47.61985556,"country":"USA","iata":"GEG","type":"northWest","state":"WA","long":-117.5338425,"id":1595,"nbLiaisons":32,"nbPassengers":16,"x":226.71125371379262,"y":180.78022757502166,"sizeLabel":0,"colorLabel":"white","r":10,"width":20,"height":20,"relativeR":10,"relativeScaleR":1,"isHover":false,"color":"#ff7f0e","stroke_color":"#ff7f0e","strokeSize":1,"initial_color":"#ff7f0e","initial_stroke_color":"#ff7f0e","sketchPaths":[],"isFixed":false},{"city":"Anchorage","airport":"Ted Stevens Anchorage International","name":"Ted Stevens Anchorage International","lat":61.17432028,"country":"USA","iata":"ANC","type":"northWest","state":"AK","long":-149.9961856,"id":839,"nbLiaisons":35,"nbPassengers":47,"x":476.3885579946257,"y":-13.226112860655626,"sizeLabel":0,"colorLabel":"white","r":10,"width":20,"height":20,"relativeR":10,"relativeScaleR":1,"isHover":false,"color":"#ff7f0e","stroke_color":"#ff7f0e","strokeSize":1,"initial_color":"#ff7f0e","initial_stroke_color":"#ff7f0e","sketchPaths":[],"isFixed":false},{"city":"Yakima","airport":"Yakima Air Terminal","name":"Yakima Air Terminal","lat":46.56816972,"country":"USA","iata":"YKM","type":"northWest","state":"WA","long":-120.5440594,"id":3357,"nbLiaisons":2,"nbPassengers":122,"x":299.55600455928777,"y":110.81539042839474,"sizeLabel":0,"colorLabel":"white","r":10,"width":20,"height":20,"relativeR":10,"relativeScaleR":1,"isHover":false,"color":"#ff7f0e","stroke_color":"#ff7f0e","strokeSize":1,"initial_color":"#ff7f0e","initial_stroke_color":"#ff7f0e","sketchPaths":[],"isFixed":false},{"city":"Missoula","airport":"Missoula International","name":"Missoula International","lat":46.91630556,"country":"USA","iata":"MSO","type":"northWest","state":"MT","long":-114.0905556,"id":2326,"nbLiaisons":4,"nbPassengers":145,"x":708.5754632601064,"y":105.0390041888862,"sizeLabel":0,"colorLabel":"white","r":10,"width":20,"height":20,"relativeR":10,"relativeScaleR":1,"isHover":false,"color":"#ff7f0e","stroke_color":"#ff7f0e","strokeSize":1,"initial_color":"#ff7f0e","initial_stroke_color":"#ff7f0e","sketchPaths":[],"isFixed":false},{"city":"Pasco","airport":"Tri-Cities","name":"Tri-Cities","lat":46.26468028,"country":"USA","iata":"PSC","type":"northWest","state":"WA","long":-119.1190292,"id":2673,"nbLiaisons":5,"nbPassengers":69,"x":832.4939441942381,"y":246.51089357878138,"sizeLabel":0,"colorLabel":"white","r":10,"width":20,"height":20,"relativeR":10,"relativeScaleR":1,"isHover":false,"color":"#ff7f0e","stroke_color":"#ff7f0e","strokeSize":1,"initial_color":"#ff7f0e","initial_stroke_color":"#ff7f0e","sketchPaths":[],"isFixed":false},{"city":"Petersburg","airport":"James C. Johnson Petersburg","name":"James C. Johnson Petersburg","lat":56.80165194,"country":"USA","iata":"PSG","type":"northWest","state":"AK","long":-132.9452781,"id":2676,"nbLiaisons":4,"nbPassengers":11,"x":716.5971835894621,"y":180.5981593851907,"sizeLabel":0,"colorLabel":"white","r":10,"width":20,"height":20,"relativeR":10,"relativeScaleR":1,"isHover":false,"color":"#ff7f0e","stroke_color":"#ff7f0e","strokeSize":1,"initial_color":"#ff7f0e","initial_stroke_color":"#ff7f0e","sketchPaths":[],"isFixed":false},{"city":"Minot","airport":"Minot International","name":"Minot International","lat":48.25937778,"country":"USA","iata":"MOT","type":"northWest","state":"ND","long":-101.2803339,"id":2300,"nbLiaisons":2,"nbPassengers":109,"x":649.1991724015439,"y":559.2839889042598,"sizeLabel":0,"colorLabel":"white","r":10,"width":20,"height":20,"relativeR":10,"relativeScaleR":1,"isHover":false,"color":"#ff7f0e","stroke_color":"#ff7f0e","strokeSize":1,"initial_color":"#ff7f0e","initial_stroke_color":"#ff7f0e","sketchPaths":[],"isFixed":false},{"city":"Helena","airport":"Helena Regional","name":"Helena Regional","lat":46.60681806,"country":"USA","iata":"HLN","type":"northWest","state":"MT","long":-111.9827503,"id":1731,"nbLiaisons":4,"nbPassengers":55,"x":732.6658748722975,"y":405.26348979351366,"sizeLabel":0,"colorLabel":"white","r":10,"width":20,"height":20,"relativeR":10,"relativeScaleR":1,"isHover":false,"color":"#ff7f0e","stroke_color":"#ff7f0e","strokeSize":1,"initial_color":"#ff7f0e","initial_stroke_color":"#ff7f0e","sketchPaths":[],"isFixed":false},{"city":"Elko","airport":"Elko Regional","name":"Elko Regional","lat":40.82492611,"country":"USA","iata":"EKO","type":"northWest","state":"NV","long":-115.7916964,"id":1382,"nbLiaisons":3,"nbPassengers":192,"x":779.3321580176098,"y":614.8809207067134,"sizeLabel":0,"colorLabel":"white","r":10,"width":20,"height":20,"relativeR":10,"relativeScaleR":1,"isHover":false,"color":"#ff7f0e","stroke_color":"#ff7f0e","strokeSize":1,"initial_color":"#ff7f0e","initial_stroke_color":"#ff7f0e","sketchPaths":[],"isFixed":false},{"city":"Hailey","airport":"Friedman Memorial","name":"Friedman Memorial","lat":43.50484139,"country":"USA","iata":"SUN","type":"northWest","state":"ID","long":-114.2965903,"id":3028,"nbLiaisons":2,"nbPassengers":10,"x":478.19030835659953,"y":632.7954978264036,"sizeLabel":0,"colorLabel":"white","r":10,"width":20,"height":20,"relativeR":10,"relativeScaleR":1,"isHover":false,"color":"#ff7f0e","stroke_color":"#ff7f0e","strokeSize":1,"initial_color":"#ff7f0e","initial_stroke_color":"#ff7f0e","sketchPaths":[],"isFixed":false},{"city":"Cody","airport":"Yellowstone Regional","name":"Yellowstone Regional","lat":44.52019417,"country":"USA","iata":"COD","type":"northWest","state":"WY","long":-109.0237961,"id":1160,"nbLiaisons":4,"nbPassengers":61,"x":378.64930713829784,"y":575.5623167689536,"sizeLabel":0,"colorLabel":"white","r":10,"width":20,"height":20,"relativeR":10,"relativeScaleR":1,"isHover":false,"color":"#ff7f0e","stroke_color":"#ff7f0e","strokeSize":1,"initial_color":"#ff7f0e","initial_stroke_color":"#ff7f0e","sketchPaths":[],"isFixed":false},{"city":"Idaho Falls","airport":"Idaho Falls Regional","name":"Idaho Falls Regional","lat":43.51455556,"country":"USA","iata":"IDA","type":"northWest","state":"ID","long":-112.0701667,"id":1842,"nbLiaisons":7,"nbPassengers":90,"x":786.1782603661385,"y":144.5337531378132,"sizeLabel":0,"colorLabel":"white","r":10,"width":20,"height":20,"relativeR":10,"relativeScaleR":1,"isHover":false,"color":"#ff7f0e","stroke_color":"#ff7f0e","strokeSize":1,"initial_color":"#ff7f0e","initial_stroke_color":"#ff7f0e","sketchPaths":[],"isFixed":false},{"city":"Kalispell","airport":"Glacier Park Intl","name":"Glacier Park Intl","lat":48.31140472,"country":"USA","iata":"FCA","type":"northWest","state":"MT","long":-114.2550694,"id":1493,"nbLiaisons":6,"nbPassengers":170,"x":780.4555601010702,"y":69.89245305125523,"sizeLabel":0,"colorLabel":"white","r":10,"width":20,"height":20,"relativeR":10,"relativeScaleR":1,"isHover":false,"color":"#ff7f0e","stroke_color":"#ff7f0e","strokeSize":1,"initial_color":"#ff7f0e","initial_stroke_color":"#ff7f0e","sketchPaths":[],"isFixed":false},{"city":"Arcata/Eureka","airport":"Arcata","name":"Arcata","lat":40.97811528,"country":"USA","iata":"ACV","type":"northWest","state":"CA","long":-124.1086189,"id":770,"nbLiaisons":6,"nbPassengers":35,"x":413.7106477121275,"y":69.53352015804552,"sizeLabel":0,"colorLabel":"white","r":10,"width":20,"height":20,"relativeR":10,"relativeScaleR":1,"isHover":false,"color":"#ff7f0e","stroke_color":"#ff7f0e","strokeSize":1,"initial_color":"#ff7f0e","initial_stroke_color":"#ff7f0e","sketchPaths":[],"isFixed":false},{"city":"Seattle","airport":"Seattle-Tacoma Intl","name":"Seattle-Tacoma Intl","lat":47.44898194,"country":"USA","iata":"SEA","type":"northWest","state":"WA","long":-122.3093131,"id":2921,"nbLiaisons":101,"nbPassengers":88,"x":850.2602514629534,"y":180.89969938120439,"sizeLabel":0,"colorLabel":"white","r":10,"width":20,"height":20,"relativeR":10,"relativeScaleR":1,"isHover":false,"color":"#ff7f0e","stroke_color":"#ff7f0e","strokeSize":1,"initial_color":"#ff7f0e","initial_stroke_color":"#ff7f0e","sketchPaths":[],"isFixed":false},{"city":"Salt Lake City","airport":"Salt Lake City Intl","name":"Salt Lake City Intl","lat":40.78838778,"country":"USA","iata":"SLC","type":"northWest","state":"UT","long":-111.9777731,"id":2969,"nbLiaisons":183,"nbPassengers":94,"x":358.1489589812102,"y":602.5837556729782,"sizeLabel":0,"colorLabel":"white","r":10,"width":20,"height":20,"relativeR":10,"relativeScaleR":1,"isHover":false,"color":"#ff7f0e","stroke_color":"#ff7f0e","strokeSize":1,"initial_color":"#ff7f0e","initial_stroke_color":"#ff7f0e","sketchPaths":[],"isFixed":false},{"city":"Great Falls","airport":"Great Falls Intl","name":"Great Falls Intl","lat":47.48200194,"country":"USA","iata":"GTF","type":"northWest","state":"MT","long":-111.3706853,"id":1652,"nbLiaisons":6,"nbPassengers":177,"x":770.0675176207062,"y":427.62264145467276,"sizeLabel":0,"colorLabel":"white","r":10,"width":20,"height":20,"relativeR":10,"relativeScaleR":1,"isHover":false,"color":"#ff7f0e","stroke_color":"#ff7f0e","strokeSize":1,"initial_color":"#ff7f0e","initial_stroke_color":"#ff7f0e","sketchPaths":[],"isFixed":false},{"city":"Portland","airport":"Portland Intl","name":"Portland Intl","lat":45.58872222,"country":"USA","iata":"PDX","type":"northWest","state":"OR","long":-122.5975,"id":2596,"nbLiaisons":78,"nbPassengers":110,"x":334.0773552854796,"y":54.0334811628562,"sizeLabel":0,"colorLabel":"white","r":10,"width":20,"height":20,"relativeR":10,"relativeScaleR":1,"isHover":false,"color":"#ff7f0e","stroke_color":"#ff7f0e","strokeSize":1,"initial_color":"#ff7f0e","initial_stroke_color":"#ff7f0e","sketchPaths":[],"isFixed":false},{"city":"Eugene","airport":"Mahlon Sweet ","name":"Mahlon Sweet ","lat":44.12326,"country":"USA","iata":"EUG","type":"northWest","state":"OR","long":-123.2186856,"id":1425,"nbLiaisons":14,"nbPassengers":35,"x":887.1838846348361,"y":457.6192912391292,"sizeLabel":0,"colorLabel":"white","r":10,"width":20,"height":20,"relativeR":10,"relativeScaleR":1,"isHover":false,"color":"#ff7f0e","stroke_color":"#ff7f0e","strokeSize":1,"initial_color":"#ff7f0e","initial_stroke_color":"#ff7f0e","sketchPaths":[],"isFixed":false},{"city":"Redding","airport":"Redding Municipal","name":"Redding Municipal","lat":40.50898361,"country":"USA","iata":"RDD","type":"northWest","state":"CA","long":-122.2934019,"id":2755,"nbLiaisons":2,"nbPassengers":96,"x":587.5132417555033,"y":622.3245967397851,"sizeLabel":0,"colorLabel":"white","r":10,"width":20,"height":20,"relativeR":10,"relativeScaleR":1,"isHover":false,"color":"#ff7f0e","stroke_color":"#ff7f0e","strokeSize":1,"initial_color":"#ff7f0e","initial_stroke_color":"#ff7f0e","sketchPaths":[],"isFixed":false},{"city":"Yakutat","airport":"Yakutat","name":"Yakutat","lat":59.50336056,"country":"USA","iata":"YAK","type":"northWest","state":"AK","long":-139.6602261,"id":3354,"nbLiaisons":4,"nbPassengers":26,"x":711.0514009980722,"y":52.66697215947035,"sizeLabel":0,"colorLabel":"white","r":10,"width":20,"height":20,"relativeR":10,"relativeScaleR":1,"isHover":false,"color":"#ff7f0e","stroke_color":"#ff7f0e","strokeSize":1,"initial_color":"#ff7f0e","initial_stroke_color":"#ff7f0e","sketchPaths":[],"isFixed":false},{"city":"Bellingham","airport":"Bellingham Intl","name":"Bellingham Intl","lat":48.79275,"country":"USA","iata":"BLI","type":"northWest","state":"WA","long":-122.5375278,"id":976,"nbLiaisons":2,"nbPassengers":5,"x":253.70292936264696,"y":253.00288813620006,"sizeLabel":0,"colorLabel":"white","r":10,"width":20,"height":20,"relativeR":10,"relativeScaleR":1,"isHover":false,"color":"#ff7f0e","stroke_color":"#ff7f0e","strokeSize":1,"initial_color":"#ff7f0e","initial_stroke_color":"#ff7f0e","sketchPaths":[],"isFixed":false},{"city":"Nome","airport":"Nome","name":"Nome","lat":64.51220222,"country":"USA","iata":"OME","type":"northWest","state":"AK","long":-165.4452458,"id":2508,"nbLiaisons":4,"nbPassengers":35,"x":833.4640111356684,"y":354.89676963572833,"sizeLabel":0,"colorLabel":"white","r":10,"width":20,"height":20,"relativeR":10,"relativeScaleR":1,"isHover":false,"color":"#ff7f0e","stroke_color":"#ff7f0e","strokeSize":1,"initial_color":"#ff7f0e","initial_stroke_color":"#ff7f0e","sketchPaths":[],"isFixed":false},{"city":"Barrow","airport":"Wiley Post Will Rogers Memorial","name":"Wiley Post Will Rogers Memorial","lat":71.2854475,"country":"USA","iata":"BRW","type":"northWest","state":"AK","long":-156.7660019,"id":1003,"nbLiaisons":4,"nbPassengers":193,"x":706.7238801919588,"y":571.4815246907649,"sizeLabel":0,"colorLabel":"white","r":10,"width":20,"height":20,"relativeR":10,"relativeScaleR":1,"isHover":false,"color":"#ff7f0e","stroke_color":"#ff7f0e","strokeSize":1,"initial_color":"#ff7f0e","initial_stroke_color":"#ff7f0e","sketchPaths":[],"isFixed":false},{"city":"Cordova","airport":"Merle K (Mudhole) Smith","name":"Merle K (Mudhole) Smith","lat":60.49183389,"country":"USA","iata":"CDV","type":"northWest","state":"AK","long":-145.4776503,"id":1085,"nbLiaisons":4,"nbPassengers":171,"x":440.034284284684,"y":545.4261884360876,"sizeLabel":0,"colorLabel":"white","r":10,"width":20,"height":20,"relativeR":10,"relativeScaleR":1,"isHover":false,"color":"#ff7f0e","stroke_color":"#ff7f0e","strokeSize":1,"initial_color":"#ff7f0e","initial_stroke_color":"#ff7f0e","sketchPaths":[],"isFixed":false},{"city":"Twin Falls","airport":"Joslin Field - Magic Valley","name":"Joslin Field - Magic Valley","lat":42.48180389,"country":"USA","iata":"TWF","type":"northWest","state":"ID","long":-114.4877356,"id":3157,"nbLiaisons":7,"nbPassengers":1,"x":597.149302820433,"y":62.39188050328586,"sizeLabel":0,"colorLabel":"white","r":10,"width":20,"height":20,"relativeR":10,"relativeScaleR":1,"isHover":false,"color":"#ff7f0e","stroke_color":"#ff7f0e","strokeSize":1,"initial_color":"#ff7f0e","initial_stroke_color":"#ff7f0e","sketchPaths":[],"isFixed":false},{"city":"Lewiston","airport":"Lewiston-Nez Perce County","name":"Lewiston-Nez Perce County","lat":46.37449806,"country":"USA","iata":"LWS","type":"northWest","state":"ID","long":-117.0153944,"id":2124,"nbLiaisons":1,"nbPassengers":117,"x":406.3847801248935,"y":655.2448504594215,"sizeLabel":0,"colorLabel":"white","r":10,"width":20,"height":20,"relativeR":10,"relativeScaleR":1,"isHover":false,"color":"#ff7f0e","stroke_color":"#ff7f0e","strokeSize":1,"initial_color":"#ff7f0e","initial_stroke_color":"#ff7f0e","sketchPaths":[],"isFixed":false},{"city":"Kodiak","airport":"Kodiak ","name":"Kodiak ","lat":57.74996778,"country":"USA","iata":"ADQ","type":"northWest","state":"AK","long":-152.4938553,"id":778,"nbLiaisons":2,"nbPassengers":196,"x":782.2804242773151,"y":242.09028561914837,"sizeLabel":0,"colorLabel":"white","r":10,"width":20,"height":20,"relativeR":10,"relativeScaleR":1,"isHover":false,"color":"#ff7f0e","stroke_color":"#ff7f0e","strokeSize":1,"initial_color":"#ff7f0e","initial_stroke_color":"#ff7f0e","sketchPaths":[],"isFixed":false},{"city":"Bismarck","airport":"Bismarck Municipal","name":"Bismarck Municipal","lat":46.77411111,"country":"USA","iata":"BIS","type":"northWest","state":"ND","long":-100.7467222,"id":963,"nbLiaisons":4,"nbPassengers":40,"x":829.7057952540719,"y":488.4577157530987,"sizeLabel":0,"colorLabel":"white","r":10,"width":20,"height":20,"relativeR":10,"relativeScaleR":1,"isHover":false,"color":"#ff7f0e","stroke_color":"#ff7f0e","strokeSize":1,"initial_color":"#ff7f0e","initial_stroke_color":"#ff7f0e","sketchPaths":[],"isFixed":false},{"city":"Billings","airport":"Billings Logan Intl","name":"Billings Logan Intl","lat":45.8076625,"country":"USA","iata":"BIL","type":"northWest","state":"MT","long":-108.5428611,"id":962,"nbLiaisons":7,"nbPassengers":173,"x":901.0102834799983,"y":254.7141641848628,"sizeLabel":0,"colorLabel":"white","r":10,"width":20,"height":20,"relativeR":10,"relativeScaleR":1,"isHover":false,"color":"#ff7f0e","stroke_color":"#ff7f0e","strokeSize":1,"initial_color":"#ff7f0e","initial_stroke_color":"#ff7f0e","sketchPaths":[],"isFixed":false},{"city":"Redmond","airport":"Roberts ","name":"Roberts ","lat":44.25406722,"country":"USA","iata":"RDM","type":"northWest","state":"OR","long":-121.1499633,"id":2758,"nbLiaisons":6,"nbPassengers":119,"x":458.10899591348203,"y":21.997206223664765,"sizeLabel":0,"colorLabel":"white","r":10,"width":20,"height":20,"relativeR":10,"relativeScaleR":1,"isHover":false,"color":"#ff7f0e","stroke_color":"#ff7f0e","strokeSize":1,"initial_color":"#ff7f0e","initial_stroke_color":"#ff7f0e","sketchPaths":[],"isFixed":false},{"city":"Kotzebue","airport":"Ralph Wien Memorial","name":"Ralph Wien Memorial","lat":66.88467694,"country":"USA","iata":"OTZ","type":"northWest","state":"AK","long":-162.5985497,"id":2548,"nbLiaisons":4,"nbPassengers":103,"x":194.7028818820594,"y":354.6080786315386,"sizeLabel":0,"colorLabel":"white","r":10,"width":20,"height":20,"relativeR":10,"relativeScaleR":1,"isHover":false,"color":"#ff7f0e","stroke_color":"#ff7f0e","strokeSize":1,"initial_color":"#ff7f0e","initial_stroke_color":"#ff7f0e","sketchPaths":[],"isFixed":false},{"city":"Fairbanks","airport":"Fairbanks International","name":"Fairbanks International","lat":64.8136775,"country":"USA","iata":"FAI","type":"northWest","state":"AK","long":-147.8596694,"id":1484,"nbLiaisons":7,"nbPassengers":103,"x":637.6331274215066,"y":647.0618119880944,"sizeLabel":0,"colorLabel":"white","r":10,"width":20,"height":20,"relativeR":10,"relativeScaleR":1,"isHover":false,"color":"#ff7f0e","stroke_color":"#ff7f0e","strokeSize":1,"initial_color":"#ff7f0e","initial_stroke_color":"#ff7f0e","sketchPaths":[],"isFixed":false},{"city":"Ketchikan","airport":"Ketchikan International","name":"Ketchikan International","lat":55.35556861,"country":"USA","iata":"KTN","type":"northWest","state":"AK","long":-131.71374,"id":1997,"nbLiaisons":8,"nbPassengers":115,"x":585.7107491830226,"y":-12.882460961959659,"sizeLabel":0,"colorLabel":"white","r":10,"width":20,"height":20,"relativeR":10,"relativeScaleR":1,"isHover":false,"color":"#ff7f0e","stroke_color":"#ff7f0e","strokeSize":1,"initial_color":"#ff7f0e","initial_stroke_color":"#ff7f0e","sketchPaths":[],"isFixed":false},{"city":"Salem","airport":"McNary Fld","name":"McNary Fld","lat":44.90952778,"country":"USA","iata":"SLE","type":"northWest","state":"OR","long":-123.0025,"id":2970,"nbLiaisons":2,"nbPassengers":60,"x":243.81997537573005,"y":501.2416723799271,"sizeLabel":0,"colorLabel":"white","r":10,"width":20,"height":20,"relativeR":10,"relativeScaleR":1,"isHover":false,"color":"#ff7f0e","stroke_color":"#ff7f0e","strokeSize":1,"initial_color":"#ff7f0e","initial_stroke_color":"#ff7f0e","sketchPaths":[],"isFixed":false},{"city":"New York","airport":"John F Kennedy Intl","name":"John F Kennedy Intl","lat":40.63975111,"country":"USA","iata":"JFK","type":"northEst","state":"NY","long":-73.77892556,"id":1915,"nbLiaisons":119,"nbPassengers":95,"x":527.9641090765256,"y":172.19244927545097,"sizeLabel":0,"colorLabel":"white","r":10,"width":20,"height":20,"relativeR":10,"relativeScaleR":1,"isHover":false,"color":"#1f77b4","stroke_color":"#1f77b4","strokeSize":1,"initial_color":"#1f77b4","initial_stroke_color":"#1f77b4","sketchPaths":[],"isFixed":false},{"city":"Bloomington","airport":"Central Illinois Regional","name":"Central Illinois Regional","lat":40.47798556,"country":"USA","iata":"BMI","type":"northEst","state":"IL","long":-88.91595278,"id":981,"nbLiaisons":7,"nbPassengers":123,"x":333.24306230662444,"y":259.99466542094575,"sizeLabel":0,"colorLabel":"white","r":10,"width":20,"height":20,"relativeR":10,"relativeScaleR":1,"isHover":false,"color":"#1f77b4","stroke_color":"#1f77b4","strokeSize":1,"initial_color":"#1f77b4","initial_stroke_color":"#1f77b4","sketchPaths":[],"isFixed":false},{"city":"Boston","airport":"Gen Edw L Logan Intl","name":"Gen Edw L Logan Intl","lat":42.3643475,"country":"USA","iata":"BOS","type":"northEst","state":"MA","long":-71.00517917,"id":993,"nbLiaisons":101,"nbPassengers":36,"x":491.7991981157852,"y":474.9067429685883,"sizeLabel":0,"colorLabel":"white","r":10,"width":20,"height":20,"relativeR":10,"relativeScaleR":1,"isHover":false,"color":"#1f77b4","stroke_color":"#1f77b4","strokeSize":1,"initial_color":"#1f77b4","initial_stroke_color":"#1f77b4","sketchPaths":[],"isFixed":false},{"city":"Fort Wayne","airport":"Fort Wayne International","name":"Fort Wayne International","lat":40.97846583,"country":"USA","iata":"FWA","type":"northEst","state":"IN","long":-85.19514639,"id":1559,"nbLiaisons":8,"nbPassengers":74,"x":316.4379858564301,"y":391.7125474526543,"sizeLabel":0,"colorLabel":"white","r":10,"width":20,"height":20,"relativeR":10,"relativeScaleR":1,"isHover":false,"color":"#1f77b4","stroke_color":"#1f77b4","strokeSize":1,"initial_color":"#1f77b4","initial_stroke_color":"#1f77b4","sketchPaths":[],"isFixed":false},{"city":"Bangor","airport":"Bangor International","name":"Bangor International","lat":44.80744444,"country":"USA","iata":"BGR","type":"northEst","state":"ME","long":-68.82813889,"id":953,"nbLiaisons":6,"nbPassengers":75,"x":530.9722024206311,"y":110.646777240223,"sizeLabel":0,"colorLabel":"white","r":10,"width":20,"height":20,"relativeR":10,"relativeScaleR":1,"isHover":false,"color":"#1f77b4","stroke_color":"#1f77b4","strokeSize":1,"initial_color":"#1f77b4","initial_stroke_color":"#1f77b4","sketchPaths":[],"isFixed":false},{"city":"Flint","airport":"Bishop","name":"Bishop","lat":42.96550333,"country":"USA","iata":"FNT","type":"northEst","state":"MI","long":-83.74345639,"id":1532,"nbLiaisons":18,"nbPassengers":25,"x":393.1131021901904,"y":382.5975285097988,"sizeLabel":0,"colorLabel":"white","r":10,"width":20,"height":20,"relativeR":10,"relativeScaleR":1,"isHover":false,"color":"#1f77b4","stroke_color":"#1f77b4","strokeSize":1,"initial_color":"#1f77b4","initial_stroke_color":"#1f77b4","sketchPaths":[],"isFixed":false},{"city":"Peoria","airport":"Greater Peoria Regional","name":"Greater Peoria Regional","lat":40.66424333,"country":"USA","iata":"PIA","type":"northEst","state":"IL","long":-89.69330556,"id":2619,"nbLiaisons":10,"nbPassengers":189,"x":282.1262286840664,"y":291.53790088264844,"sizeLabel":0,"colorLabel":"white","r":10,"width":20,"height":20,"relativeR":10,"relativeScaleR":1,"isHover":false,"color":"#1f77b4","stroke_color":"#1f77b4","strokeSize":1,"initial_color":"#1f77b4","initial_stroke_color":"#1f77b4","sketchPaths":[],"isFixed":false},{"city":"NA","airport":"Marquette County Airport","name":"Marquette County Airport","lat":46.353639,"country":"USA","iata":"MQT","type":"northEst","state":"NA","long":-87.395361,"id":2312,"nbLiaisons":2,"nbPassengers":84,"x":449.28648247811645,"y":118.81219191771595,"sizeLabel":0,"colorLabel":"white","r":10,"width":20,"height":20,"relativeR":10,"relativeScaleR":1,"isHover":false,"color":"#1f77b4","stroke_color":"#1f77b4","strokeSize":1,"initial_color":"#1f77b4","initial_stroke_color":"#1f77b4","sketchPaths":[],"isFixed":false},{"city":"Pittsburgh","airport":"Pittsburgh International","name":"Pittsburgh International","lat":40.49146583,"country":"USA","iata":"PIT","type":"northEst","state":"PA","long":-80.23287083,"id":2626,"nbLiaisons":61,"nbPassengers":42,"x":344.54786947403824,"y":320.77130057584077,"sizeLabel":0,"colorLabel":"white","r":10,"width":20,"height":20,"relativeR":10,"relativeScaleR":1,"isHover":false,"color":"#1f77b4","stroke_color":"#1f77b4","strokeSize":1,"initial_color":"#1f77b4","initial_stroke_color":"#1f77b4","sketchPaths":[],"isFixed":false},{"city":"Waterloo","airport":"Waterloo Municipal","name":"Waterloo Municipal","lat":42.55708139,"country":"USA","iata":"ALO","type":"northEst","state":"IA","long":-92.40034361,"id":829,"nbLiaisons":1,"nbPassengers":2,"x":505.0472116775709,"y":542.583804176254,"sizeLabel":0,"colorLabel":"white","r":10,"width":20,"height":20,"relativeR":10,"relativeScaleR":1,"isHover":false,"color":"#1f77b4","stroke_color":"#1f77b4","strokeSize":1,"initial_color":"#1f77b4","initial_stroke_color":"#1f77b4","sketchPaths":[],"isFixed":false},{"city":"Lansing","airport":"Capital City","name":"Capital City","lat":42.7787,"country":"USA","iata":"LAN","type":"northEst","state":"MI","long":-84.58735806,"id":2035,"nbLiaisons":8,"nbPassengers":100,"x":620.4071845041659,"y":308.45211059455085,"sizeLabel":0,"colorLabel":"white","r":10,"width":20,"height":20,"relativeR":10,"relativeScaleR":1,"isHover":false,"color":"#1f77b4","stroke_color":"#1f77b4","strokeSize":1,"initial_color":"#1f77b4","initial_stroke_color":"#1f77b4","sketchPaths":[],"isFixed":false},{"city":"Rhinelander","airport":"Rhinelander-Oneida County","name":"Rhinelander-Oneida County","lat":45.63119306,"country":"USA","iata":"RHI","type":"northEst","state":"WI","long":-89.46745361,"id":2766,"nbLiaisons":2,"nbPassengers":31,"x":685.3604577797936,"y":281.3130218089194,"sizeLabel":0,"colorLabel":"white","r":10,"width":20,"height":20,"relativeR":10,"relativeScaleR":1,"isHover":false,"color":"#1f77b4","stroke_color":"#1f77b4","strokeSize":1,"initial_color":"#1f77b4","initial_stroke_color":"#1f77b4","sketchPaths":[],"isFixed":false},{"city":"Dubuque","airport":"Dubuque Municipal","name":"Dubuque Municipal","lat":42.40295944,"country":"USA","iata":"DBQ","type":"northEst","state":"IA","long":-90.70916722,"id":1252,"nbLiaisons":2,"nbPassengers":59,"x":350.04956388833244,"y":366.867591209689,"sizeLabel":0,"colorLabel":"white","r":10,"width":20,"height":20,"relativeR":10,"relativeScaleR":1,"isHover":false,"color":"#1f77b4","stroke_color":"#1f77b4","strokeSize":1,"initial_color":"#1f77b4","initial_stroke_color":"#1f77b4","sketchPaths":[],"isFixed":false},{"city":"Champaign/Urbana","airport":"University of Illinois-Willard","name":"University of Illinois-Willard","lat":40.03925,"country":"USA","iata":"CMI","type":"northEst","state":"IL","long":-88.27805556,"id":1148,"nbLiaisons":4,"nbPassengers":101,"x":656.3372857320242,"y":384.71357050050347,"sizeLabel":0,"colorLabel":"white","r":10,"width":20,"height":20,"relativeR":10,"relativeScaleR":1,"isHover":false,"color":"#1f77b4","stroke_color":"#1f77b4","strokeSize":1,"initial_color":"#1f77b4","initial_stroke_color":"#1f77b4","sketchPaths":[],"isFixed":false},{"city":"Detroit","airport":"Detroit Metropolitan-Wayne County","name":"Detroit Metropolitan-Wayne County","lat":42.21205889,"country":"USA","iata":"DTW","type":"northEst","state":"MI","long":-83.34883583,"id":1305,"nbLiaisons":216,"nbPassengers":47,"x":692.7421521113814,"y":389.06355328075875,"sizeLabel":0,"colorLabel":"white","r":10,"width":20,"height":20,"relativeR":10,"relativeScaleR":1,"isHover":false,"color":"#1f77b4","stroke_color":"#1f77b4","strokeSize":1,"initial_color":"#1f77b4","initial_stroke_color":"#1f77b4","sketchPaths":[],"isFixed":false},{"city":"La Crosse","airport":"La Crosse Municipal","name":"La Crosse Municipal","lat":43.87937972,"country":"USA","iata":"LSE","type":"northEst","state":"WI","long":-91.25653778,"id":2107,"nbLiaisons":4,"nbPassengers":57,"x":668.892435848417,"y":220.20440816176622,"sizeLabel":0,"colorLabel":"white","r":10,"width":20,"height":20,"relativeR":10,"relativeScaleR":1,"isHover":false,"color":"#1f77b4","stroke_color":"#1f77b4","strokeSize":1,"initial_color":"#1f77b4","initial_stroke_color":"#1f77b4","sketchPaths":[],"isFixed":false},{"city":"Syracuse","airport":"Syracuse-Hancock Intl","name":"Syracuse-Hancock Intl","lat":43.11118694,"country":"USA","iata":"SYR","type":"northEst","state":"NY","long":-76.10631056,"id":3048,"nbLiaisons":22,"nbPassengers":156,"x":537.4939205419842,"y":449.1695194792301,"sizeLabel":0,"colorLabel":"white","r":10,"width":20,"height":20,"relativeR":10,"relativeScaleR":1,"isHover":false,"color":"#1f77b4","stroke_color":"#1f77b4","strokeSize":1,"initial_color":"#1f77b4","initial_stroke_color":"#1f77b4","sketchPaths":[],"isFixed":false},{"city":"Rochester","airport":"Greater Rochester Int'l","name":"Greater Rochester Int'l","lat":43.11886611,"country":"USA","iata":"ROC","type":"northEst","state":"NY","long":-77.67238389,"id":2792,"nbLiaisons":28,"nbPassengers":19,"x":527.8183854072059,"y":307.17578899275907,"sizeLabel":0,"colorLabel":"white","r":10,"width":20,"height":20,"relativeR":10,"relativeScaleR":1,"isHover":false,"color":"#1f77b4","stroke_color":"#1f77b4","strokeSize":1,"initial_color":"#1f77b4","initial_stroke_color":"#1f77b4","sketchPaths":[],"isFixed":false},{"city":"Sioux City","airport":"Sioux Gateway ","name":"Sioux Gateway ","lat":42.40260333,"country":"USA","iata":"SUX","type":"northEst","state":"IA","long":-96.38436694,"id":3032,"nbLiaisons":2,"nbPassengers":125,"x":406.12637951512164,"y":235.07078031952304,"sizeLabel":0,"colorLabel":"white","r":10,"width":20,"height":20,"relativeR":10,"relativeScaleR":1,"isHover":false,"color":"#1f77b4","stroke_color":"#1f77b4","strokeSize":1,"initial_color":"#1f77b4","initial_stroke_color":"#1f77b4","sketchPaths":[],"isFixed":false},{"city":"Buffalo","airport":"Buffalo Niagara Intl","name":"Buffalo Niagara Intl","lat":42.94052472,"country":"USA","iata":"BUF","type":"northEst","state":"NY","long":-78.73216667,"id":1016,"nbLiaisons":33,"nbPassengers":124,"x":618.3252632565883,"y":404.62566842401714,"sizeLabel":0,"colorLabel":"white","r":10,"width":20,"height":20,"relativeR":10,"relativeScaleR":1,"isHover":false,"color":"#1f77b4","stroke_color":"#1f77b4","strokeSize":1,"initial_color":"#1f77b4","initial_stroke_color":"#1f77b4","sketchPaths":[],"isFixed":false},{"city":"Grand Rapids","airport":"Kent County International","name":"Kent County International","lat":42.88081972,"country":"USA","iata":"GRR","type":"northEst","state":"MI","long":-85.52276778,"id":1646,"nbLiaisons":26,"nbPassengers":57,"x":313.4293276297677,"y":431.42116645885113,"sizeLabel":0,"colorLabel":"white","r":10,"width":20,"height":20,"relativeR":10,"relativeScaleR":1,"isHover":false,"color":"#1f77b4","stroke_color":"#1f77b4","strokeSize":1,"initial_color":"#1f77b4","initial_stroke_color":"#1f77b4","sketchPaths":[],"isFixed":false},{"city":"Windsor Locks","airport":"Bradley International","name":"Bradley International","lat":41.93887417,"country":"USA","iata":"BDL","type":"northEst","state":"CT","long":-72.68322833,"id":933,"nbLiaisons":58,"nbPassengers":115,"x":556.9041980887638,"y":523.4565369928439,"sizeLabel":0,"colorLabel":"white","r":10,"width":20,"height":20,"relativeR":10,"relativeScaleR":1,"isHover":false,"color":"#1f77b4","stroke_color":"#1f77b4","strokeSize":1,"initial_color":"#1f77b4","initial_stroke_color":"#1f77b4","sketchPaths":[],"isFixed":false},{"city":"Duluth","airport":"Duluth International","name":"Duluth International","lat":46.84209028,"country":"USA","iata":"DLH","type":"northEst","state":"MN","long":-92.19364861,"id":1277,"nbLiaisons":4,"nbPassengers":104,"x":365.25970460210794,"y":483.61669522959403,"sizeLabel":0,"colorLabel":"white","r":10,"width":20,"height":20,"relativeR":10,"relativeScaleR":1,"isHover":false,"color":"#1f77b4","stroke_color":"#1f77b4","strokeSize":1,"initial_color":"#1f77b4","initial_stroke_color":"#1f77b4","sketchPaths":[],"isFixed":false},{"city":"Lincoln","airport":"Lincoln Municipal","name":"Lincoln Municipal","lat":40.85097222,"country":"USA","iata":"LNK","type":"northEst","state":"NE","long":-96.75925,"id":2088,"nbLiaisons":6,"nbPassengers":138,"x":389.6244471849224,"y":332.20939627518555,"sizeLabel":0,"colorLabel":"white","r":10,"width":20,"height":20,"relativeR":10,"relativeScaleR":1,"isHover":false,"color":"#1f77b4","stroke_color":"#1f77b4","strokeSize":1,"initial_color":"#1f77b4","initial_stroke_color":"#1f77b4","sketchPaths":[],"isFixed":false},{"city":"Des Moines","airport":"Des Moines International","name":"Des Moines International","lat":41.53493306,"country":"USA","iata":"DSM","type":"northEst","state":"IA","long":-93.66068222,"id":1298,"nbLiaisons":22,"nbPassengers":99,"x":400.52339734422526,"y":470.25116730564685,"sizeLabel":0,"colorLabel":"white","r":10,"width":20,"height":20,"relativeR":10,"relativeScaleR":1,"isHover":false,"color":"#1f77b4","stroke_color":"#1f77b4","strokeSize":1,"initial_color":"#1f77b4","initial_stroke_color":"#1f77b4","sketchPaths":[],"isFixed":false},{"city":"Green Bay","airport":"Austin Straubel International","name":"Austin Straubel International","lat":44.48507333,"country":"USA","iata":"GRB","type":"northEst","state":"WI","long":-88.12959,"id":1639,"nbLiaisons":10,"nbPassengers":30,"x":473.88470936882743,"y":515.815386588954,"sizeLabel":0,"colorLabel":"white","r":10,"width":20,"height":20,"relativeR":10,"relativeScaleR":1,"isHover":false,"color":"#1f77b4","stroke_color":"#1f77b4","strokeSize":1,"initial_color":"#1f77b4","initial_stroke_color":"#1f77b4","sketchPaths":[],"isFixed":false},{"city":"Rockford","airport":"Greater Rockford","name":"Greater Rockford","lat":42.19536389,"country":"USA","iata":"RFD","type":"northEst","state":"IL","long":-89.09721111,"id":2763,"nbLiaisons":2,"nbPassengers":146,"x":656.5030193500434,"y":332.36505288235026,"sizeLabel":0,"colorLabel":"white","r":10,"width":20,"height":20,"relativeR":10,"relativeScaleR":1,"isHover":false,"color":"#1f77b4","stroke_color":"#1f77b4","strokeSize":1,"initial_color":"#1f77b4","initial_stroke_color":"#1f77b4","sketchPaths":[],"isFixed":false},{"city":"Newark","airport":"Newark Intl","name":"Newark Intl","lat":40.69249722,"country":"USA","iata":"EWR","type":"northEst","state":"NJ","long":-74.16866056,"id":1436,"nbLiaisons":176,"nbPassengers":104,"x":502.7023398783705,"y":211.19604546023191,"sizeLabel":0,"colorLabel":"white","r":10,"width":20,"height":20,"relativeR":10,"relativeScaleR":1,"isHover":false,"color":"#1f77b4","stroke_color":"#1f77b4","strokeSize":1,"initial_color":"#1f77b4","initial_stroke_color":"#1f77b4","sketchPaths":[],"isFixed":false},{"city":"Manchester","airport":"Manchester","name":"Manchester","lat":42.93451639,"country":"USA","iata":"MHT","type":"northEst","state":"NH","long":-71.43705583,"id":2248,"nbLiaisons":28,"nbPassengers":160,"x":309.66416064480876,"y":351.60739576027953,"sizeLabel":0,"colorLabel":"white","r":10,"width":20,"height":20,"relativeR":10,"relativeScaleR":1,"isHover":false,"color":"#1f77b4","stroke_color":"#1f77b4","strokeSize":1,"initial_color":"#1f77b4","initial_stroke_color":"#1f77b4","sketchPaths":[],"isFixed":false},{"city":"Burlington","airport":"Burlington International","name":"Burlington International","lat":44.47300361,"country":"USA","iata":"BTV","type":"northEst","state":"VT","long":-73.1503125,"id":1013,"nbLiaisons":12,"nbPassengers":59,"x":381.9653514947227,"y":277.66535050892537,"sizeLabel":0,"colorLabel":"white","r":10,"width":20,"height":20,"relativeR":10,"relativeScaleR":1,"isHover":false,"color":"#1f77b4","stroke_color":"#1f77b4","strokeSize":1,"initial_color":"#1f77b4","initial_stroke_color":"#1f77b4","sketchPaths":[],"isFixed":false},{"city":"NA","airport":"University Park","name":"University Park","lat":40.851206,"country":"USA","iata":"SCE","type":"northEst","state":"NA","long":-77.846302,"id":2900,"nbLiaisons":4,"nbPassengers":74,"x":698.0729676877297,"y":327.1222721601584,"sizeLabel":0,"colorLabel":"white","r":10,"width":20,"height":20,"relativeR":10,"relativeScaleR":1,"isHover":false,"color":"#1f77b4","stroke_color":"#1f77b4","strokeSize":1,"initial_color":"#1f77b4","initial_stroke_color":"#1f77b4","sketchPaths":[],"isFixed":false},{"city":"Wilkes-Barre/Scranton","airport":"Wilkes-Barre/Scranton Intl","name":"Wilkes-Barre/Scranton Intl","lat":41.33814944,"country":"USA","iata":"AVP","type":"northEst","state":"PA","long":-75.7242675,"id":896,"nbLiaisons":6,"nbPassengers":62,"x":535.8609054146665,"y":489.8413007588225,"sizeLabel":0,"colorLabel":"white","r":10,"width":20,"height":20,"relativeR":10,"relativeScaleR":1,"isHover":false,"color":"#1f77b4","stroke_color":"#1f77b4","strokeSize":1,"initial_color":"#1f77b4","initial_stroke_color":"#1f77b4","sketchPaths":[],"isFixed":false},{"city":"Binghamton","airport":"Binghamton Regional","name":"Binghamton Regional","lat":42.20848278,"country":"USA","iata":"BGM","type":"northEst","state":"NY","long":-75.97961361,"id":951,"nbLiaisons":2,"nbPassengers":96,"x":501.57347762375525,"y":421.8353276216216,"sizeLabel":0,"colorLabel":"white","r":10,"width":20,"height":20,"relativeR":10,"relativeScaleR":1,"isHover":false,"color":"#1f77b4","stroke_color":"#1f77b4","strokeSize":1,"initial_color":"#1f77b4","initial_stroke_color":"#1f77b4","sketchPaths":[],"isFixed":false},{"city":"Sioux Falls","airport":"Joe Foss ","name":"Joe Foss ","lat":43.58135111,"country":"USA","iata":"FSD","type":"northEst","state":"SD","long":-96.74170028,"id":1544,"nbLiaisons":8,"nbPassengers":138,"x":399.0539289864926,"y":425.4447429526238,"sizeLabel":0,"colorLabel":"white","r":10,"width":20,"height":20,"relativeR":10,"relativeScaleR":1,"isHover":false,"color":"#1f77b4","stroke_color":"#1f77b4","strokeSize":1,"initial_color":"#1f77b4","initial_stroke_color":"#1f77b4","sketchPaths":[],"isFixed":false},{"city":"Islip","airport":"Long Island - MacArthur","name":"Long Island - MacArthur","lat":40.7952425,"country":"USA","iata":"ISP","type":"northEst","state":"NY","long":-73.10021194,"id":1886,"nbLiaisons":18,"nbPassengers":154,"x":593.2924125672481,"y":267.0096761987299,"sizeLabel":0,"colorLabel":"white","r":10,"width":20,"height":20,"relativeR":10,"relativeScaleR":1,"isHover":false,"color":"#1f77b4","stroke_color":"#1f77b4","strokeSize":1,"initial_color":"#1f77b4","initial_stroke_color":"#1f77b4","sketchPaths":[],"isFixed":false},{"city":"Appleton","airport":"Outagamie County Regional","name":"Outagamie County Regional","lat":44.25740806,"country":"USA","iata":"ATW","type":"northEst","state":"WI","long":-88.51947556,"id":882,"nbLiaisons":8,"nbPassengers":13,"x":497.01391624161727,"y":354.7016867607066,"sizeLabel":0,"colorLabel":"white","r":10,"width":20,"height":20,"relativeR":10,"relativeScaleR":1,"isHover":false,"color":"#1f77b4","stroke_color":"#1f77b4","strokeSize":1,"initial_color":"#1f77b4","initial_stroke_color":"#1f77b4","sketchPaths":[],"isFixed":false},{"city":"Newburgh","airport":"Stewart","name":"Stewart","lat":41.50409361,"country":"USA","iata":"SWF","type":"northEst","state":"NY","long":-74.10483833,"id":3039,"nbLiaisons":12,"nbPassengers":101,"x":567.9440567357939,"y":420.08753016541107,"sizeLabel":0,"colorLabel":"white","r":10,"width":20,"height":20,"relativeR":10,"relativeScaleR":1,"isHover":false,"color":"#1f77b4","stroke_color":"#1f77b4","strokeSize":1,"initial_color":"#1f77b4","initial_stroke_color":"#1f77b4","sketchPaths":[],"isFixed":false},{"city":"Kalamazoo","airport":"Kalamazoo County","name":"Kalamazoo County","lat":42.234875,"country":"USA","iata":"AZO","type":"northEst","state":"MI","long":-85.5520575,"id":911,"nbLiaisons":6,"nbPassengers":102,"x":452.40468584084914,"y":430.4384190766843,"sizeLabel":0,"colorLabel":"white","r":10,"width":20,"height":20,"relativeR":10,"relativeScaleR":1,"isHover":false,"color":"#1f77b4","stroke_color":"#1f77b4","strokeSize":1,"initial_color":"#1f77b4","initial_stroke_color":"#1f77b4","sketchPaths":[],"isFixed":false},{"city":"Providence","airport":"Theodore F Green State","name":"Theodore F Green State","lat":41.72399917,"country":"USA","iata":"PVD","type":"northEst","state":"RI","long":-71.42822111,"id":2697,"nbLiaisons":38,"nbPassengers":101,"x":452.8349363507499,"y":203.00080178767772,"sizeLabel":0,"colorLabel":"white","r":10,"width":20,"height":20,"relativeR":10,"relativeScaleR":1,"isHover":false,"color":"#1f77b4","stroke_color":"#1f77b4","strokeSize":1,"initial_color":"#1f77b4","initial_stroke_color":"#1f77b4","sketchPaths":[],"isFixed":false},{"city":"Chicago","airport":"Chicago Midway","name":"Chicago Midway","lat":41.7859825,"country":"USA","iata":"MDW","type":"northEst","state":"IL","long":-87.75242444,"id":2222,"nbLiaisons":106,"nbPassengers":80,"x":442.2576756317169,"y":378.79170552140965,"sizeLabel":0,"colorLabel":"white","r":10,"width":20,"height":20,"relativeR":10,"relativeScaleR":1,"isHover":false,"color":"#1f77b4","stroke_color":"#1f77b4","strokeSize":1,"initial_color":"#1f77b4","initial_stroke_color":"#1f77b4","sketchPaths":[],"isFixed":false},{"city":"Harrisburg","airport":"Harrisburg Intl","name":"Harrisburg Intl","lat":40.19349528,"country":"USA","iata":"MDT","type":"northEst","state":"PA","long":-76.76340361,"id":2221,"nbLiaisons":15,"nbPassengers":184,"x":557.4057450598542,"y":204.8291560460209,"sizeLabel":0,"colorLabel":"white","r":10,"width":20,"height":20,"relativeR":10,"relativeScaleR":1,"isHover":false,"color":"#1f77b4","stroke_color":"#1f77b4","strokeSize":1,"initial_color":"#1f77b4","initial_stroke_color":"#1f77b4","sketchPaths":[],"isFixed":false},{"city":"Cleveland","airport":"Cleveland-Hopkins Intl","name":"Cleveland-Hopkins Intl","lat":41.41089417,"country":"USA","iata":"CLE","type":"northEst","state":"OH","long":-81.84939667,"id":1137,"nbLiaisons":111,"nbPassengers":131,"x":349.7240254087262,"y":421.7345311679232,"sizeLabel":0,"colorLabel":"white","r":10,"width":20,"height":20,"relativeR":10,"relativeScaleR":1,"isHover":false,"color":"#1f77b4","stroke_color":"#1f77b4","strokeSize":1,"initial_color":"#1f77b4","initial_stroke_color":"#1f77b4","sketchPaths":[],"isFixed":false},{"city":"Omaha","airport":"Eppley Airfield","name":"Eppley Airfield","lat":41.30251861,"country":"USA","iata":"OMA","type":"northEst","state":"NE","long":-95.89417306,"id":2507,"nbLiaisons":37,"nbPassengers":120,"x":444.0855265483259,"y":480.0148711230195,"sizeLabel":0,"colorLabel":"white","r":10,"width":20,"height":20,"relativeR":10,"relativeScaleR":1,"isHover":false,"color":"#1f77b4","stroke_color":"#1f77b4","strokeSize":1,"initial_color":"#1f77b4","initial_stroke_color":"#1f77b4","sketchPaths":[],"isFixed":false},{"city":"Fargo","airport":"Hector International","name":"Hector International","lat":46.91934889,"country":"USA","iata":"FAR","type":"northEst","state":"ND","long":-96.81498889,"id":1487,"nbLiaisons":6,"nbPassengers":142,"x":645.4737758403762,"y":270.0366763975217,"sizeLabel":0,"colorLabel":"white","r":10,"width":20,"height":20,"relativeR":10,"relativeScaleR":1,"isHover":false,"color":"#1f77b4","stroke_color":"#1f77b4","strokeSize":1,"initial_color":"#1f77b4","initial_stroke_color":"#1f77b4","sketchPaths":[],"isFixed":false},{"city":"Albany","airport":"Albany Cty","name":"Albany Cty","lat":42.74811944,"country":"USA","iata":"ALB","type":"northEst","state":"NY","long":-73.80297861,"id":825,"nbLiaisons":29,"nbPassengers":144,"x":616.0126117220735,"y":154.92564572806907,"sizeLabel":0,"colorLabel":"white","r":10,"width":20,"height":20,"relativeR":10,"relativeScaleR":1,"isHover":false,"color":"#1f77b4","stroke_color":"#1f77b4","strokeSize":1,"initial_color":"#1f77b4","initial_stroke_color":"#1f77b4","sketchPaths":[],"isFixed":false},{"city":"Traverse City","airport":"Cherry Capital","name":"Cherry Capital","lat":44.74144472,"country":"USA","iata":"TVC","type":"northEst","state":"MI","long":-85.582235,"id":3150,"nbLiaisons":6,"nbPassengers":188,"x":315.1345926508637,"y":294.88149517676965,"sizeLabel":0,"colorLabel":"white","r":10,"width":20,"height":20,"relativeR":10,"relativeScaleR":1,"isHover":false,"color":"#1f77b4","stroke_color":"#1f77b4","strokeSize":1,"initial_color":"#1f77b4","initial_stroke_color":"#1f77b4","sketchPaths":[],"isFixed":false},{"city":"Chicago","airport":"Chicago O'Hare International","name":"Chicago O'Hare International","lat":41.979595,"country":"USA","iata":"ORD","type":"northEst","state":"IL","long":-87.90446417,"id":2531,"nbLiaisons":272,"nbPassengers":1,"x":538.6178050110818,"y":247.47251501657445,"sizeLabel":0,"colorLabel":"white","r":10,"width":20,"height":20,"relativeR":10,"relativeScaleR":1,"isHover":false,"color":"#1f77b4","stroke_color":"#1f77b4","strokeSize":1,"initial_color":"#1f77b4","initial_stroke_color":"#1f77b4","sketchPaths":[],"isFixed":false},{"city":"South Bend","airport":"South Bend Regional","name":"South Bend Regional","lat":41.70895361,"country":"USA","iata":"SBN","type":"northEst","state":"IN","long":-86.31847417,"id":2890,"nbLiaisons":8,"nbPassengers":195,"x":332.3082219063175,"y":192.54896440067466,"sizeLabel":0,"colorLabel":"white","r":10,"width":20,"height":20,"relativeR":10,"relativeScaleR":1,"isHover":false,"color":"#1f77b4","stroke_color":"#1f77b4","strokeSize":1,"initial_color":"#1f77b4","initial_stroke_color":"#1f77b4","sketchPaths":[],"isFixed":false},{"city":"Milwaukee","airport":"General Mitchell International","name":"General Mitchell International","lat":42.94722222,"country":"USA","iata":"MKE","type":"northEst","state":"WI","long":-87.89658333,"id":2262,"nbLiaisons":51,"nbPassengers":136,"x":597.4126945511299,"y":189.6678083795499,"sizeLabel":0,"colorLabel":"white","r":10,"width":20,"height":20,"relativeR":10,"relativeScaleR":1,"isHover":false,"color":"#1f77b4","stroke_color":"#1f77b4","strokeSize":1,"initial_color":"#1f77b4","initial_stroke_color":"#1f77b4","sketchPaths":[],"isFixed":false},{"city":"Cedar Rapids","airport":"Eastern Iowa ","name":"Eastern Iowa ","lat":41.88458833,"country":"USA","iata":"CID","type":"northEst","state":"IA","long":-91.71087222,"id":1118,"nbLiaisons":14,"nbPassengers":41,"x":487.37443895973774,"y":284.6400245466338,"sizeLabel":0,"colorLabel":"white","r":10,"width":20,"height":20,"relativeR":10,"relativeScaleR":1,"isHover":false,"color":"#1f77b4","stroke_color":"#1f77b4","strokeSize":1,"initial_color":"#1f77b4","initial_stroke_color":"#1f77b4","sketchPaths":[],"isFixed":false},{"city":"Hancock","airport":"Houghton County Memorial","name":"Houghton County Memorial","lat":47.16841722,"country":"USA","iata":"CMX","type":"northEst","state":"MI","long":-88.48906083,"id":1149,"nbLiaisons":2,"nbPassengers":53,"x":574.2715663061615,"y":321.7121426659359,"sizeLabel":0,"colorLabel":"white","r":10,"width":20,"height":20,"relativeR":10,"relativeScaleR":1,"isHover":false,"color":"#1f77b4","stroke_color":"#1f77b4","strokeSize":1,"initial_color":"#1f77b4","initial_stroke_color":"#1f77b4","sketchPaths":[],"isFixed":false},{"city":"Minneapolis","airport":"Minneapolis-St Paul Intl","name":"Minneapolis-St Paul Intl","lat":44.88054694,"country":"USA","iata":"MSP","type":"northEst","state":"MN","long":-93.2169225,"id":2327,"nbLiaisons":213,"nbPassengers":54,"x":465.56416238913783,"y":159.14313001205363,"sizeLabel":0,"colorLabel":"white","r":10,"width":20,"height":20,"relativeR":10,"relativeScaleR":1,"isHover":false,"color":"#1f77b4","stroke_color":"#1f77b4","strokeSize":1,"initial_color":"#1f77b4","initial_stroke_color":"#1f77b4","sketchPaths":[],"isFixed":false},{"city":"Akron","airport":"Akron-Canton Regional","name":"Akron-Canton Regional","lat":40.91631194,"country":"USA","iata":"CAK","type":"northEst","state":"OH","long":-81.44246556,"id":1066,"nbLiaisons":20,"nbPassengers":34,"x":598.958979447486,"y":494.2086694341165,"sizeLabel":0,"colorLabel":"white","r":10,"width":20,"height":20,"relativeR":10,"relativeScaleR":1,"isHover":false,"color":"#1f77b4","stroke_color":"#1f77b4","strokeSize":1,"initial_color":"#1f77b4","initial_stroke_color":"#1f77b4","sketchPaths":[],"isFixed":false},{"city":"Madison","airport":"Dane County Regional","name":"Dane County Regional","lat":43.13985778,"country":"USA","iata":"MSN","type":"northEst","state":"WI","long":-89.33751361,"id":2325,"nbLiaisons":21,"nbPassengers":99,"x":648.924871770875,"y":440.7766450664625,"sizeLabel":0,"colorLabel":"white","r":10,"width":20,"height":20,"relativeR":10,"relativeScaleR":1,"isHover":false,"color":"#1f77b4","stroke_color":"#1f77b4","strokeSize":1,"initial_color":"#1f77b4","initial_stroke_color":"#1f77b4","sketchPaths":[],"isFixed":false},{"city":"Toledo","airport":"Toledo Express","name":"Toledo Express","lat":41.58680556,"country":"USA","iata":"TOL","type":"northEst","state":"OH","long":-83.80783333,"id":3123,"nbLiaisons":4,"nbPassengers":37,"x":382.011351642004,"y":193.1756092252542,"sizeLabel":0,"colorLabel":"white","r":10,"width":20,"height":20,"relativeR":10,"relativeScaleR":1,"isHover":false,"color":"#1f77b4","stroke_color":"#1f77b4","strokeSize":1,"initial_color":"#1f77b4","initial_stroke_color":"#1f77b4","sketchPaths":[],"isFixed":false},{"city":"Erie","airport":"Erie Intl","name":"Erie Intl","lat":42.08202139,"country":"USA","iata":"ERI","type":"northEst","state":"PA","long":-80.17621556,"id":1413,"nbLiaisons":2,"nbPassengers":181,"x":616.3539386957498,"y":359.4746264607159,"sizeLabel":0,"colorLabel":"white","r":10,"width":20,"height":20,"relativeR":10,"relativeScaleR":1,"isHover":false,"color":"#1f77b4","stroke_color":"#1f77b4","strokeSize":1,"initial_color":"#1f77b4","initial_stroke_color":"#1f77b4","sketchPaths":[],"isFixed":false},{"city":"Grand Forks","airport":"Grand Forks International","name":"Grand Forks International","lat":47.949255,"country":"USA","iata":"GFK","type":"northEst","state":"ND","long":-97.17611111,"id":1600,"nbLiaisons":2,"nbPassengers":45,"x":356.8172642206821,"y":230.73310860348863,"sizeLabel":0,"colorLabel":"white","r":10,"width":20,"height":20,"relativeR":10,"relativeScaleR":1,"isHover":false,"color":"#1f77b4","stroke_color":"#1f77b4","strokeSize":1,"initial_color":"#1f77b4","initial_stroke_color":"#1f77b4","sketchPaths":[],"isFixed":false},{"city":"Elmira","airport":"Elmira/Corning Regional","name":"Elmira/Corning Regional","lat":42.15991361,"country":"USA","iata":"ELM","type":"northEst","state":"NY","long":-76.89144333,"id":1390,"nbLiaisons":2,"nbPassengers":85,"x":567.7466386022472,"y":147.52889695850303,"sizeLabel":0,"colorLabel":"white","r":10,"width":20,"height":20,"relativeR":10,"relativeScaleR":1,"isHover":false,"color":"#1f77b4","stroke_color":"#1f77b4","strokeSize":1,"initial_color":"#1f77b4","initial_stroke_color":"#1f77b4","sketchPaths":[],"isFixed":false},{"city":"Saginaw","airport":"Mbs International","name":"Mbs International","lat":43.53291472,"country":"USA","iata":"MBS","type":"northEst","state":"MI","long":-84.07964722,"id":2202,"nbLiaisons":4,"nbPassengers":196,"x":380.7797397253558,"y":151.69327226875018,"sizeLabel":0,"colorLabel":"white","r":10,"width":20,"height":20,"relativeR":10,"relativeScaleR":1,"isHover":false,"color":"#1f77b4","stroke_color":"#1f77b4","strokeSize":1,"initial_color":"#1f77b4","initial_stroke_color":"#1f77b4","sketchPaths":[],"isFixed":false},{"city":"Allentown","airport":"Lehigh Valley International","name":"Lehigh Valley International","lat":40.65236278,"country":"USA","iata":"ABE","type":"northEst","state":"PA","long":-75.44040167,"id":759,"nbLiaisons":10,"nbPassengers":74,"x":422.3910901377962,"y":166.1786938370681,"sizeLabel":0,"colorLabel":"white","r":10,"width":20,"height":20,"relativeR":10,"relativeScaleR":1,"isHover":false,"color":"#1f77b4","stroke_color":"#1f77b4","strokeSize":1,"initial_color":"#1f77b4","initial_stroke_color":"#1f77b4","sketchPaths":[],"isFixed":false},{"city":"Moline","airport":"Quad City","name":"Quad City","lat":41.44852639,"country":"USA","iata":"MLI","type":"northEst","state":"IL","long":-90.50753917,"id":2275,"nbLiaisons":17,"nbPassengers":69,"x":603.2947347695437,"y":449.2197316849417,"sizeLabel":0,"colorLabel":"white","r":10,"width":20,"height":20,"relativeR":10,"relativeScaleR":1,"isHover":false,"color":"#1f77b4","stroke_color":"#1f77b4","strokeSize":1,"initial_color":"#1f77b4","initial_stroke_color":"#1f77b4","sketchPaths":[],"isFixed":false},{"city":"White Plains","airport":"Westchester Cty","name":"Westchester Cty","lat":41.06695778,"country":"USA","iata":"HPN","type":"northEst","state":"NY","long":-73.70757444,"id":1750,"nbLiaisons":14,"nbPassengers":87,"x":450.8147796188082,"y":249.32064286319957,"sizeLabel":0,"colorLabel":"white","r":10,"width":20,"height":20,"relativeR":10,"relativeScaleR":1,"isHover":false,"color":"#1f77b4","stroke_color":"#1f77b4","strokeSize":1,"initial_color":"#1f77b4","initial_stroke_color":"#1f77b4","sketchPaths":[],"isFixed":false},{"city":"Mosinee","airport":"Central Wisconsin","name":"Central Wisconsin","lat":44.77761917,"country":"USA","iata":"CWA","type":"northEst","state":"WI","long":-89.66677944,"id":1207,"nbLiaisons":2,"nbPassengers":181,"x":628.6955359099916,"y":225.98699781316424,"sizeLabel":0,"colorLabel":"white","r":10,"width":20,"height":20,"relativeR":10,"relativeScaleR":1,"isHover":false,"color":"#1f77b4","stroke_color":"#1f77b4","strokeSize":1,"initial_color":"#1f77b4","initial_stroke_color":"#1f77b4","sketchPaths":[],"isFixed":false},{"city":"Portland","airport":"Portland International Jetport","name":"Portland International Jetport","lat":43.64616667,"country":"USA","iata":"PWM","type":"northEst","state":"ME","long":-70.30875,"id":2708,"nbLiaisons":22,"nbPassengers":122,"x":536.680024177367,"y":382.0631418923717,"sizeLabel":0,"colorLabel":"white","r":10,"width":20,"height":20,"relativeR":10,"relativeScaleR":1,"isHover":false,"color":"#1f77b4","stroke_color":"#1f77b4","strokeSize":1,"initial_color":"#1f77b4","initial_stroke_color":"#1f77b4","sketchPaths":[],"isFixed":false},{"city":"New York","airport":"LaGuardia","name":"LaGuardia","lat":40.77724306,"country":"USA","iata":"LGA","type":"northEst","state":"NY","long":-73.87260917,"id":2061,"nbLiaisons":92,"nbPassengers":45,"x":503.53448383329066,"y":138.87958715345633,"sizeLabel":0,"colorLabel":"white","r":10,"width":20,"height":20,"relativeR":10,"relativeScaleR":1,"isHover":false,"color":"#1f77b4","stroke_color":"#1f77b4","strokeSize":1,"initial_color":"#1f77b4","initial_stroke_color":"#1f77b4","sketchPaths":[],"isFixed":false},{"city":"Rochester","airport":"Rochester International","name":"Rochester International","lat":43.90882639,"country":"USA","iata":"RST","type":"northEst","state":"MN","long":-92.49798722,"id":2809,"nbLiaisons":6,"nbPassengers":139,"x":448.1770574605019,"y":325.6979344900748,"sizeLabel":0,"colorLabel":"white","r":10,"width":20,"height":20,"relativeR":10,"relativeScaleR":1,"isHover":false,"color":"#1f77b4","stroke_color":"#1f77b4","strokeSize":1,"initial_color":"#1f77b4","initial_stroke_color":"#1f77b4","sketchPaths":[],"isFixed":false}],"links":[],"images":[],"freeDrawing":[]}