{"nodes":[{"city":"Sitka","airport":"Sitka","name":"Sitka","lat":57.04713806,"country":"USA","iata":"SIT","type":"northWest","state":"AK","long":-135.3615983,"id":2956,"nbLiaisons":4,"nbPassengers":50,"x":623.4138144856997,"y":-104.35763406457029,"sizeLabel":0,"colorLabel":"white","r":10,"width":20,"height":20,"relativeR":10,"relativeScaleR":1,"isHover":false,"color":"#ff7f0e","stroke_color":"#ff7f0e","strokeSize":1,"initial_color":"#ff7f0e","initial_stroke_color":"#ff7f0e","sketchPaths":[],"isFixed":false},{"city":"Boise","airport":"Boise Air Terminal","name":"Boise Air Terminal","lat":43.56444444,"country":"USA","iata":"BOI","type":"northWest","state":"ID","long":-116.2227778,"id":991,"nbLiaisons":31,"nbPassengers":145,"x":1046.7499856310847,"y":361.0074254828893,"sizeLabel":0,"colorLabel":"white","r":10,"width":20,"height":20,"relativeR":10,"relativeScaleR":1,"isHover":false,"color":"#ff7f0e","stroke_color":"#ff7f0e","strokeSize":1,"initial_color":"#ff7f0e","initial_stroke_color":"#ff7f0e","sketchPaths":[],"isFixed":false},{"city":"Casper","airport":"Natrona County Intl","name":"Natrona County Intl","lat":42.90835556,"country":"USA","iata":"CPR","type":"northWest","state":"WY","long":-106.4644661,"id":1172,"nbLiaisons":6,"nbPassengers":19,"x":753.6309556806033,"y":783.9033854596769,"sizeLabel":0,"colorLabel":"white","r":10,"width":20,"height":20,"relativeR":10,"relativeScaleR":1,"isHover":false,"color":"#ff7f0e","stroke_color":"#ff7f0e","strokeSize":1,"initial_color":"#ff7f0e","initial_stroke_color":"#ff7f0e","sketchPaths":[],"isFixed":false},{"city":"Pocatello","airport":"Pocatello Regional","name":"Pocatello Regional","lat":42.91130556,"country":"USA","iata":"PIH","type":"northWest","state":"ID","long":-112.5958611,"id":2622,"nbLiaisons":3,"nbPassengers":117,"x":945.6433976072614,"y":37.22336323990834,"sizeLabel":0,"colorLabel":"white","r":10,"width":20,"height":20,"relativeR":10,"relativeScaleR":1,"isHover":false,"color":"#ff7f0e","stroke_color":"#ff7f0e","strokeSize":1,"initial_color":"#ff7f0e","initial_stroke_color":"#ff7f0e","sketchPaths":[],"isFixed":false},{"city":"Butte","airport":"Bert Mooney","name":"Bert Mooney","lat":45.95479528,"country":"USA","iata":"BTM","type":"northWest","state":"MT","long":-112.49746,"id":1008,"nbLiaisons":2,"nbPassengers":199,"x":483.602484932324,"y":813.2055718927799,"sizeLabel":0,"colorLabel":"white","r":10,"width":20,"height":20,"relativeR":10,"relativeScaleR":1,"isHover":false,"color":"#ff7f0e","stroke_color":"#ff7f0e","strokeSize":1,"initial_color":"#ff7f0e","initial_stroke_color":"#ff7f0e","sketchPaths":[],"isFixed":false},{"city":"Rapid City","airport":"Rapid City Regional","name":"Rapid City Regional","lat":44.04532139,"country":"USA","iata":"RAP","type":"northWest","state":"SD","long":-103.0573708,"id":2745,"nbLiaisons":6,"nbPassengers":49,"x":1005.7422955040828,"y":419.5948144521152,"sizeLabel":0,"colorLabel":"white","r":10,"width":20,"height":20,"relativeR":10,"relativeScaleR":1,"isHover":false,"color":"#ff7f0e","stroke_color":"#ff7f0e","strokeSize":1,"initial_color":"#ff7f0e","initial_stroke_color":"#ff7f0e","sketchPaths":[],"isFixed":false},{"city":"Wrangell","airport":"Wrangell","name":"Wrangell","lat":56.48432583,"country":"USA","iata":"WRG","type":"northWest","state":"AK","long":-132.3698242,"id":3301,"nbLiaisons":4,"nbPassengers":63,"x":1009.2838439492224,"y":289.93729152395167,"sizeLabel":0,"colorLabel":"white","r":10,"width":20,"height":20,"relativeR":10,"relativeScaleR":1,"isHover":false,"color":"#ff7f0e","stroke_color":"#ff7f0e","strokeSize":1,"initial_color":"#ff7f0e","initial_stroke_color":"#ff7f0e","sketchPaths":[],"isFixed":false},{"city":"Jackson","airport":"Jackson Hole","name":"Jackson Hole","lat":43.60732417,"country":"USA","iata":"JAC","type":"northWest","state":"WY","long":-110.7377389,"id":1904,"nbLiaisons":14,"nbPassengers":180,"x":112.16803102106246,"y":499.42613767409824,"sizeLabel":0,"colorLabel":"white","r":10,"width":20,"height":20,"relativeR":10,"relativeScaleR":1,"isHover":false,"color":"#ff7f0e","stroke_color":"#ff7f0e","strokeSize":1,"initial_color":"#ff7f0e","initial_stroke_color":"#ff7f0e","sketchPaths":[],"isFixed":false},{"city":"Juneau","airport":"Juneau International","name":"Juneau International","lat":58.35496194,"country":"USA","iata":"JNU","type":"northWest","state":"AK","long":-134.5762764,"id":1925,"nbLiaisons":12,"nbPassengers":59,"x":73.46866179719487,"y":215.84547886406983,"sizeLabel":0,"colorLabel":"white","r":10,"width":20,"height":20,"relativeR":10,"relativeScaleR":1,"isHover":false,"color":"#ff7f0e","stroke_color":"#ff7f0e","strokeSize":1,"initial_color":"#ff7f0e","initial_stroke_color":"#ff7f0e","sketchPaths":[],"isFixed":false},{"city":"Bethel","airport":"Bethel","name":"Bethel","lat":60.77977639,"country":"USA","iata":"BET","type":"northWest","state":"AK","long":-161.8379975,"id":939,"nbLiaisons":2,"nbPassengers":30,"x":194.09623490958913,"y":676.7272960574197,"sizeLabel":0,"colorLabel":"white","r":10,"width":20,"height":20,"relativeR":10,"relativeScaleR":1,"isHover":false,"color":"#ff7f0e","stroke_color":"#ff7f0e","strokeSize":1,"initial_color":"#ff7f0e","initial_stroke_color":"#ff7f0e","sketchPaths":[],"isFixed":false},{"city":"Bozeman","airport":"Gallatin ","name":"Gallatin ","lat":45.77690139,"country":"USA","iata":"BZN","type":"northWest","state":"MT","long":-111.1530072,"id":1038,"nbLiaisons":12,"nbPassengers":93,"x":603.8419601907183,"y":825.4655368534111,"sizeLabel":0,"colorLabel":"white","r":10,"width":20,"height":20,"relativeR":10,"relativeScaleR":1,"isHover":false,"color":"#ff7f0e","stroke_color":"#ff7f0e","strokeSize":1,"initial_color":"#ff7f0e","initial_stroke_color":"#ff7f0e","sketchPaths":[],"isFixed":false},{"city":"Hayden","airport":"Yampa Valley","name":"Yampa Valley","lat":40.48118028,"country":"USA","iata":"HDN","type":"northWest","state":"CO","long":-107.2176597,"id":1703,"nbLiaisons":20,"nbPassengers":157,"x":847.8176268336383,"y":690.9036762339308,"sizeLabel":0,"colorLabel":"white","r":10,"width":20,"height":20,"relativeR":10,"relativeScaleR":1,"isHover":false,"color":"#ff7f0e","stroke_color":"#ff7f0e","strokeSize":1,"initial_color":"#ff7f0e","initial_stroke_color":"#ff7f0e","sketchPaths":[],"isFixed":false},{"city":"Crescent City","airport":"Jack McNamara ","name":"Jack McNamara ","lat":41.78015722,"country":"USA","iata":"CEC","type":"northWest","state":"CA","long":-124.2365333,"id":1087,"nbLiaisons":4,"nbPassengers":106,"x":730.1221390176328,"y":-120.30143975472754,"sizeLabel":0,"colorLabel":"white","r":10,"width":20,"height":20,"relativeR":10,"relativeScaleR":1,"isHover":false,"color":"#ff7f0e","stroke_color":"#ff7f0e","strokeSize":1,"initial_color":"#ff7f0e","initial_stroke_color":"#ff7f0e","sketchPaths":[],"isFixed":false},{"city":"Deadhorse","airport":"Deadhorse","name":"Deadhorse","lat":70.19475583,"country":"USA","iata":"SCC","type":"northWest","state":"AK","long":-148.4651608,"id":2898,"nbLiaisons":4,"nbPassengers":24,"x":952.1746573491416,"y":624.684983177134,"sizeLabel":0,"colorLabel":"white","r":10,"width":20,"height":20,"relativeR":10,"relativeScaleR":1,"isHover":false,"color":"#ff7f0e","stroke_color":"#ff7f0e","strokeSize":1,"initial_color":"#ff7f0e","initial_stroke_color":"#ff7f0e","sketchPaths":[],"isFixed":false},{"city":"Medford","airport":"Rogue Valley International","name":"Rogue Valley International","lat":42.37422778,"country":"USA","iata":"MFR","type":"northWest","state":"OR","long":-122.8734978,"id":2234,"nbLiaisons":12,"nbPassengers":134,"x":912.8560583386367,"y":558.1526197527629,"sizeLabel":0,"colorLabel":"white","r":10,"width":20,"height":20,"relativeR":10,"relativeScaleR":1,"isHover":false,"color":"#ff7f0e","stroke_color":"#ff7f0e","strokeSize":1,"initial_color":"#ff7f0e","initial_stroke_color":"#ff7f0e","sketchPaths":[],"isFixed":false},{"city":"Spokane","airport":"Spokane Intl","name":"Spokane Intl","lat":47.61985556,"country":"USA","iata":"GEG","type":"northWest","state":"WA","long":-117.5338425,"id":1595,"nbLiaisons":32,"nbPassengers":16,"x":116.63115819724393,"y":120.1740415194163,"sizeLabel":0,"colorLabel":"white","r":10,"width":20,"height":20,"relativeR":10,"relativeScaleR":1,"isHover":false,"color":"#ff7f0e","stroke_color":"#ff7f0e","strokeSize":1,"initial_color":"#ff7f0e","initial_stroke_color":"#ff7f0e","sketchPaths":[],"isFixed":false},{"city":"Anchorage","airport":"Ted Stevens Anchorage International","name":"Ted Stevens Anchorage International","lat":61.17432028,"country":"USA","iata":"ANC","type":"northWest","state":"AK","long":-149.9961856,"id":839,"nbLiaisons":35,"nbPassengers":47,"x":452.5393360383175,"y":-148.47079748327198,"sizeLabel":0,"colorLabel":"white","r":10,"width":20,"height":20,"relativeR":10,"relativeScaleR":1,"isHover":false,"color":"#ff7f0e","stroke_color":"#ff7f0e","strokeSize":1,"initial_color":"#ff7f0e","initial_stroke_color":"#ff7f0e","sketchPaths":[],"isFixed":false},{"city":"Yakima","airport":"Yakima Air Terminal","name":"Yakima Air Terminal","lat":46.56816972,"country":"USA","iata":"YKM","type":"northWest","state":"WA","long":-120.5440594,"id":3357,"nbLiaisons":2,"nbPassengers":122,"x":205.32755792563466,"y":20.906022299012793,"sizeLabel":0,"colorLabel":"white","r":10,"width":20,"height":20,"relativeR":10,"relativeScaleR":1,"isHover":false,"color":"#ff7f0e","stroke_color":"#ff7f0e","strokeSize":1,"initial_color":"#ff7f0e","initial_stroke_color":"#ff7f0e","sketchPaths":[],"isFixed":false},{"city":"Missoula","airport":"Missoula International","name":"Missoula International","lat":46.91630556,"country":"USA","iata":"MSO","type":"northWest","state":"MT","long":-114.0905556,"id":2326,"nbLiaisons":4,"nbPassengers":145,"x":777.3324884684066,"y":-10.320458604833666,"sizeLabel":0,"colorLabel":"white","r":10,"width":20,"height":20,"relativeR":10,"relativeScaleR":1,"isHover":false,"color":"#ff7f0e","stroke_color":"#ff7f0e","strokeSize":1,"initial_color":"#ff7f0e","initial_stroke_color":"#ff7f0e","sketchPaths":[],"isFixed":false},{"city":"Pasco","airport":"Tri-Cities","name":"Tri-Cities","lat":46.26468028,"country":"USA","iata":"PSC","type":"northWest","state":"WA","long":-119.1190292,"id":2673,"nbLiaisons":5,"nbPassengers":69,"x":959.5060491833783,"y":194.0192733773321,"sizeLabel":0,"colorLabel":"white","r":10,"width":20,"height":20,"relativeR":10,"relativeScaleR":1,"isHover":false,"color":"#ff7f0e","stroke_color":"#ff7f0e","strokeSize":1,"initial_color":"#ff7f0e","initial_stroke_color":"#ff7f0e","sketchPaths":[],"isFixed":false},{"city":"Petersburg","airport":"James C. Johnson Petersburg","name":"James C. Johnson Petersburg","lat":56.80165194,"country":"USA","iata":"PSG","type":"northWest","state":"AK","long":-132.9452781,"id":2676,"nbLiaisons":4,"nbPassengers":11,"x":813.8934830854957,"y":68.60591013105113,"sizeLabel":0,"colorLabel":"white","r":10,"width":20,"height":20,"relativeR":10,"relativeScaleR":1,"isHover":false,"color":"#ff7f0e","stroke_color":"#ff7f0e","strokeSize":1,"initial_color":"#ff7f0e","initial_stroke_color":"#ff7f0e","sketchPaths":[],"isFixed":false},{"city":"Minot","airport":"Minot International","name":"Minot International","lat":48.25937778,"country":"USA","iata":"MOT","type":"northWest","state":"ND","long":-101.2803339,"id":2300,"nbLiaisons":2,"nbPassengers":109,"x":710.6244290487895,"y":708.6747771623815,"sizeLabel":0,"colorLabel":"white","r":10,"width":20,"height":20,"relativeR":10,"relativeScaleR":1,"isHover":false,"color":"#ff7f0e","stroke_color":"#ff7f0e","strokeSize":1,"initial_color":"#ff7f0e","initial_stroke_color":"#ff7f0e","sketchPaths":[],"isFixed":false},{"city":"Helena","airport":"Helena Regional","name":"Helena Regional","lat":46.60681806,"country":"USA","iata":"HLN","type":"northWest","state":"MT","long":-111.9827503,"id":1731,"nbLiaisons":4,"nbPassengers":55,"x":900.4793269205776,"y":442.316678843677,"sizeLabel":0,"colorLabel":"white","r":10,"width":20,"height":20,"relativeR":10,"relativeScaleR":1,"isHover":false,"color":"#ff7f0e","stroke_color":"#ff7f0e","strokeSize":1,"initial_color":"#ff7f0e","initial_stroke_color":"#ff7f0e","sketchPaths":[],"isFixed":false},{"city":"Elko","airport":"Elko Regional","name":"Elko Regional","lat":40.82492611,"country":"USA","iata":"EKO","type":"northWest","state":"NV","long":-115.7916964,"id":1382,"nbLiaisons":3,"nbPassengers":192,"x":869.5120406409326,"y":723.4231370084246,"sizeLabel":0,"colorLabel":"white","r":10,"width":20,"height":20,"relativeR":10,"relativeScaleR":1,"isHover":false,"color":"#ff7f0e","stroke_color":"#ff7f0e","strokeSize":1,"initial_color":"#ff7f0e","initial_stroke_color":"#ff7f0e","sketchPaths":[],"isFixed":false},{"city":"Hailey","airport":"Friedman Memorial","name":"Friedman Memorial","lat":43.50484139,"country":"USA","iata":"SUN","type":"northWest","state":"ID","long":-114.2965903,"id":3028,"nbLiaisons":2,"nbPassengers":10,"x":437.72138781991606,"y":777.398583718341,"sizeLabel":0,"colorLabel":"white","r":10,"width":20,"height":20,"relativeR":10,"relativeScaleR":1,"isHover":false,"color":"#ff7f0e","stroke_color":"#ff7f0e","strokeSize":1,"initial_color":"#ff7f0e","initial_stroke_color":"#ff7f0e","sketchPaths":[],"isFixed":false},{"city":"Cody","airport":"Yellowstone Regional","name":"Yellowstone Regional","lat":44.52019417,"country":"USA","iata":"COD","type":"northWest","state":"WY","long":-109.0237961,"id":1160,"nbLiaisons":4,"nbPassengers":61,"x":282.15256174582964,"y":691.0712524739689,"sizeLabel":0,"colorLabel":"white","r":10,"width":20,"height":20,"relativeR":10,"relativeScaleR":1,"isHover":false,"color":"#ff7f0e","stroke_color":"#ff7f0e","strokeSize":1,"initial_color":"#ff7f0e","initial_stroke_color":"#ff7f0e","sketchPaths":[],"isFixed":false},{"city":"Idaho Falls","airport":"Idaho Falls Regional","name":"Idaho Falls Regional","lat":43.51455556,"country":"USA","iata":"IDA","type":"northWest","state":"ID","long":-112.0701667,"id":1842,"nbLiaisons":7,"nbPassengers":90,"x":885.7213604310323,"y":51.87668918547587,"sizeLabel":0,"colorLabel":"white","r":10,"width":20,"height":20,"relativeR":10,"relativeScaleR":1,"isHover":false,"color":"#ff7f0e","stroke_color":"#ff7f0e","strokeSize":1,"initial_color":"#ff7f0e","initial_stroke_color":"#ff7f0e","sketchPaths":[],"isFixed":false},{"city":"Kalispell","airport":"Glacier Park Intl","name":"Glacier Park Intl","lat":48.31140472,"country":"USA","iata":"FCA","type":"northWest","state":"MT","long":-114.2550694,"id":1493,"nbLiaisons":6,"nbPassengers":170,"x":862.475737078945,"y":-24.889302257747875,"sizeLabel":0,"colorLabel":"white","r":10,"width":20,"height":20,"relativeR":10,"relativeScaleR":1,"isHover":false,"color":"#ff7f0e","stroke_color":"#ff7f0e","strokeSize":1,"initial_color":"#ff7f0e","initial_stroke_color":"#ff7f0e","sketchPaths":[],"isFixed":false},{"city":"Arcata/Eureka","airport":"Arcata","name":"Arcata","lat":40.97811528,"country":"USA","iata":"ACV","type":"northWest","state":"CA","long":-124.1086189,"id":770,"nbLiaisons":6,"nbPassengers":35,"x":348.9256508800918,"y":-52.26835531813125,"sizeLabel":0,"colorLabel":"white","r":10,"width":20,"height":20,"relativeR":10,"relativeScaleR":1,"isHover":false,"color":"#ff7f0e","stroke_color":"#ff7f0e","strokeSize":1,"initial_color":"#ff7f0e","initial_stroke_color":"#ff7f0e","sketchPaths":[],"isFixed":false},{"city":"Seattle","airport":"Seattle-Tacoma Intl","name":"Seattle-Tacoma Intl","lat":47.44898194,"country":"USA","iata":"SEA","type":"northWest","state":"WA","long":-122.3093131,"id":2921,"nbLiaisons":101,"nbPassengers":88,"x":964.4523757491643,"y":112.45666864019888,"sizeLabel":0,"colorLabel":"white","r":10,"width":20,"height":20,"relativeR":10,"relativeScaleR":1,"isHover":false,"color":"#ff7f0e","stroke_color":"#ff7f0e","strokeSize":1,"initial_color":"#ff7f0e","initial_stroke_color":"#ff7f0e","sketchPaths":[],"isFixed":false},{"city":"Salt Lake City","airport":"Salt Lake City Intl","name":"Salt Lake City Intl","lat":40.78838778,"country":"USA","iata":"SLC","type":"northWest","state":"UT","long":-111.9777731,"id":2969,"nbLiaisons":183,"nbPassengers":94,"x":263.12233281284773,"y":720.7697753467862,"sizeLabel":0,"colorLabel":"white","r":10,"width":20,"height":20,"relativeR":10,"relativeScaleR":1,"isHover":false,"color":"#ff7f0e","stroke_color":"#ff7f0e","strokeSize":1,"initial_color":"#ff7f0e","initial_stroke_color":"#ff7f0e","sketchPaths":[],"isFixed":false},{"city":"Great Falls","airport":"Great Falls Intl","name":"Great Falls Intl","lat":47.48200194,"country":"USA","iata":"GTF","type":"northWest","state":"MT","long":-111.3706853,"id":1652,"nbLiaisons":6,"nbPassengers":177,"x":923.4454927668995,"y":475.46822746980234,"sizeLabel":0,"colorLabel":"white","r":10,"width":20,"height":20,"relativeR":10,"relativeScaleR":1,"isHover":false,"color":"#ff7f0e","stroke_color":"#ff7f0e","strokeSize":1,"initial_color":"#ff7f0e","initial_stroke_color":"#ff7f0e","sketchPaths":[],"isFixed":false},{"city":"Portland","airport":"Portland Intl","name":"Portland Intl","lat":45.58872222,"country":"USA","iata":"PDX","type":"northWest","state":"OR","long":-122.5975,"id":2596,"nbLiaisons":78,"nbPassengers":110,"x":259.7575752529673,"y":-44.17663691616275,"sizeLabel":0,"colorLabel":"white","r":10,"width":20,"height":20,"relativeR":10,"relativeScaleR":1,"isHover":false,"color":"#ff7f0e","stroke_color":"#ff7f0e","strokeSize":1,"initial_color":"#ff7f0e","initial_stroke_color":"#ff7f0e","sketchPaths":[],"isFixed":false},{"city":"Eugene","airport":"Mahlon Sweet ","name":"Mahlon Sweet ","lat":44.12326,"country":"USA","iata":"EUG","type":"northWest","state":"OR","long":-123.2186856,"id":1425,"nbLiaisons":14,"nbPassengers":35,"x":1017.5808643686139,"y":497.15732797844254,"sizeLabel":0,"colorLabel":"white","r":10,"width":20,"height":20,"relativeR":10,"relativeScaleR":1,"isHover":false,"color":"#ff7f0e","stroke_color":"#ff7f0e","strokeSize":1,"initial_color":"#ff7f0e","initial_stroke_color":"#ff7f0e","sketchPaths":[],"isFixed":false},{"city":"Redding","airport":"Redding Municipal","name":"Redding Municipal","lat":40.50898361,"country":"USA","iata":"RDD","type":"northWest","state":"CA","long":-122.2934019,"id":2755,"nbLiaisons":2,"nbPassengers":96,"x":598.9217489458657,"y":771.7334906424105,"sizeLabel":0,"colorLabel":"white","r":10,"width":20,"height":20,"relativeR":10,"relativeScaleR":1,"isHover":false,"color":"#ff7f0e","stroke_color":"#ff7f0e","strokeSize":1,"initial_color":"#ff7f0e","initial_stroke_color":"#ff7f0e","sketchPaths":[],"isFixed":false},{"city":"Yakutat","airport":"Yakutat","name":"Yakutat","lat":59.50336056,"country":"USA","iata":"YAK","type":"northWest","state":"AK","long":-139.6602261,"id":3354,"nbLiaisons":4,"nbPassengers":26,"x":769.766013400339,"y":-56.81277959751922,"sizeLabel":0,"colorLabel":"white","r":10,"width":20,"height":20,"relativeR":10,"relativeScaleR":1,"isHover":false,"color":"#ff7f0e","stroke_color":"#ff7f0e","strokeSize":1,"initial_color":"#ff7f0e","initial_stroke_color":"#ff7f0e","sketchPaths":[],"isFixed":false},{"city":"Bellingham","airport":"Bellingham Intl","name":"Bellingham Intl","lat":48.79275,"country":"USA","iata":"BLI","type":"northWest","state":"WA","long":-122.5375278,"id":976,"nbLiaisons":2,"nbPassengers":5,"x":119.61584799710674,"y":204.45425108590675,"sizeLabel":0,"colorLabel":"white","r":10,"width":20,"height":20,"relativeR":10,"relativeScaleR":1,"isHover":false,"color":"#ff7f0e","stroke_color":"#ff7f0e","strokeSize":1,"initial_color":"#ff7f0e","initial_stroke_color":"#ff7f0e","sketchPaths":[],"isFixed":false},{"city":"Nome","airport":"Nome","name":"Nome","lat":64.51220222,"country":"USA","iata":"OME","type":"northWest","state":"AK","long":-165.4452458,"id":2508,"nbLiaisons":4,"nbPassengers":35,"x":972.2488108338123,"y":345.30203697795656,"sizeLabel":0,"colorLabel":"white","r":10,"width":20,"height":20,"relativeR":10,"relativeScaleR":1,"isHover":false,"color":"#ff7f0e","stroke_color":"#ff7f0e","strokeSize":1,"initial_color":"#ff7f0e","initial_stroke_color":"#ff7f0e","sketchPaths":[],"isFixed":false},{"city":"Barrow","airport":"Wiley Post Will Rogers Memorial","name":"Wiley Post Will Rogers Memorial","lat":71.2854475,"country":"USA","iata":"BRW","type":"northWest","state":"AK","long":-156.7660019,"id":1003,"nbLiaisons":4,"nbPassengers":193,"x":789.0237881055787,"y":696.9039555397576,"sizeLabel":0,"colorLabel":"white","r":10,"width":20,"height":20,"relativeR":10,"relativeScaleR":1,"isHover":false,"color":"#ff7f0e","stroke_color":"#ff7f0e","strokeSize":1,"initial_color":"#ff7f0e","initial_stroke_color":"#ff7f0e","sketchPaths":[],"isFixed":false},{"city":"Cordova","airport":"Merle K (Mudhole) Smith","name":"Merle K (Mudhole) Smith","lat":60.49183389,"country":"USA","iata":"CDV","type":"northWest","state":"AK","long":-145.4776503,"id":1085,"nbLiaisons":4,"nbPassengers":171,"x":353.60298498525617,"y":681.6721011416754,"sizeLabel":0,"colorLabel":"white","r":10,"width":20,"height":20,"relativeR":10,"relativeScaleR":1,"isHover":false,"color":"#ff7f0e","stroke_color":"#ff7f0e","strokeSize":1,"initial_color":"#ff7f0e","initial_stroke_color":"#ff7f0e","sketchPaths":[],"isFixed":false},{"city":"Twin Falls","airport":"Joslin Field - Magic Valley","name":"Joslin Field - Magic Valley","lat":42.48180389,"country":"USA","iata":"TWF","type":"northWest","state":"ID","long":-114.4877356,"id":3157,"nbLiaisons":7,"nbPassengers":1,"x":619.8435393851535,"y":-65.05873688373237,"sizeLabel":0,"colorLabel":"white","r":10,"width":20,"height":20,"relativeR":10,"relativeScaleR":1,"isHover":false,"color":"#ff7f0e","stroke_color":"#ff7f0e","strokeSize":1,"initial_color":"#ff7f0e","initial_stroke_color":"#ff7f0e","sketchPaths":[],"isFixed":false},{"city":"Lewiston","airport":"Lewiston-Nez Perce County","name":"Lewiston-Nez Perce County","lat":46.37449806,"country":"USA","iata":"LWS","type":"northWest","state":"ID","long":-117.0153944,"id":2124,"nbLiaisons":1,"nbPassengers":117,"x":345.18969379868105,"y":783.9689399792742,"sizeLabel":0,"colorLabel":"white","r":10,"width":20,"height":20,"relativeR":10,"relativeScaleR":1,"isHover":false,"color":"#ff7f0e","stroke_color":"#ff7f0e","strokeSize":1,"initial_color":"#ff7f0e","initial_stroke_color":"#ff7f0e","sketchPaths":[],"isFixed":false},{"city":"Kodiak","airport":"Kodiak ","name":"Kodiak ","lat":57.74996778,"country":"USA","iata":"ADQ","type":"northWest","state":"AK","long":-152.4938553,"id":778,"nbLiaisons":2,"nbPassengers":196,"x":911.1302550285793,"y":175.08337686420032,"sizeLabel":0,"colorLabel":"white","r":10,"width":20,"height":20,"relativeR":10,"relativeScaleR":1,"isHover":false,"color":"#ff7f0e","stroke_color":"#ff7f0e","strokeSize":1,"initial_color":"#ff7f0e","initial_stroke_color":"#ff7f0e","sketchPaths":[],"isFixed":false},{"city":"Bismarck","airport":"Bismarck Municipal","name":"Bismarck Municipal","lat":46.77411111,"country":"USA","iata":"BIS","type":"northWest","state":"ND","long":-100.7467222,"id":963,"nbLiaisons":4,"nbPassengers":40,"x":959.5319872467344,"y":554.0643638095514,"sizeLabel":0,"colorLabel":"white","r":10,"width":20,"height":20,"relativeR":10,"relativeScaleR":1,"isHover":false,"color":"#ff7f0e","stroke_color":"#ff7f0e","strokeSize":1,"initial_color":"#ff7f0e","initial_stroke_color":"#ff7f0e","sketchPaths":[],"isFixed":false},{"city":"Billings","airport":"Billings Logan Intl","name":"Billings Logan Intl","lat":45.8076625,"country":"USA","iata":"BIL","type":"northWest","state":"MT","long":-108.5428611,"id":962,"nbLiaisons":7,"nbPassengers":173,"x":1024.017147187011,"y":216.5498125132643,"sizeLabel":0,"colorLabel":"white","r":10,"width":20,"height":20,"relativeR":10,"relativeScaleR":1,"isHover":false,"color":"#ff7f0e","stroke_color":"#ff7f0e","strokeSize":1,"initial_color":"#ff7f0e","initial_stroke_color":"#ff7f0e","sketchPaths":[],"isFixed":false},{"city":"Redmond","airport":"Roberts ","name":"Roberts ","lat":44.25406722,"country":"USA","iata":"RDM","type":"northWest","state":"OR","long":-121.1499633,"id":2758,"nbLiaisons":6,"nbPassengers":119,"x":419.42874376736324,"y":-109.41306722020865,"sizeLabel":0,"colorLabel":"white","r":10,"width":20,"height":20,"relativeR":10,"relativeScaleR":1,"isHover":false,"color":"#ff7f0e","stroke_color":"#ff7f0e","strokeSize":1,"initial_color":"#ff7f0e","initial_stroke_color":"#ff7f0e","sketchPaths":[],"isFixed":false},{"city":"Kotzebue","airport":"Ralph Wien Memorial","name":"Ralph Wien Memorial","lat":66.88467694,"country":"USA","iata":"OTZ","type":"northWest","state":"AK","long":-162.5985497,"id":2548,"nbLiaisons":4,"nbPassengers":103,"x":54.92558231220676,"y":360.0989674685479,"sizeLabel":0,"colorLabel":"white","r":10,"width":20,"height":20,"relativeR":10,"relativeScaleR":1,"isHover":false,"color":"#ff7f0e","stroke_color":"#ff7f0e","strokeSize":1,"initial_color":"#ff7f0e","initial_stroke_color":"#ff7f0e","sketchPaths":[],"isFixed":false},{"city":"Fairbanks","airport":"Fairbanks International","name":"Fairbanks International","lat":64.8136775,"country":"USA","iata":"FAI","type":"northWest","state":"AK","long":-147.8596694,"id":1484,"nbLiaisons":7,"nbPassengers":103,"x":672.3572012117072,"y":787.1545473325868,"sizeLabel":0,"colorLabel":"white","r":10,"width":20,"height":20,"relativeR":10,"relativeScaleR":1,"isHover":false,"color":"#ff7f0e","stroke_color":"#ff7f0e","strokeSize":1,"initial_color":"#ff7f0e","initial_stroke_color":"#ff7f0e","sketchPaths":[],"isFixed":false},{"city":"Ketchikan","airport":"Ketchikan International","name":"Ketchikan International","lat":55.35556861,"country":"USA","iata":"KTN","type":"northWest","state":"AK","long":-131.71374,"id":1997,"nbLiaisons":8,"nbPassengers":115,"x":594.34429277699,"y":-146.3880451110053,"sizeLabel":0,"colorLabel":"white","r":10,"width":20,"height":20,"relativeR":10,"relativeScaleR":1,"isHover":false,"color":"#ff7f0e","stroke_color":"#ff7f0e","strokeSize":1,"initial_color":"#ff7f0e","initial_stroke_color":"#ff7f0e","sketchPaths":[],"isFixed":false},{"city":"Salem","airport":"McNary Fld","name":"McNary Fld","lat":44.90952778,"country":"USA","iata":"SLE","type":"northWest","state":"OR","long":-123.0025,"id":2970,"nbLiaisons":2,"nbPassengers":60,"x":124.08941579689156,"y":567.9800707315019,"sizeLabel":0,"colorLabel":"white","r":10,"width":20,"height":20,"relativeR":10,"relativeScaleR":1,"isHover":false,"color":"#ff7f0e","stroke_color":"#ff7f0e","strokeSize":1,"initial_color":"#ff7f0e","initial_stroke_color":"#ff7f0e","sketchPaths":[],"isFixed":false},{"city":"New York","airport":"John F Kennedy Intl","name":"John F Kennedy Intl","lat":40.63975111,"country":"USA","iata":"JFK","type":"northEst","state":"NY","long":-73.77892556,"id":1915,"nbLiaisons":119,"nbPassengers":95,"x":509.4916246214007,"y":26.660000085436913,"sizeLabel":0,"colorLabel":"white","r":10,"width":20,"height":20,"relativeR":10,"relativeScaleR":1,"isHover":false,"color":"#1f77b4","stroke_color":"#1f77b4","strokeSize":1,"initial_color":"#1f77b4","initial_stroke_color":"#1f77b4","sketchPaths":[],"isFixed":false},{"city":"Bloomington","airport":"Central Illinois Regional","name":"Central Illinois Regional","lat":40.47798556,"country":"USA","iata":"BMI","type":"northEst","state":"IL","long":-88.91595278,"id":981,"nbLiaisons":7,"nbPassengers":123,"x":208.15354216018008,"y":200.70652286748668,"sizeLabel":0,"colorLabel":"white","r":10,"width":20,"height":20,"relativeR":10,"relativeScaleR":1,"isHover":false,"color":"#1f77b4","stroke_color":"#1f77b4","strokeSize":1,"initial_color":"#1f77b4","initial_stroke_color":"#1f77b4","sketchPaths":[],"isFixed":false},{"city":"Boston","airport":"Gen Edw L Logan Intl","name":"Gen Edw L Logan Intl","lat":42.3643475,"country":"USA","iata":"BOS","type":"northEst","state":"MA","long":-71.00517917,"id":993,"nbLiaisons":101,"nbPassengers":36,"x":396.96747027454865,"y":605.8936790499923,"sizeLabel":0,"colorLabel":"white","r":10,"width":20,"height":20,"relativeR":10,"relativeScaleR":1,"isHover":false,"color":"#1f77b4","stroke_color":"#1f77b4","strokeSize":1,"initial_color":"#1f77b4","initial_stroke_color":"#1f77b4","sketchPaths":[],"isFixed":false},{"city":"Fort Wayne","airport":"Fort Wayne International","name":"Fort Wayne International","lat":40.97846583,"country":"USA","iata":"FWA","type":"northEst","state":"IN","long":-85.19514639,"id":1559,"nbLiaisons":8,"nbPassengers":74,"x":170.8029742295718,"y":422.6893302935262,"sizeLabel":0,"colorLabel":"white","r":10,"width":20,"height":20,"relativeR":10,"relativeScaleR":1,"isHover":false,"color":"#1f77b4","stroke_color":"#1f77b4","strokeSize":1,"initial_color":"#1f77b4","initial_stroke_color":"#1f77b4","sketchPaths":[],"isFixed":false},{"city":"Bangor","airport":"Bangor International","name":"Bangor International","lat":44.80744444,"country":"USA","iata":"BGR","type":"northEst","state":"ME","long":-68.82813889,"id":953,"nbLiaisons":6,"nbPassengers":75,"x":524.5498648938336,"y":-27.880252174083964,"sizeLabel":0,"colorLabel":"white","r":10,"width":20,"height":20,"relativeR":10,"relativeScaleR":1,"isHover":false,"color":"#1f77b4","stroke_color":"#1f77b4","strokeSize":1,"initial_color":"#1f77b4","initial_stroke_color":"#1f77b4","sketchPaths":[],"isFixed":false},{"city":"Flint","airport":"Bishop","name":"Bishop","lat":42.96550333,"country":"USA","iata":"FNT","type":"northEst","state":"MI","long":-83.74345639,"id":1532,"nbLiaisons":18,"nbPassengers":25,"x":254.54233678353123,"y":404.82747266341204,"sizeLabel":0,"colorLabel":"white","r":10,"width":20,"height":20,"relativeR":10,"relativeScaleR":1,"isHover":false,"color":"#1f77b4","stroke_color":"#1f77b4","strokeSize":1,"initial_color":"#1f77b4","initial_stroke_color":"#1f77b4","sketchPaths":[],"isFixed":false},{"city":"Peoria","airport":"Greater Peoria Regional","name":"Greater Peoria Regional","lat":40.66424333,"country":"USA","iata":"PIA","type":"northEst","state":"IL","long":-89.69330556,"id":2619,"nbLiaisons":10,"nbPassengers":189,"x":144.76488621099313,"y":265.6762291454174,"sizeLabel":0,"colorLabel":"white","r":10,"width":20,"height":20,"relativeR":10,"relativeScaleR":1,"isHover":false,"color":"#1f77b4","stroke_color":"#1f77b4","strokeSize":1,"initial_color":"#1f77b4","initial_stroke_color":"#1f77b4","sketchPaths":[],"isFixed":false},{"city":"NA","airport":"Marquette County Airport","name":"Marquette County Airport","lat":46.353639,"country":"USA","iata":"MQT","type":"northEst","state":"NA","long":-87.395361,"id":2312,"nbLiaisons":2,"nbPassengers":84,"x":392.5759402896912,"y":-13.375723641966589,"sizeLabel":0,"colorLabel":"white","r":10,"width":20,"height":20,"relativeR":10,"relativeScaleR":1,"isHover":false,"color":"#1f77b4","stroke_color":"#1f77b4","strokeSize":1,"initial_color":"#1f77b4","initial_stroke_color":"#1f77b4","sketchPaths":[],"isFixed":false},{"city":"Pittsburgh","airport":"Pittsburgh International","name":"Pittsburgh International","lat":40.49146583,"country":"USA","iata":"PIT","type":"northEst","state":"PA","long":-80.23287083,"id":2626,"nbLiaisons":61,"nbPassengers":42,"x":206.4718478944297,"y":301.2205819517113,"sizeLabel":0,"colorLabel":"white","r":10,"width":20,"height":20,"relativeR":10,"relativeScaleR":1,"isHover":false,"color":"#1f77b4","stroke_color":"#1f77b4","strokeSize":1,"initial_color":"#1f77b4","initial_stroke_color":"#1f77b4","sketchPaths":[],"isFixed":false},{"city":"Waterloo","airport":"Waterloo Municipal","name":"Waterloo Municipal","lat":42.55708139,"country":"USA","iata":"ALO","type":"northEst","state":"IA","long":-92.40034361,"id":829,"nbLiaisons":1,"nbPassengers":2,"x":459.05623831317354,"y":704.8120384438904,"sizeLabel":0,"colorLabel":"white","r":10,"width":20,"height":20,"relativeR":10,"relativeScaleR":1,"isHover":false,"color":"#1f77b4","stroke_color":"#1f77b4","strokeSize":1,"initial_color":"#1f77b4","initial_stroke_color":"#1f77b4","sketchPaths":[],"isFixed":false},{"city":"Lansing","airport":"Capital City","name":"Capital City","lat":42.7787,"country":"USA","iata":"LAN","type":"northEst","state":"MI","long":-84.58735806,"id":2035,"nbLiaisons":8,"nbPassengers":100,"x":714.2986708435852,"y":170.24822964513123,"sizeLabel":0,"colorLabel":"white","r":10,"width":20,"height":20,"relativeR":10,"relativeScaleR":1,"isHover":false,"color":"#1f77b4","stroke_color":"#1f77b4","strokeSize":1,"initial_color":"#1f77b4","initial_stroke_color":"#1f77b4","sketchPaths":[],"isFixed":false},{"city":"Rhinelander","airport":"Rhinelander-Oneida County","name":"Rhinelander-Oneida County","lat":45.63119306,"country":"USA","iata":"RHI","type":"northEst","state":"WI","long":-89.46745361,"id":2766,"nbLiaisons":2,"nbPassengers":31,"x":822.9693333126532,"y":183.92566493402398,"sizeLabel":0,"colorLabel":"white","r":10,"width":20,"height":20,"relativeR":10,"relativeScaleR":1,"isHover":false,"color":"#1f77b4","stroke_color":"#1f77b4","strokeSize":1,"initial_color":"#1f77b4","initial_stroke_color":"#1f77b4","sketchPaths":[],"isFixed":false},{"city":"Dubuque","airport":"Dubuque Municipal","name":"Dubuque Municipal","lat":42.40295944,"country":"USA","iata":"DBQ","type":"northEst","state":"IA","long":-90.70916722,"id":1252,"nbLiaisons":2,"nbPassengers":59,"x":202.54187875162947,"y":377.50382278436814,"sizeLabel":0,"colorLabel":"white","r":10,"width":20,"height":20,"relativeR":10,"relativeScaleR":1,"isHover":false,"color":"#1f77b4","stroke_color":"#1f77b4","strokeSize":1,"initial_color":"#1f77b4","initial_stroke_color":"#1f77b4","sketchPaths":[],"isFixed":false},{"city":"Champaign/Urbana","airport":"University of Illinois-Willard","name":"University of Illinois-Willard","lat":40.03925,"country":"USA","iata":"CMI","type":"northEst","state":"IL","long":-88.27805556,"id":1148,"nbLiaisons":4,"nbPassengers":101,"x":851.5849553375128,"y":399.97312390922724,"sizeLabel":0,"colorLabel":"white","r":10,"width":20,"height":20,"relativeR":10,"relativeScaleR":1,"isHover":false,"color":"#1f77b4","stroke_color":"#1f77b4","strokeSize":1,"initial_color":"#1f77b4","initial_stroke_color":"#1f77b4","sketchPaths":[],"isFixed":false},{"city":"Detroit","airport":"Detroit Metropolitan-Wayne County","name":"Detroit Metropolitan-Wayne County","lat":42.21205889,"country":"USA","iata":"DTW","type":"northEst","state":"MI","long":-83.34883583,"id":1305,"nbLiaisons":216,"nbPassengers":47,"x":880.5354961505345,"y":411.0351916357213,"sizeLabel":0,"colorLabel":"white","r":10,"width":20,"height":20,"relativeR":10,"relativeScaleR":1,"isHover":false,"color":"#1f77b4","stroke_color":"#1f77b4","strokeSize":1,"initial_color":"#1f77b4","initial_stroke_color":"#1f77b4","sketchPaths":[],"isFixed":false},{"city":"La Crosse","airport":"La Crosse Municipal","name":"La Crosse Municipal","lat":43.87937972,"country":"USA","iata":"LSE","type":"northEst","state":"WI","long":-91.25653778,"id":2107,"nbLiaisons":4,"nbPassengers":57,"x":764.8906100130184,"y":93.38768330943248,"sizeLabel":0,"colorLabel":"white","r":10,"width":20,"height":20,"relativeR":10,"relativeScaleR":1,"isHover":false,"color":"#1f77b4","stroke_color":"#1f77b4","strokeSize":1,"initial_color":"#1f77b4","initial_stroke_color":"#1f77b4","sketchPaths":[],"isFixed":false},{"city":"Syracuse","airport":"Syracuse-Hancock Intl","name":"Syracuse-Hancock Intl","lat":43.11118694,"country":"USA","iata":"SYR","type":"northEst","state":"NY","long":-76.10631056,"id":3048,"nbLiaisons":22,"nbPassengers":156,"x":456.5630413071538,"y":609.1894774158163,"sizeLabel":0,"colorLabel":"white","r":10,"width":20,"height":20,"relativeR":10,"relativeScaleR":1,"isHover":false,"color":"#1f77b4","stroke_color":"#1f77b4","strokeSize":1,"initial_color":"#1f77b4","initial_stroke_color":"#1f77b4","sketchPaths":[],"isFixed":false},{"city":"Rochester","airport":"Greater Rochester Int'l","name":"Greater Rochester Int'l","lat":43.11886611,"country":"USA","iata":"ROC","type":"northEst","state":"NY","long":-77.67238389,"id":2792,"nbLiaisons":28,"nbPassengers":19,"x":448.17674670441346,"y":195.6781032302535,"sizeLabel":0,"colorLabel":"white","r":10,"width":20,"height":20,"relativeR":10,"relativeScaleR":1,"isHover":false,"color":"#1f77b4","stroke_color":"#1f77b4","strokeSize":1,"initial_color":"#1f77b4","initial_stroke_color":"#1f77b4","sketchPaths":[],"isFixed":false},{"city":"Sioux City","airport":"Sioux Gateway ","name":"Sioux Gateway ","lat":42.40260333,"country":"USA","iata":"SUX","type":"northEst","state":"IA","long":-96.38436694,"id":3032,"nbLiaisons":2,"nbPassengers":125,"x":304.0445822401479,"y":154.81295645651278,"sizeLabel":0,"colorLabel":"white","r":10,"width":20,"height":20,"relativeR":10,"relativeScaleR":1,"isHover":false,"color":"#1f77b4","stroke_color":"#1f77b4","strokeSize":1,"initial_color":"#1f77b4","initial_stroke_color":"#1f77b4","sketchPaths":[],"isFixed":false},{"city":"Buffalo","airport":"Buffalo Niagara Intl","name":"Buffalo Niagara Intl","lat":42.94052472,"country":"USA","iata":"BUF","type":"northEst","state":"NY","long":-78.73216667,"id":1016,"nbLiaisons":33,"nbPassengers":124,"x":791.3069842339786,"y":527.5403820872982,"sizeLabel":0,"colorLabel":"white","r":10,"width":20,"height":20,"relativeR":10,"relativeScaleR":1,"isHover":false,"color":"#1f77b4","stroke_color":"#1f77b4","strokeSize":1,"initial_color":"#1f77b4","initial_stroke_color":"#1f77b4","sketchPaths":[],"isFixed":false},{"city":"Grand Rapids","airport":"Kent County International","name":"Kent County International","lat":42.88081972,"country":"USA","iata":"GRR","type":"northEst","state":"MI","long":-85.52276778,"id":1646,"nbLiaisons":26,"nbPassengers":57,"x":173.85242499506487,"y":484.64405848472825,"sizeLabel":0,"colorLabel":"white","r":10,"width":20,"height":20,"relativeR":10,"relativeScaleR":1,"isHover":false,"color":"#1f77b4","stroke_color":"#1f77b4","strokeSize":1,"initial_color":"#1f77b4","initial_stroke_color":"#1f77b4","sketchPaths":[],"isFixed":false},{"city":"Windsor Locks","airport":"Bradley International","name":"Bradley International","lat":41.93887417,"country":"USA","iata":"BDL","type":"northEst","state":"CT","long":-72.68322833,"id":933,"nbLiaisons":58,"nbPassengers":115,"x":550.253524283259,"y":701.7659285759759,"sizeLabel":0,"colorLabel":"white","r":10,"width":20,"height":20,"relativeR":10,"relativeScaleR":1,"isHover":false,"color":"#1f77b4","stroke_color":"#1f77b4","strokeSize":1,"initial_color":"#1f77b4","initial_stroke_color":"#1f77b4","sketchPaths":[],"isFixed":false},{"city":"Duluth","airport":"Duluth International","name":"Duluth International","lat":46.84209028,"country":"USA","iata":"DLH","type":"northEst","state":"MN","long":-92.19364861,"id":1277,"nbLiaisons":4,"nbPassengers":104,"x":232.68235819502553,"y":572.4499286343363,"sizeLabel":0,"colorLabel":"white","r":10,"width":20,"height":20,"relativeR":10,"relativeScaleR":1,"isHover":false,"color":"#1f77b4","stroke_color":"#1f77b4","strokeSize":1,"initial_color":"#1f77b4","initial_stroke_color":"#1f77b4","sketchPaths":[],"isFixed":false},{"city":"Lincoln","airport":"Lincoln Municipal","name":"Lincoln Municipal","lat":40.85097222,"country":"USA","iata":"LNK","type":"northEst","state":"NE","long":-96.75925,"id":2088,"nbLiaisons":6,"nbPassengers":138,"x":257.44137507954525,"y":307.9589778036771,"sizeLabel":0,"colorLabel":"white","r":10,"width":20,"height":20,"relativeR":10,"relativeScaleR":1,"isHover":false,"color":"#1f77b4","stroke_color":"#1f77b4","strokeSize":1,"initial_color":"#1f77b4","initial_stroke_color":"#1f77b4","sketchPaths":[],"isFixed":false},{"city":"Des Moines","airport":"Des Moines International","name":"Des Moines International","lat":41.53493306,"country":"USA","iata":"DSM","type":"northEst","state":"IA","long":-93.66068222,"id":1298,"nbLiaisons":22,"nbPassengers":99,"x":273.54729225719353,"y":560.4781579393683,"sizeLabel":0,"colorLabel":"white","r":10,"width":20,"height":20,"relativeR":10,"relativeScaleR":1,"isHover":false,"color":"#1f77b4","stroke_color":"#1f77b4","strokeSize":1,"initial_color":"#1f77b4","initial_stroke_color":"#1f77b4","sketchPaths":[],"isFixed":false},{"city":"Green Bay","airport":"Austin Straubel International","name":"Austin Straubel International","lat":44.48507333,"country":"USA","iata":"GRB","type":"northEst","state":"WI","long":-88.12959,"id":1639,"nbLiaisons":10,"nbPassengers":30,"x":394.4173067784894,"y":657.994612351055,"sizeLabel":0,"colorLabel":"white","r":10,"width":20,"height":20,"relativeR":10,"relativeScaleR":1,"isHover":false,"color":"#1f77b4","stroke_color":"#1f77b4","strokeSize":1,"initial_color":"#1f77b4","initial_stroke_color":"#1f77b4","sketchPaths":[],"isFixed":false},{"city":"Rockford","airport":"Greater Rockford","name":"Greater Rockford","lat":42.19536389,"country":"USA","iata":"RFD","type":"northEst","state":"IL","long":-89.09721111,"id":2763,"nbLiaisons":2,"nbPassengers":146,"x":822.7235608441455,"y":247.0724408755729,"sizeLabel":0,"colorLabel":"white","r":10,"width":20,"height":20,"relativeR":10,"relativeScaleR":1,"isHover":false,"color":"#1f77b4","stroke_color":"#1f77b4","strokeSize":1,"initial_color":"#1f77b4","initial_stroke_color":"#1f77b4","sketchPaths":[],"isFixed":false},{"city":"Newark","airport":"Newark Intl","name":"Newark Intl","lat":40.69249722,"country":"USA","iata":"EWR","type":"northEst","state":"NJ","long":-74.16866056,"id":1436,"nbLiaisons":176,"nbPassengers":104,"x":458.5761295156094,"y":82.59218882254787,"sizeLabel":0,"colorLabel":"white","r":10,"width":20,"height":20,"relativeR":10,"relativeScaleR":1,"isHover":false,"color":"#1f77b4","stroke_color":"#1f77b4","strokeSize":1,"initial_color":"#1f77b4","initial_stroke_color":"#1f77b4","sketchPaths":[],"isFixed":false},{"city":"Manchester","airport":"Manchester","name":"Manchester","lat":42.93451639,"country":"USA","iata":"MHT","type":"northEst","state":"NH","long":-71.43705583,"id":2248,"nbLiaisons":28,"nbPassengers":160,"x":163.82911584245693,"y":356.7459147559678,"sizeLabel":0,"colorLabel":"white","r":10,"width":20,"height":20,"relativeR":10,"relativeScaleR":1,"isHover":false,"color":"#1f77b4","stroke_color":"#1f77b4","strokeSize":1,"initial_color":"#1f77b4","initial_stroke_color":"#1f77b4","sketchPaths":[],"isFixed":false},{"city":"Burlington","airport":"Burlington International","name":"Burlington International","lat":44.47300361,"country":"USA","iata":"BTV","type":"northEst","state":"VT","long":-73.1503125,"id":1013,"nbLiaisons":12,"nbPassengers":59,"x":259.6173692824651,"y":225.51243914942643,"sizeLabel":0,"colorLabel":"white","r":10,"width":20,"height":20,"relativeR":10,"relativeScaleR":1,"isHover":false,"color":"#1f77b4","stroke_color":"#1f77b4","strokeSize":1,"initial_color":"#1f77b4","initial_stroke_color":"#1f77b4","sketchPaths":[],"isFixed":false},{"city":"NA","airport":"University Park","name":"University Park","lat":40.851206,"country":"USA","iata":"SCE","type":"northEst","state":"NA","long":-77.846302,"id":2900,"nbLiaisons":4,"nbPassengers":74,"x":870.8640966339395,"y":270.6863043842941,"sizeLabel":0,"colorLabel":"white","r":10,"width":20,"height":20,"relativeR":10,"relativeScaleR":1,"isHover":false,"color":"#1f77b4","stroke_color":"#1f77b4","strokeSize":1,"initial_color":"#1f77b4","initial_stroke_color":"#1f77b4","sketchPaths":[],"isFixed":false},{"city":"Wilkes-Barre/Scranton","airport":"Wilkes-Barre/Scranton Intl","name":"Wilkes-Barre/Scranton Intl","lat":41.33814944,"country":"USA","iata":"AVP","type":"northEst","state":"PA","long":-75.7242675,"id":896,"nbLiaisons":6,"nbPassengers":62,"x":493.5672736591905,"y":665.9061429433913,"sizeLabel":0,"colorLabel":"white","r":10,"width":20,"height":20,"relativeR":10,"relativeScaleR":1,"isHover":false,"color":"#1f77b4","stroke_color":"#1f77b4","strokeSize":1,"initial_color":"#1f77b4","initial_stroke_color":"#1f77b4","sketchPaths":[],"isFixed":false},{"city":"Binghamton","airport":"Binghamton Regional","name":"Binghamton Regional","lat":42.20848278,"country":"USA","iata":"BGM","type":"northEst","state":"NY","long":-75.97961361,"id":951,"nbLiaisons":2,"nbPassengers":96,"x":370.4073784955728,"y":510.73157030534236,"sizeLabel":0,"colorLabel":"white","r":10,"width":20,"height":20,"relativeR":10,"relativeScaleR":1,"isHover":false,"color":"#1f77b4","stroke_color":"#1f77b4","strokeSize":1,"initial_color":"#1f77b4","initial_stroke_color":"#1f77b4","sketchPaths":[],"isFixed":false},{"city":"Sioux Falls","airport":"Joe Foss ","name":"Joe Foss ","lat":43.58135111,"country":"USA","iata":"FSD","type":"northEst","state":"SD","long":-96.74170028,"id":1544,"nbLiaisons":8,"nbPassengers":138,"x":262.6732318845811,"y":485.86992609084524,"sizeLabel":0,"colorLabel":"white","r":10,"width":20,"height":20,"relativeR":10,"relativeScaleR":1,"isHover":false,"color":"#1f77b4","stroke_color":"#1f77b4","strokeSize":1,"initial_color":"#1f77b4","initial_stroke_color":"#1f77b4","sketchPaths":[],"isFixed":false},{"city":"Islip","airport":"Long Island - MacArthur","name":"Long Island - MacArthur","lat":40.7952425,"country":"USA","iata":"ISP","type":"northEst","state":"NY","long":-73.10021194,"id":1886,"nbLiaisons":18,"nbPassengers":154,"x":626.4661385722537,"y":121.80252058166808,"sizeLabel":0,"colorLabel":"white","r":10,"width":20,"height":20,"relativeR":10,"relativeScaleR":1,"isHover":false,"color":"#1f77b4","stroke_color":"#1f77b4","strokeSize":1,"initial_color":"#1f77b4","initial_stroke_color":"#1f77b4","sketchPaths":[],"isFixed":false},{"city":"Appleton","airport":"Outagamie County Regional","name":"Outagamie County Regional","lat":44.25740806,"country":"USA","iata":"ATW","type":"northEst","state":"WI","long":-88.51947556,"id":882,"nbLiaisons":8,"nbPassengers":13,"x":359.6097371373026,"y":323.0941576994718,"sizeLabel":0,"colorLabel":"white","r":10,"width":20,"height":20,"relativeR":10,"relativeScaleR":1,"isHover":false,"color":"#1f77b4","stroke_color":"#1f77b4","strokeSize":1,"initial_color":"#1f77b4","initial_stroke_color":"#1f77b4","sketchPaths":[],"isFixed":false},{"city":"Newburgh","airport":"Stewart","name":"Stewart","lat":41.50409361,"country":"USA","iata":"SWF","type":"northEst","state":"NY","long":-74.10483833,"id":3039,"nbLiaisons":12,"nbPassengers":101,"x":513.704749871313,"y":600.87144248283,"sizeLabel":0,"colorLabel":"white","r":10,"width":20,"height":20,"relativeR":10,"relativeScaleR":1,"isHover":false,"color":"#1f77b4","stroke_color":"#1f77b4","strokeSize":1,"initial_color":"#1f77b4","initial_stroke_color":"#1f77b4","sketchPaths":[],"isFixed":false},{"city":"Kalamazoo","airport":"Kalamazoo County","name":"Kalamazoo County","lat":42.234875,"country":"USA","iata":"AZO","type":"northEst","state":"MI","long":-85.5520575,"id":911,"nbLiaisons":6,"nbPassengers":102,"x":322.5741476429824,"y":505.0351453927871,"sizeLabel":0,"colorLabel":"white","r":10,"width":20,"height":20,"relativeR":10,"relativeScaleR":1,"isHover":false,"color":"#1f77b4","stroke_color":"#1f77b4","strokeSize":1,"initial_color":"#1f77b4","initial_stroke_color":"#1f77b4","sketchPaths":[],"isFixed":false},{"city":"Providence","airport":"Theodore F Green State","name":"Theodore F Green State","lat":41.72399917,"country":"USA","iata":"PVD","type":"northEst","state":"RI","long":-71.42822111,"id":2697,"nbLiaisons":38,"nbPassengers":101,"x":381.67643300017176,"y":89.88854362130503,"sizeLabel":0,"colorLabel":"white","r":10,"width":20,"height":20,"relativeR":10,"relativeScaleR":1,"isHover":false,"color":"#1f77b4","stroke_color":"#1f77b4","strokeSize":1,"initial_color":"#1f77b4","initial_stroke_color":"#1f77b4","sketchPaths":[],"isFixed":false},{"city":"Chicago","airport":"Chicago Midway","name":"Chicago Midway","lat":41.7859825,"country":"USA","iata":"MDW","type":"northEst","state":"IL","long":-87.75242444,"id":2222,"nbLiaisons":106,"nbPassengers":80,"x":306.7265088837065,"y":393.6891699234062,"sizeLabel":0,"colorLabel":"white","r":10,"width":20,"height":20,"relativeR":10,"relativeScaleR":1,"isHover":false,"color":"#1f77b4","stroke_color":"#1f77b4","strokeSize":1,"initial_color":"#1f77b4","initial_stroke_color":"#1f77b4","sketchPaths":[],"isFixed":false},{"city":"Harrisburg","airport":"Harrisburg Intl","name":"Harrisburg Intl","lat":40.19349528,"country":"USA","iata":"MDT","type":"northEst","state":"PA","long":-76.76340361,"id":2221,"nbLiaisons":15,"nbPassengers":184,"x":559.1483006650128,"y":63.580296322366536,"sizeLabel":0,"colorLabel":"white","r":10,"width":20,"height":20,"relativeR":10,"relativeScaleR":1,"isHover":false,"color":"#1f77b4","stroke_color":"#1f77b4","strokeSize":1,"initial_color":"#1f77b4","initial_stroke_color":"#1f77b4","sketchPaths":[],"isFixed":false},{"city":"Cleveland","airport":"Cleveland-Hopkins Intl","name":"Cleveland-Hopkins Intl","lat":41.41089417,"country":"USA","iata":"CLE","type":"northEst","state":"OH","long":-81.84939667,"id":1137,"nbLiaisons":111,"nbPassengers":131,"x":205.48613700713682,"y":474.2522720608036,"sizeLabel":0,"colorLabel":"white","r":10,"width":20,"height":20,"relativeR":10,"relativeScaleR":1,"isHover":false,"color":"#1f77b4","stroke_color":"#1f77b4","strokeSize":1,"initial_color":"#1f77b4","initial_stroke_color":"#1f77b4","sketchPaths":[],"isFixed":false},{"city":"Omaha","airport":"Eppley Airfield","name":"Eppley Airfield","lat":41.30251861,"country":"USA","iata":"OMA","type":"northEst","state":"NE","long":-95.89417306,"id":2507,"nbLiaisons":37,"nbPassengers":120,"x":332.65845615109333,"y":588.7966819920266,"sizeLabel":0,"colorLabel":"white","r":10,"width":20,"height":20,"relativeR":10,"relativeScaleR":1,"isHover":false,"color":"#1f77b4","stroke_color":"#1f77b4","strokeSize":1,"initial_color":"#1f77b4","initial_stroke_color":"#1f77b4","sketchPaths":[],"isFixed":false},{"city":"Fargo","airport":"Hector International","name":"Hector International","lat":46.91934889,"country":"USA","iata":"FAR","type":"northEst","state":"ND","long":-96.81498889,"id":1487,"nbLiaisons":6,"nbPassengers":142,"x":747.8462143862035,"y":142.9570139600719,"sizeLabel":0,"colorLabel":"white","r":10,"width":20,"height":20,"relativeR":10,"relativeScaleR":1,"isHover":false,"color":"#1f77b4","stroke_color":"#1f77b4","strokeSize":1,"initial_color":"#1f77b4","initial_stroke_color":"#1f77b4","sketchPaths":[],"isFixed":false},{"city":"Albany","airport":"Albany Cty","name":"Albany Cty","lat":42.74811944,"country":"USA","iata":"ALB","type":"northEst","state":"NY","long":-73.80297861,"id":825,"nbLiaisons":29,"nbPassengers":144,"x":663.26016918218,"y":10.208919320692724,"sizeLabel":0,"colorLabel":"white","r":10,"width":20,"height":20,"relativeR":10,"relativeScaleR":1,"isHover":false,"color":"#1f77b4","stroke_color":"#1f77b4","strokeSize":1,"initial_color":"#1f77b4","initial_stroke_color":"#1f77b4","sketchPaths":[],"isFixed":false},{"city":"Traverse City","airport":"Cherry Capital","name":"Cherry Capital","lat":44.74144472,"country":"USA","iata":"TVC","type":"northEst","state":"MI","long":-85.582235,"id":3150,"nbLiaisons":6,"nbPassengers":188,"x":182.72696698028565,"y":263.8851874820946,"sizeLabel":0,"colorLabel":"white","r":10,"width":20,"height":20,"relativeR":10,"relativeScaleR":1,"isHover":false,"color":"#1f77b4","stroke_color":"#1f77b4","strokeSize":1,"initial_color":"#1f77b4","initial_stroke_color":"#1f77b4","sketchPaths":[],"isFixed":false},{"city":"Chicago","airport":"Chicago O'Hare International","name":"Chicago O'Hare International","lat":41.979595,"country":"USA","iata":"ORD","type":"northEst","state":"IL","long":-87.90446417,"id":2531,"nbLiaisons":272,"nbPassengers":1,"x":512.1022839586649,"y":116.60678004500205,"sizeLabel":0,"colorLabel":"white","r":10,"width":20,"height":20,"relativeR":10,"relativeScaleR":1,"isHover":false,"color":"#1f77b4","stroke_color":"#1f77b4","strokeSize":1,"initial_color":"#1f77b4","initial_stroke_color":"#1f77b4","sketchPaths":[],"isFixed":false},{"city":"South Bend","airport":"South Bend Regional","name":"South Bend Regional","lat":41.70895361,"country":"USA","iata":"SBN","type":"northEst","state":"IN","long":-86.31847417,"id":2890,"nbLiaisons":8,"nbPassengers":195,"x":207.7945100155734,"y":99.71320082140008,"sizeLabel":0,"colorLabel":"white","r":10,"width":20,"height":20,"relativeR":10,"relativeScaleR":1,"isHover":false,"color":"#1f77b4","stroke_color":"#1f77b4","strokeSize":1,"initial_color":"#1f77b4","initial_stroke_color":"#1f77b4","sketchPaths":[],"isFixed":false},{"city":"Milwaukee","airport":"General Mitchell International","name":"General Mitchell International","lat":42.94722222,"country":"USA","iata":"MKE","type":"northEst","state":"WI","long":-87.89658333,"id":2262,"nbLiaisons":51,"nbPassengers":136,"x":637.3126514709141,"y":44.129958797451394,"sizeLabel":0,"colorLabel":"white","r":10,"width":20,"height":20,"relativeR":10,"relativeScaleR":1,"isHover":false,"color":"#1f77b4","stroke_color":"#1f77b4","strokeSize":1,"initial_color":"#1f77b4","initial_stroke_color":"#1f77b4","sketchPaths":[],"isFixed":false},{"city":"Cedar Rapids","airport":"Eastern Iowa ","name":"Eastern Iowa ","lat":41.88458833,"country":"USA","iata":"CID","type":"northEst","state":"IA","long":-91.71087222,"id":1118,"nbLiaisons":14,"nbPassengers":41,"x":399.0902513851154,"y":193.97772521421962,"sizeLabel":0,"colorLabel":"white","r":10,"width":20,"height":20,"relativeR":10,"relativeScaleR":1,"isHover":false,"color":"#1f77b4","stroke_color":"#1f77b4","strokeSize":1,"initial_color":"#1f77b4","initial_stroke_color":"#1f77b4","sketchPaths":[],"isFixed":false},{"city":"Hancock","airport":"Houghton County Memorial","name":"Houghton County Memorial","lat":47.16841722,"country":"USA","iata":"CMX","type":"northEst","state":"MI","long":-88.48906083,"id":1149,"nbLiaisons":2,"nbPassengers":53,"x":562.4553634104154,"y":166.01218681568804,"sizeLabel":0,"colorLabel":"white","r":10,"width":20,"height":20,"relativeR":10,"relativeScaleR":1,"isHover":false,"color":"#1f77b4","stroke_color":"#1f77b4","strokeSize":1,"initial_color":"#1f77b4","initial_stroke_color":"#1f77b4","sketchPaths":[],"isFixed":false},{"city":"Minneapolis","airport":"Minneapolis-St Paul Intl","name":"Minneapolis-St Paul Intl","lat":44.88054694,"country":"USA","iata":"MSP","type":"northEst","state":"MN","long":-93.2169225,"id":2327,"nbLiaisons":213,"nbPassengers":54,"x":415.6992335590118,"y":27.718273571351148,"sizeLabel":0,"colorLabel":"white","r":10,"width":20,"height":20,"relativeR":10,"relativeScaleR":1,"isHover":false,"color":"#1f77b4","stroke_color":"#1f77b4","strokeSize":1,"initial_color":"#1f77b4","initial_stroke_color":"#1f77b4","sketchPaths":[],"isFixed":false},{"city":"Akron","airport":"Akron-Canton Regional","name":"Akron-Canton Regional","lat":40.91631194,"country":"USA","iata":"CAK","type":"northEst","state":"OH","long":-81.44246556,"id":1066,"nbLiaisons":20,"nbPassengers":34,"x":638.9666833786587,"y":678.6979543443392,"sizeLabel":0,"colorLabel":"white","r":10,"width":20,"height":20,"relativeR":10,"relativeScaleR":1,"isHover":false,"color":"#1f77b4","stroke_color":"#1f77b4","strokeSize":1,"initial_color":"#1f77b4","initial_stroke_color":"#1f77b4","sketchPaths":[],"isFixed":false},{"city":"Madison","airport":"Dane County Regional","name":"Dane County Regional","lat":43.13985778,"country":"USA","iata":"MSN","type":"northEst","state":"WI","long":-89.33751361,"id":2325,"nbLiaisons":21,"nbPassengers":99,"x":794.9354720201359,"y":581.7948733160083,"sizeLabel":0,"colorLabel":"white","r":10,"width":20,"height":20,"relativeR":10,"relativeScaleR":1,"isHover":false,"color":"#1f77b4","stroke_color":"#1f77b4","strokeSize":1,"initial_color":"#1f77b4","initial_stroke_color":"#1f77b4","sketchPaths":[],"isFixed":false},{"city":"Toledo","airport":"Toledo Express","name":"Toledo Express","lat":41.58680556,"country":"USA","iata":"TOL","type":"northEst","state":"OH","long":-83.80783333,"id":3123,"nbLiaisons":4,"nbPassengers":37,"x":276.9595153034101,"y":93.47458291016689,"sizeLabel":0,"colorLabel":"white","r":10,"width":20,"height":20,"relativeR":10,"relativeScaleR":1,"isHover":false,"color":"#1f77b4","stroke_color":"#1f77b4","strokeSize":1,"initial_color":"#1f77b4","initial_stroke_color":"#1f77b4","sketchPaths":[],"isFixed":false},{"city":"Erie","airport":"Erie Intl","name":"Erie Intl","lat":42.08202139,"country":"USA","iata":"ERI","type":"northEst","state":"PA","long":-80.17621556,"id":1413,"nbLiaisons":2,"nbPassengers":181,"x":776.1935316207755,"y":262.3792770436132,"sizeLabel":0,"colorLabel":"white","r":10,"width":20,"height":20,"relativeR":10,"relativeScaleR":1,"isHover":false,"color":"#1f77b4","stroke_color":"#1f77b4","strokeSize":1,"initial_color":"#1f77b4","initial_stroke_color":"#1f77b4","sketchPaths":[],"isFixed":false},{"city":"Grand Forks","airport":"Grand Forks International","name":"Grand Forks International","lat":47.949255,"country":"USA","iata":"GFK","type":"northEst","state":"ND","long":-97.17611111,"id":1600,"nbLiaisons":2,"nbPassengers":45,"x":234.395141893299,"y":155.76694046023172,"sizeLabel":0,"colorLabel":"white","r":10,"width":20,"height":20,"relativeR":10,"relativeScaleR":1,"isHover":false,"color":"#1f77b4","stroke_color":"#1f77b4","strokeSize":1,"initial_color":"#1f77b4","initial_stroke_color":"#1f77b4","sketchPaths":[],"isFixed":false},{"city":"Elmira","airport":"Elmira/Corning Regional","name":"Elmira/Corning Regional","lat":42.15991361,"country":"USA","iata":"ELM","type":"northEst","state":"NY","long":-76.89144333,"id":1390,"nbLiaisons":2,"nbPassengers":85,"x":583.220093249279,"y":-5.877039550897746,"sizeLabel":0,"colorLabel":"white","r":10,"width":20,"height":20,"relativeR":10,"relativeScaleR":1,"isHover":false,"color":"#1f77b4","stroke_color":"#1f77b4","strokeSize":1,"initial_color":"#1f77b4","initial_stroke_color":"#1f77b4","sketchPaths":[],"isFixed":false},{"city":"Saginaw","airport":"Mbs International","name":"Mbs International","lat":43.53291472,"country":"USA","iata":"MBS","type":"northEst","state":"MI","long":-84.07964722,"id":2202,"nbLiaisons":4,"nbPassengers":196,"x":280.48381818255444,"y":29.589972689975955,"sizeLabel":0,"colorLabel":"white","r":10,"width":20,"height":20,"relativeR":10,"relativeScaleR":1,"isHover":false,"color":"#1f77b4","stroke_color":"#1f77b4","strokeSize":1,"initial_color":"#1f77b4","initial_stroke_color":"#1f77b4","sketchPaths":[],"isFixed":false},{"city":"Allentown","airport":"Lehigh Valley International","name":"Lehigh Valley International","lat":40.65236278,"country":"USA","iata":"ABE","type":"northEst","state":"PA","long":-75.44040167,"id":759,"nbLiaisons":10,"nbPassengers":74,"x":343.42777514628705,"y":45.25650003704019,"sizeLabel":0,"colorLabel":"white","r":10,"width":20,"height":20,"relativeR":10,"relativeScaleR":1,"isHover":false,"color":"#1f77b4","stroke_color":"#1f77b4","strokeSize":1,"initial_color":"#1f77b4","initial_stroke_color":"#1f77b4","sketchPaths":[],"isFixed":false},{"city":"Moline","airport":"Quad City","name":"Quad City","lat":41.44852639,"country":"USA","iata":"MLI","type":"northEst","state":"IL","long":-90.50753917,"id":2275,"nbLiaisons":17,"nbPassengers":69,"x":671.1573162800621,"y":643.9627276491616,"sizeLabel":0,"colorLabel":"white","r":10,"width":20,"height":20,"relativeR":10,"relativeScaleR":1,"isHover":false,"color":"#1f77b4","stroke_color":"#1f77b4","strokeSize":1,"initial_color":"#1f77b4","initial_stroke_color":"#1f77b4","sketchPaths":[],"isFixed":false},{"city":"White Plains","airport":"Westchester Cty","name":"Westchester Cty","lat":41.06695778,"country":"USA","iata":"HPN","type":"northEst","state":"NY","long":-73.70757444,"id":1750,"nbLiaisons":14,"nbPassengers":87,"x":360.9229832434874,"y":158.35880571426904,"sizeLabel":0,"colorLabel":"white","r":10,"width":20,"height":20,"relativeR":10,"relativeScaleR":1,"isHover":false,"color":"#1f77b4","stroke_color":"#1f77b4","strokeSize":1,"initial_color":"#1f77b4","initial_stroke_color":"#1f77b4","sketchPaths":[],"isFixed":false},{"city":"Mosinee","airport":"Central Wisconsin","name":"Central Wisconsin","lat":44.77761917,"country":"USA","iata":"CWA","type":"northEst","state":"WI","long":-89.66677944,"id":1207,"nbLiaisons":2,"nbPassengers":181,"x":695.7166833423341,"y":84.92874944635955,"sizeLabel":0,"colorLabel":"white","r":10,"width":20,"height":20,"relativeR":10,"relativeScaleR":1,"isHover":false,"color":"#1f77b4","stroke_color":"#1f77b4","strokeSize":1,"initial_color":"#1f77b4","initial_stroke_color":"#1f77b4","sketchPaths":[],"isFixed":false},{"city":"Portland","airport":"Portland International Jetport","name":"Portland International Jetport","lat":43.64616667,"country":"USA","iata":"PWM","type":"northEst","state":"ME","long":-70.30875,"id":2708,"nbLiaisons":22,"nbPassengers":122,"x":382.1960493314476,"y":395.65140943338156,"sizeLabel":0,"colorLabel":"white","r":10,"width":20,"height":20,"relativeR":10,"relativeScaleR":1,"isHover":false,"color":"#1f77b4","stroke_color":"#1f77b4","strokeSize":1,"initial_color":"#1f77b4","initial_stroke_color":"#1f77b4","sketchPaths":[],"isFixed":false},{"city":"New York","airport":"LaGuardia","name":"LaGuardia","lat":40.77724306,"country":"USA","iata":"LGA","type":"northEst","state":"NY","long":-73.87260917,"id":2061,"nbLiaisons":92,"nbPassengers":45,"x":477.46981488275014,"y":-2.765612163038946,"sizeLabel":0,"colorLabel":"white","r":10,"width":20,"height":20,"relativeR":10,"relativeScaleR":1,"isHover":false,"color":"#1f77b4","stroke_color":"#1f77b4","strokeSize":1,"initial_color":"#1f77b4","initial_stroke_color":"#1f77b4","sketchPaths":[],"isFixed":false},{"city":"Rochester","airport":"Rochester International","name":"Rochester International","lat":43.90882639,"country":"USA","iata":"RST","type":"northEst","state":"MN","long":-92.49798722,"id":2809,"nbLiaisons":6,"nbPassengers":139,"x":324.0466562624255,"y":282.532389072713,"sizeLabel":0,"colorLabel":"white","r":10,"width":20,"height":20,"relativeR":10,"relativeScaleR":1,"isHover":false,"color":"#1f77b4","stroke_color":"#1f77b4","strokeSize":1,"initial_color":"#1f77b4","initial_stroke_color":"#1f77b4","sketchPaths":[],"isFixed":false},{"city":"Oakland","airport":"Metropolitan Oakland International","name":"Metropolitan Oakland International","lat":37.72129083,"country":"USA","iata":"OAK","type":"southWest","state":"CA","long":-122.2207167,"id":2464,"nbLiaisons":64,"nbPassengers":7,"x":736.7350054029421,"y":459.16854226172876,"sizeLabel":0,"colorLabel":"white","r":10,"width":20,"height":20,"relativeR":10,"relativeScaleR":1,"isHover":false,"color":"#ffbb78","stroke_color":"#ffbb78","strokeSize":1,"initial_color":"#ffbb78","initial_stroke_color":"#ffbb78","sketchPaths":[],"isFixed":false},{"city":"Yuma","airport":"Yuma MCAS-Yuma International","name":"Yuma MCAS-Yuma International","lat":32.65658333,"country":"USA","iata":"YUM","type":"southWest","state":"AZ","long":-114.6059722,"id":3360,"nbLiaisons":10,"nbPassengers":78,"x":666.9301582216922,"y":505.0006680388232,"sizeLabel":0,"colorLabel":"white","r":10,"width":20,"height":20,"relativeR":10,"relativeScaleR":1,"isHover":false,"color":"#ffbb78","stroke_color":"#ffbb78","strokeSize":1,"initial_color":"#ffbb78","initial_stroke_color":"#ffbb78","sketchPaths":[],"isFixed":false},{"city":"Durango","airport":"Durango-La Plata County","name":"Durango-La Plata County","lat":37.15151667,"country":"USA","iata":"DRO","type":"southWest","state":"CO","long":-107.7537692,"id":1296,"nbLiaisons":6,"nbPassengers":122,"x":522.4305704188642,"y":382.49626998320343,"sizeLabel":0,"colorLabel":"white","r":10,"width":20,"height":20,"relativeR":10,"relativeScaleR":1,"isHover":false,"color":"#ffbb78","stroke_color":"#ffbb78","strokeSize":1,"initial_color":"#ffbb78","initial_stroke_color":"#ffbb78","sketchPaths":[],"isFixed":false},{"city":"San Diego","airport":"San Diego International-Lindbergh ","name":"San Diego International-Lindbergh ","lat":32.73355611,"country":"USA","iata":"SAN","type":"southWest","state":"CA","long":-117.1896567,"id":2881,"nbLiaisons":94,"nbPassengers":187,"x":586.6442472548366,"y":298.0119208651241,"sizeLabel":0,"colorLabel":"white","r":10,"width":20,"height":20,"relativeR":10,"relativeScaleR":1,"isHover":false,"color":"#ffbb78","stroke_color":"#ffbb78","strokeSize":1,"initial_color":"#ffbb78","initial_stroke_color":"#ffbb78","sketchPaths":[],"isFixed":false},{"city":"Lubbock","airport":"Lubbock International","name":"Lubbock International","lat":33.66363889,"country":"USA","iata":"LBB","type":"southWest","state":"TX","long":-101.8227778,"id":2040,"nbLiaisons":13,"nbPassengers":166,"x":685.6188174308327,"y":338.33621614730424,"sizeLabel":0,"colorLabel":"white","r":10,"width":20,"height":20,"relativeR":10,"relativeScaleR":1,"isHover":false,"color":"#ffbb78","stroke_color":"#ffbb78","strokeSize":1,"initial_color":"#ffbb78","initial_stroke_color":"#ffbb78","sketchPaths":[],"isFixed":false},{"city":"San Luis Obispo","airport":"San Luis Obispo Co-McChesney ","name":"San Luis Obispo Co-McChesney ","lat":35.23705806,"country":"USA","iata":"SBP","type":"southWest","state":"CA","long":-120.6423931,"id":2892,"nbLiaisons":11,"nbPassengers":148,"x":438.41471648232107,"y":332.037018982163,"sizeLabel":0,"colorLabel":"white","r":10,"width":20,"height":20,"relativeR":10,"relativeScaleR":1,"isHover":false,"color":"#ffbb78","stroke_color":"#ffbb78","strokeSize":1,"initial_color":"#ffbb78","initial_stroke_color":"#ffbb78","sketchPaths":[],"isFixed":false},{"city":"Bakersfield","airport":"Meadows ","name":"Meadows ","lat":35.43359806,"country":"USA","iata":"BFL","type":"southWest","state":"CA","long":-119.0567681,"id":944,"nbLiaisons":16,"nbPassengers":9,"x":499.8587655321618,"y":423.1932322354909,"sizeLabel":0,"colorLabel":"white","r":10,"width":20,"height":20,"relativeR":10,"relativeScaleR":1,"isHover":false,"color":"#ffbb78","stroke_color":"#ffbb78","strokeSize":1,"initial_color":"#ffbb78","initial_stroke_color":"#ffbb78","sketchPaths":[],"isFixed":false},{"city":"Santa Ana","airport":"John Wayne /Orange Co","name":"John Wayne /Orange Co","lat":33.67565861,"country":"USA","iata":"SNA","type":"southWest","state":"CA","long":-117.8682225,"id":2985,"nbLiaisons":46,"nbPassengers":185,"x":774.4875375103633,"y":347.7976089169484,"sizeLabel":0,"colorLabel":"white","r":10,"width":20,"height":20,"relativeR":10,"relativeScaleR":1,"isHover":false,"color":"#ffbb78","stroke_color":"#ffbb78","strokeSize":1,"initial_color":"#ffbb78","initial_stroke_color":"#ffbb78","sketchPaths":[],"isFixed":false},{"city":"Imperial","airport":"Imperial County","name":"Imperial County","lat":32.83422028,"country":"USA","iata":"IPL","type":"southWest","state":"CA","long":-115.5787456,"id":1879,"nbLiaisons":4,"nbPassengers":41,"x":630.1120685363326,"y":239.51636896251395,"sizeLabel":0,"colorLabel":"white","r":10,"width":20,"height":20,"relativeR":10,"relativeScaleR":1,"isHover":false,"color":"#ffbb78","stroke_color":"#ffbb78","strokeSize":1,"initial_color":"#ffbb78","initial_stroke_color":"#ffbb78","sketchPaths":[],"isFixed":false},{"city":"San Francisco","airport":"San Francisco International","name":"San Francisco International","lat":37.61900194,"country":"USA","iata":"SFO","type":"southWest","state":"CA","long":-122.3748433,"id":2934,"nbLiaisons":121,"nbPassengers":126,"x":524.5105378290524,"y":334.1033921748025,"sizeLabel":0,"colorLabel":"white","r":10,"width":20,"height":20,"relativeR":10,"relativeScaleR":1,"isHover":false,"color":"#ffbb78","stroke_color":"#ffbb78","strokeSize":1,"initial_color":"#ffbb78","initial_stroke_color":"#ffbb78","sketchPaths":[],"isFixed":false},{"city":"Phoenix","airport":"Phoenix Sky Harbor International","name":"Phoenix Sky Harbor International","lat":33.43416667,"country":"USA","iata":"PHX","type":"southWest","state":"AZ","long":-112.0080556,"id":2618,"nbLiaisons":176,"nbPassengers":114,"x":539.1666981022614,"y":452.4937539190581,"sizeLabel":0,"colorLabel":"white","r":10,"width":20,"height":20,"relativeR":10,"relativeScaleR":1,"isHover":false,"color":"#ffbb78","stroke_color":"#ffbb78","strokeSize":1,"initial_color":"#ffbb78","initial_stroke_color":"#ffbb78","sketchPaths":[],"isFixed":false},{"city":"Los Angeles","airport":"Los Angeles International","name":"Los Angeles International","lat":33.94253611,"country":"USA","iata":"LAX","type":"southWest","state":"CA","long":-118.4080744,"id":2039,"nbLiaisons":155,"nbPassengers":92,"x":682.96630657756,"y":545.5820060461155,"sizeLabel":0,"colorLabel":"white","r":10,"width":20,"height":20,"relativeR":10,"relativeScaleR":1,"isHover":false,"color":"#ffbb78","stroke_color":"#ffbb78","strokeSize":1,"initial_color":"#ffbb78","initial_stroke_color":"#ffbb78","sketchPaths":[],"isFixed":false},{"city":"Midland","airport":"Midland International","name":"Midland International","lat":31.94252778,"country":"USA","iata":"MAF","type":"southWest","state":"TX","long":-102.2019139,"id":2193,"nbLiaisons":14,"nbPassengers":168,"x":503.3168163754956,"y":539.0703588713752,"sizeLabel":0,"colorLabel":"white","r":10,"width":20,"height":20,"relativeR":10,"relativeScaleR":1,"isHover":false,"color":"#ffbb78","stroke_color":"#ffbb78","strokeSize":1,"initial_color":"#ffbb78","initial_stroke_color":"#ffbb78","sketchPaths":[],"isFixed":false},{"city":"Gunnison","airport":"Gunnison County","name":"Gunnison County","lat":38.53396333,"country":"USA","iata":"GUC","type":"southWest","state":"CO","long":-106.9331817,"id":1655,"nbLiaisons":4,"nbPassengers":168,"x":587.0698665540175,"y":225.43004000467482,"sizeLabel":0,"colorLabel":"white","r":10,"width":20,"height":20,"relativeR":10,"relativeScaleR":1,"isHover":false,"color":"#ffbb78","stroke_color":"#ffbb78","strokeSize":1,"initial_color":"#ffbb78","initial_stroke_color":"#ffbb78","sketchPaths":[],"isFixed":false},{"city":"Grand Junction","airport":"Walker ","name":"Walker ","lat":39.1224125,"country":"USA","iata":"GJT","type":"southWest","state":"CO","long":-108.5267347,"id":1612,"nbLiaisons":8,"nbPassengers":111,"x":633.330579658804,"y":531.6023594326105,"sizeLabel":0,"colorLabel":"white","r":10,"width":20,"height":20,"relativeR":10,"relativeScaleR":1,"isHover":false,"color":"#ffbb78","stroke_color":"#ffbb78","strokeSize":1,"initial_color":"#ffbb78","initial_stroke_color":"#ffbb78","sketchPaths":[],"isFixed":false},{"city":"Denver","airport":"Denver Intl","name":"Denver Intl","lat":39.85840806,"country":"USA","iata":"DEN","type":"southWest","state":"CO","long":-104.6670019,"id":1263,"nbLiaisons":226,"nbPassengers":177,"x":697.0761097522989,"y":423.9605729563306,"sizeLabel":0,"colorLabel":"white","r":10,"width":20,"height":20,"relativeR":10,"relativeScaleR":1,"isHover":false,"color":"#ffbb78","stroke_color":"#ffbb78","strokeSize":1,"initial_color":"#ffbb78","initial_stroke_color":"#ffbb78","sketchPaths":[],"isFixed":false},{"city":"Flagstaff","airport":"Flagstaff Pulliam","name":"Flagstaff Pulliam","lat":35.13845472,"country":"USA","iata":"FLG","type":"southWest","state":"AZ","long":-111.6712183,"id":1519,"nbLiaisons":2,"nbPassengers":73,"x":722.6937852264679,"y":557.8977052723687,"sizeLabel":0,"colorLabel":"white","r":10,"width":20,"height":20,"relativeR":10,"relativeScaleR":1,"isHover":false,"color":"#ffbb78","stroke_color":"#ffbb78","strokeSize":1,"initial_color":"#ffbb78","initial_stroke_color":"#ffbb78","sketchPaths":[],"isFixed":false},{"city":"Amarillo","airport":"Amarillo International","name":"Amarillo International","lat":35.2193725,"country":"USA","iata":"AMA","type":"southWest","state":"TX","long":-101.7059272,"id":833,"nbLiaisons":12,"nbPassengers":94,"x":730.0573878138485,"y":333.33231147844907,"sizeLabel":0,"colorLabel":"white","r":10,"width":20,"height":20,"relativeR":10,"relativeScaleR":1,"isHover":false,"color":"#ffbb78","stroke_color":"#ffbb78","strokeSize":1,"initial_color":"#ffbb78","initial_stroke_color":"#ffbb78","sketchPaths":[],"isFixed":false},{"city":"Eagle","airport":"Eagle County Regional","name":"Eagle County Regional","lat":39.64256778,"country":"USA","iata":"EGE","type":"southWest","state":"CO","long":-106.9176953,"id":1370,"nbLiaisons":23,"nbPassengers":192,"x":631.6746856501884,"y":476.53126175505207,"sizeLabel":0,"colorLabel":"white","r":10,"width":20,"height":20,"relativeR":10,"relativeScaleR":1,"isHover":false,"color":"#ffbb78","stroke_color":"#ffbb78","strokeSize":1,"initial_color":"#ffbb78","initial_stroke_color":"#ffbb78","sketchPaths":[],"isFixed":false},{"city":"Lihue","airport":"Lihue","name":"Lihue","lat":21.97598306,"country":"USA","iata":"LIH","type":"southWest","state":"HI","long":-159.3389581,"id":2073,"nbLiaisons":14,"nbPassengers":193,"x":751.0795672802908,"y":299.6061378794535,"sizeLabel":0,"colorLabel":"white","r":10,"width":20,"height":20,"relativeR":10,"relativeScaleR":1,"isHover":false,"color":"#ffbb78","stroke_color":"#ffbb78","strokeSize":1,"initial_color":"#ffbb78","initial_stroke_color":"#ffbb78","sketchPaths":[],"isFixed":false},{"city":"Oxnard","airport":"Oxnard","name":"Oxnard","lat":34.20080083,"country":"USA","iata":"OXR","type":"southWest","state":"CA","long":-119.2072164,"id":2563,"nbLiaisons":2,"nbPassengers":103,"x":523.1090758514576,"y":245.74294286014438,"sizeLabel":0,"colorLabel":"white","r":10,"width":20,"height":20,"relativeR":10,"relativeScaleR":1,"isHover":false,"color":"#ffbb78","stroke_color":"#ffbb78","strokeSize":1,"initial_color":"#ffbb78","initial_stroke_color":"#ffbb78","sketchPaths":[],"isFixed":false},{"city":"Reno","airport":"Reno/Tahoe International","name":"Reno/Tahoe International","lat":39.49857611,"country":"USA","iata":"RNO","type":"southWest","state":"NV","long":-119.7680647,"id":2788,"nbLiaisons":42,"nbPassengers":135,"x":712.323237025054,"y":507.2072905525113,"sizeLabel":0,"colorLabel":"white","r":10,"width":20,"height":20,"relativeR":10,"relativeScaleR":1,"isHover":false,"color":"#ffbb78","stroke_color":"#ffbb78","strokeSize":1,"initial_color":"#ffbb78","initial_stroke_color":"#ffbb78","sketchPaths":[],"isFixed":false},{"city":"Palm Springs","airport":"Palm Springs International","name":"Palm Springs International","lat":33.82921556,"country":"USA","iata":"PSP","type":"southWest","state":"CA","long":-116.5062531,"id":2680,"nbLiaisons":24,"nbPassengers":0,"x":752.6318013266672,"y":508.795759371245,"sizeLabel":0,"colorLabel":"white","r":10,"width":20,"height":20,"relativeR":10,"relativeScaleR":1,"isHover":false,"color":"#ffbb78","stroke_color":"#ffbb78","strokeSize":1,"initial_color":"#ffbb78","initial_stroke_color":"#ffbb78","sketchPaths":[],"isFixed":false},{"city":"Las Vegas","airport":"McCarran International","name":"McCarran International","lat":36.08036111,"country":"USA","iata":"LAS","type":"southWest","state":"NV","long":-115.1523333,"id":2037,"nbLiaisons":172,"nbPassengers":93,"x":586.3142325673059,"y":527.3381394956199,"sizeLabel":0,"colorLabel":"white","r":10,"width":20,"height":20,"relativeR":10,"relativeScaleR":1,"isHover":false,"color":"#ffbb78","stroke_color":"#ffbb78","strokeSize":1,"initial_color":"#ffbb78","initial_stroke_color":"#ffbb78","sketchPaths":[],"isFixed":false},{"city":"Modesto","airport":"Modesto City-County-Harry Sham ","name":"Modesto City-County-Harry Sham ","lat":37.62581722,"country":"USA","iata":"MOD","type":"southWest","state":"CA","long":-120.9544214,"id":2297,"nbLiaisons":4,"nbPassengers":148,"x":570.8141480805829,"y":337.6619808744927,"sizeLabel":0,"colorLabel":"white","r":10,"width":20,"height":20,"relativeR":10,"relativeScaleR":1,"isHover":false,"color":"#ffbb78","stroke_color":"#ffbb78","strokeSize":1,"initial_color":"#ffbb78","initial_stroke_color":"#ffbb78","sketchPaths":[],"isFixed":false},{"city":"Colorado Springs","airport":"City of Colorado Springs Muni","name":"City of Colorado Springs Muni","lat":38.80580556,"country":"USA","iata":"COS","type":"southWest","state":"CO","long":-104.70025,"id":1166,"nbLiaisons":29,"nbPassengers":89,"x":461.25983041724345,"y":393.39173143934545,"sizeLabel":0,"colorLabel":"white","r":10,"width":20,"height":20,"relativeR":10,"relativeScaleR":1,"isHover":false,"color":"#ffbb78","stroke_color":"#ffbb78","strokeSize":1,"initial_color":"#ffbb78","initial_stroke_color":"#ffbb78","sketchPaths":[],"isFixed":false},{"city":"Santa Maria","airport":"Santa Maria Pub/Capt G Allan Hancock ","name":"Santa Maria Pub/Capt G Allan Hancock ","lat":34.89924833,"country":"USA","iata":"SMX","type":"southWest","state":"CA","long":-120.4575825,"id":2984,"nbLiaisons":2,"nbPassengers":193,"x":548.0583979418408,"y":558.1050088655784,"sizeLabel":0,"colorLabel":"white","r":10,"width":20,"height":20,"relativeR":10,"relativeScaleR":1,"isHover":false,"color":"#ffbb78","stroke_color":"#ffbb78","strokeSize":1,"initial_color":"#ffbb78","initial_stroke_color":"#ffbb78","sketchPaths":[],"isFixed":false},{"city":"Honolulu","airport":"Honolulu International","name":"Honolulu International","lat":21.31869111,"country":"USA","iata":"HNL","type":"southWest","state":"HI","long":-157.9224072,"id":1737,"nbLiaisons":48,"nbPassengers":126,"x":777.1178817242109,"y":459.4474805531826,"sizeLabel":0,"colorLabel":"white","r":10,"width":20,"height":20,"relativeR":10,"relativeScaleR":1,"isHover":false,"color":"#ffbb78","stroke_color":"#ffbb78","strokeSize":1,"initial_color":"#ffbb78","initial_stroke_color":"#ffbb78","sketchPaths":[],"isFixed":false},{"city":"Sacramento","airport":"Sacramento International","name":"Sacramento International","lat":38.69542167,"country":"USA","iata":"SMF","type":"southWest","state":"CA","long":-121.5907669,"id":2979,"nbLiaisons":66,"nbPassengers":97,"x":684.299187982964,"y":467.63376901482405,"sizeLabel":0,"colorLabel":"white","r":10,"width":20,"height":20,"relativeR":10,"relativeScaleR":1,"isHover":false,"color":"#ffbb78","stroke_color":"#ffbb78","strokeSize":1,"initial_color":"#ffbb78","initial_stroke_color":"#ffbb78","sketchPaths":[],"isFixed":false},{"city":"Palmdale","airport":"Palmdale Production Flight","name":"Palmdale Production Flight","lat":34.62938889,"country":"USA","iata":"PMD","type":"southWest","state":"CA","long":-118.0845528,"id":2638,"nbLiaisons":2,"nbPassengers":172,"x":465.41780901248103,"y":291.77218210356784,"sizeLabel":0,"colorLabel":"white","r":10,"width":20,"height":20,"relativeR":10,"relativeScaleR":1,"isHover":false,"color":"#ffbb78","stroke_color":"#ffbb78","strokeSize":1,"initial_color":"#ffbb78","initial_stroke_color":"#ffbb78","sketchPaths":[],"isFixed":false},{"city":"Telluride","airport":"Telluride Regional","name":"Telluride Regional","lat":37.95375861,"country":"USA","iata":"TEX","type":"southWest","state":"CO","long":-107.90848,"id":3096,"nbLiaisons":2,"nbPassengers":115,"x":579.3175260674662,"y":483.3238118333446,"sizeLabel":0,"colorLabel":"white","r":10,"width":20,"height":20,"relativeR":10,"relativeScaleR":1,"isHover":false,"color":"#ffbb78","stroke_color":"#ffbb78","strokeSize":1,"initial_color":"#ffbb78","initial_stroke_color":"#ffbb78","sketchPaths":[],"isFixed":false},{"city":"Aspen","airport":"Aspen-Pitkin Co/Sardy ","name":"Aspen-Pitkin Co/Sardy ","lat":39.22316,"country":"USA","iata":"ASE","type":"southWest","state":"CO","long":-106.868845,"id":869,"nbLiaisons":12,"nbPassengers":17,"x":594.0966920704858,"y":568.7898217746788,"sizeLabel":0,"colorLabel":"white","r":10,"width":20,"height":20,"relativeR":10,"relativeScaleR":1,"isHover":false,"color":"#ffbb78","stroke_color":"#ffbb78","strokeSize":1,"initial_color":"#ffbb78","initial_stroke_color":"#ffbb78","sketchPaths":[],"isFixed":false},{"city":"NA","airport":"MC Clellan-Palomar Airport","name":"MC Clellan-Palomar Airport","lat":33.127231,"country":"USA","iata":"CLD","type":"southWest","state":"NA","long":-117.278727,"id":1136,"nbLiaisons":4,"nbPassengers":7,"x":610.852265348086,"y":427.7951028815556,"sizeLabel":0,"colorLabel":"white","r":10,"width":20,"height":20,"relativeR":10,"relativeScaleR":1,"isHover":false,"color":"#ffbb78","stroke_color":"#ffbb78","strokeSize":1,"initial_color":"#ffbb78","initial_stroke_color":"#ffbb78","sketchPaths":[],"isFixed":false},{"city":"San Angelo","airport":"San Angelo Regional /Mathis ","name":"San Angelo Regional /Mathis ","lat":31.35775,"country":"USA","iata":"SJT","type":"southWest","state":"TX","long":-100.4963056,"id":2961,"nbLiaisons":2,"nbPassengers":141,"x":669.8818653648676,"y":231.58853774001722,"sizeLabel":0,"colorLabel":"white","r":10,"width":20,"height":20,"relativeR":10,"relativeScaleR":1,"isHover":false,"color":"#ffbb78","stroke_color":"#ffbb78","strokeSize":1,"initial_color":"#ffbb78","initial_stroke_color":"#ffbb78","sketchPaths":[],"isFixed":false},{"city":"San Jose","airport":"San Jose International","name":"San Jose International","lat":37.36186194,"country":"USA","iata":"SJC","type":"southWest","state":"CA","long":-121.9290089,"id":2959,"nbLiaisons":50,"nbPassengers":11,"x":788.9774518282563,"y":396.48473646068584,"sizeLabel":0,"colorLabel":"white","r":10,"width":20,"height":20,"relativeR":10,"relativeScaleR":1,"isHover":false,"color":"#ffbb78","stroke_color":"#ffbb78","strokeSize":1,"initial_color":"#ffbb78","initial_stroke_color":"#ffbb78","sketchPaths":[],"isFixed":false},{"city":"El Paso","airport":"El Paso International","name":"El Paso International","lat":31.80666667,"country":"USA","iata":"ELP","type":"southWest","state":"TX","long":-106.3778056,"id":1393,"nbLiaisons":35,"nbPassengers":18,"x":512.8673747752188,"y":291.38546188349125,"sizeLabel":0,"colorLabel":"white","r":10,"width":20,"height":20,"relativeR":10,"relativeScaleR":1,"isHover":false,"color":"#ffbb78","stroke_color":"#ffbb78","strokeSize":1,"initial_color":"#ffbb78","initial_stroke_color":"#ffbb78","sketchPaths":[],"isFixed":false},{"city":"Hilo","airport":"Hilo International","name":"Hilo International","lat":19.72026306,"country":"USA","iata":"ITO","type":"southWest","state":"HI","long":-155.0484703,"id":1891,"nbLiaisons":4,"nbPassengers":181,"x":533.4057232606949,"y":513.9841613593137,"sizeLabel":0,"colorLabel":"white","r":10,"width":20,"height":20,"relativeR":10,"relativeScaleR":1,"isHover":false,"color":"#ffbb78","stroke_color":"#ffbb78","strokeSize":1,"initial_color":"#ffbb78","initial_stroke_color":"#ffbb78","sketchPaths":[],"isFixed":false},{"city":"Tucson","airport":"Tucson International","name":"Tucson International","lat":32.11608333,"country":"USA","iata":"TUS","type":"southWest","state":"AZ","long":-110.9410278,"id":3148,"nbLiaisons":53,"nbPassengers":71,"x":752.5529679571258,"y":409.98949854732757,"sizeLabel":0,"colorLabel":"white","r":10,"width":20,"height":20,"relativeR":10,"relativeScaleR":1,"isHover":false,"color":"#ffbb78","stroke_color":"#ffbb78","strokeSize":1,"initial_color":"#ffbb78","initial_stroke_color":"#ffbb78","sketchPaths":[],"isFixed":false},{"city":"Santa Barbara","airport":"Santa Barbara Municipal","name":"Santa Barbara Municipal","lat":34.42621194,"country":"USA","iata":"SBA","type":"southWest","state":"CA","long":-119.8403733,"id":2887,"nbLiaisons":16,"nbPassengers":149,"x":716.4338248546641,"y":382.29997003583566,"sizeLabel":0,"colorLabel":"white","r":10,"width":20,"height":20,"relativeR":10,"relativeScaleR":1,"isHover":false,"color":"#ffbb78","stroke_color":"#ffbb78","strokeSize":1,"initial_color":"#ffbb78","initial_stroke_color":"#ffbb78","sketchPaths":[],"isFixed":false},{"city":"Chico","airport":"Chico Municipal","name":"Chico Municipal","lat":39.79538278,"country":"USA","iata":"CIC","type":"southWest","state":"CA","long":-121.8584231,"id":1117,"nbLiaisons":2,"nbPassengers":57,"x":665.1115455808682,"y":386.1640340088373,"sizeLabel":0,"colorLabel":"white","r":10,"width":20,"height":20,"relativeR":10,"relativeScaleR":1,"isHover":false,"color":"#ffbb78","stroke_color":"#ffbb78","strokeSize":1,"initial_color":"#ffbb78","initial_stroke_color":"#ffbb78","sketchPaths":[],"isFixed":false},{"city":"Kailua/Kona","airport":"Kona International At Keahole","name":"Kona International At Keahole","lat":19.73876583,"country":"USA","iata":"KOA","type":"southWest","state":"HI","long":-156.0456314,"id":1991,"nbLiaisons":18,"nbPassengers":160,"x":712.9524435742505,"y":270.72595008994716,"sizeLabel":0,"colorLabel":"white","r":10,"width":20,"height":20,"relativeR":10,"relativeScaleR":1,"isHover":false,"color":"#ffbb78","stroke_color":"#ffbb78","strokeSize":1,"initial_color":"#ffbb78","initial_stroke_color":"#ffbb78","sketchPaths":[],"isFixed":false},{"city":"Inyokern","airport":"Inyokern","name":"Inyokern","lat":35.65884306,"country":"USA","iata":"IYK","type":"southWest","state":"CA","long":-117.8295122,"id":1900,"nbLiaisons":2,"nbPassengers":179,"x":438.38570815976476,"y":427.06221784932126,"sizeLabel":0,"colorLabel":"white","r":10,"width":20,"height":20,"relativeR":10,"relativeScaleR":1,"isHover":false,"color":"#ffbb78","stroke_color":"#ffbb78","strokeSize":1,"initial_color":"#ffbb78","initial_stroke_color":"#ffbb78","sketchPaths":[],"isFixed":false},{"city":"Monterey","airport":"Monterey Peninsula","name":"Monterey Peninsula","lat":36.5869825,"country":"USA","iata":"MRY","type":"southWest","state":"CA","long":-121.8429478,"id":2322,"nbLiaisons":17,"nbPassengers":170,"x":497.81671321851127,"y":475.56152616212705,"sizeLabel":0,"colorLabel":"white","r":10,"width":20,"height":20,"relativeR":10,"relativeScaleR":1,"isHover":false,"color":"#ffbb78","stroke_color":"#ffbb78","strokeSize":1,"initial_color":"#ffbb78","initial_stroke_color":"#ffbb78","sketchPaths":[],"isFixed":false},{"city":"St George","airport":"St George Muni","name":"St George Muni","lat":37.09058333,"country":"USA","iata":"SGU","type":"southWest","state":"UT","long":-113.5930556,"id":2944,"nbLiaisons":4,"nbPassengers":102,"x":622.3451905647837,"y":348.75406195723366,"sizeLabel":0,"colorLabel":"white","r":10,"width":20,"height":20,"relativeR":10,"relativeScaleR":1,"isHover":false,"color":"#ffbb78","stroke_color":"#ffbb78","strokeSize":1,"initial_color":"#ffbb78","initial_stroke_color":"#ffbb78","sketchPaths":[],"isFixed":false},{"city":"Fresno","airport":"Fresno Yosemite International","name":"Fresno Yosemite International","lat":36.77619444,"country":"USA","iata":"FAT","type":"southWest","state":"CA","long":-119.7181389,"id":1488,"nbLiaisons":20,"nbPassengers":21,"x":452.24556370585293,"y":471.78391139374656,"sizeLabel":0,"colorLabel":"white","r":10,"width":20,"height":20,"relativeR":10,"relativeScaleR":1,"isHover":false,"color":"#ffbb78","stroke_color":"#ffbb78","strokeSize":1,"initial_color":"#ffbb78","initial_stroke_color":"#ffbb78","sketchPaths":[],"isFixed":false},{"city":"Ontario","airport":"Ontario International","name":"Ontario International","lat":34.056,"country":"USA","iata":"ONT","type":"southWest","state":"CA","long":-117.6011944,"id":2517,"nbLiaisons":64,"nbPassengers":145,"x":630.262281195073,"y":281.7013721516694,"sizeLabel":0,"colorLabel":"white","r":10,"width":20,"height":20,"relativeR":10,"relativeScaleR":1,"isHover":false,"color":"#ffbb78","stroke_color":"#ffbb78","strokeSize":1,"initial_color":"#ffbb78","initial_stroke_color":"#ffbb78","sketchPaths":[],"isFixed":false},{"city":"Roswell","airport":"Roswell Industrial Air Center","name":"Roswell Industrial Air Center","lat":33.30155556,"country":"USA","iata":"ROW","type":"southWest","state":"NM","long":-104.5305556,"id":2797,"nbLiaisons":2,"nbPassengers":175,"x":570.0660103218179,"y":390.5776549339657,"sizeLabel":0,"colorLabel":"white","r":10,"width":20,"height":20,"relativeR":10,"relativeScaleR":1,"isHover":false,"color":"#ffbb78","stroke_color":"#ffbb78","strokeSize":1,"initial_color":"#ffbb78","initial_stroke_color":"#ffbb78","sketchPaths":[],"isFixed":false},{"city":"Montrose","airport":"Montrose Regional","name":"Montrose Regional","lat":38.50886722,"country":"USA","iata":"MTJ","type":"southWest","state":"CO","long":-107.8938333,"id":2332,"nbLiaisons":16,"nbPassengers":6,"x":565.4707193244058,"y":262.11025451817784,"sizeLabel":0,"colorLabel":"white","r":10,"width":20,"height":20,"relativeR":10,"relativeScaleR":1,"isHover":false,"color":"#ffbb78","stroke_color":"#ffbb78","strokeSize":1,"initial_color":"#ffbb78","initial_stroke_color":"#ffbb78","sketchPaths":[],"isFixed":false},{"city":"Albuquerque","airport":"Albuquerque International","name":"Albuquerque International","lat":35.04022222,"country":"USA","iata":"ABQ","type":"southWest","state":"NM","long":-106.6091944,"id":762,"nbLiaisons":72,"nbPassengers":107,"x":646.3151647558026,"y":574.6615132077327,"sizeLabel":0,"colorLabel":"white","r":10,"width":20,"height":20,"relativeR":10,"relativeScaleR":1,"isHover":false,"color":"#ffbb78","stroke_color":"#ffbb78","strokeSize":1,"initial_color":"#ffbb78","initial_stroke_color":"#ffbb78","sketchPaths":[],"isFixed":false},{"city":"Long Beach","airport":"Long Beach (Daugherty )","name":"Long Beach (Daugherty )","lat":33.81772222,"country":"USA","iata":"LGB","type":"southWest","state":"CA","long":-118.1516111,"id":2062,"nbLiaisons":29,"nbPassengers":151,"x":480.4866846735177,"y":350.8717533163212,"sizeLabel":0,"colorLabel":"white","r":10,"width":20,"height":20,"relativeR":10,"relativeScaleR":1,"isHover":false,"color":"#ffbb78","stroke_color":"#ffbb78","strokeSize":1,"initial_color":"#ffbb78","initial_stroke_color":"#ffbb78","sketchPaths":[],"isFixed":false},{"city":"Burbank","airport":"Burbank-Glendale-Pasadena","name":"Burbank-Glendale-Pasadena","lat":34.20061917,"country":"USA","iata":"BUR","type":"southWest","state":"CA","long":-118.3584969,"id":1018,"nbLiaisons":24,"nbPassengers":65,"x":681.9357414463768,"y":292.60890125801785,"sizeLabel":0,"colorLabel":"white","r":10,"width":20,"height":20,"relativeR":10,"relativeScaleR":1,"isHover":false,"color":"#ffbb78","stroke_color":"#ffbb78","strokeSize":1,"initial_color":"#ffbb78","initial_stroke_color":"#ffbb78","sketchPaths":[],"isFixed":false},{"city":"Kahului","airport":"Kahului","name":"Kahului","lat":20.89864972,"country":"USA","iata":"OGG","type":"southWest","state":"HI","long":-156.4304578,"id":2482,"nbLiaisons":33,"nbPassengers":127,"x":463.7638019339181,"y":518.0922004081964,"sizeLabel":0,"colorLabel":"white","r":10,"width":20,"height":20,"relativeR":10,"relativeScaleR":1,"isHover":false,"color":"#ffbb78","stroke_color":"#ffbb78","strokeSize":1,"initial_color":"#ffbb78","initial_stroke_color":"#ffbb78","sketchPaths":[],"isFixed":false}],"links":[],"images":[],"freeDrawing":[]}