{"nodes":[{"city":"Sitka","airport":"Sitka","name":"Sitka","lat":57.04713806,"country":"USA","iata":"SIT","type":"northWest","state":"AK","long":-135.3615983,"id":2956,"nbLiaisons":4,"nbPassengers":50,"x":561.1060680835437,"y":207.7440800433504,"sizeLabel":0,"colorLabel":"white","r":10,"width":20,"height":20,"relativeR":10,"relativeScaleR":1,"isHover":false,"color":"#ff7f0e","stroke_color":"#ff7f0e","strokeSize":1,"initial_color":"#ff7f0e","initial_stroke_color":"#ff7f0e","sketchPaths":[],"isFixed":false},{"city":"Boise","airport":"Boise Air Terminal","name":"Boise Air Terminal","lat":43.56444444,"country":"USA","iata":"BOI","type":"northWest","state":"ID","long":-116.2227778,"id":991,"nbLiaisons":31,"nbPassengers":145,"x":757.1405084967421,"y":350.56721921156236,"sizeLabel":0,"colorLabel":"white","r":10,"width":20,"height":20,"relativeR":10,"relativeScaleR":1,"isHover":false,"color":"#ff7f0e","stroke_color":"#ff7f0e","strokeSize":1,"initial_color":"#ff7f0e","initial_stroke_color":"#ff7f0e","sketchPaths":[],"isFixed":false},{"city":"Casper","airport":"Natrona County Intl","name":"Natrona County Intl","lat":42.90835556,"country":"USA","iata":"CPR","type":"northWest","state":"WY","long":-106.4644661,"id":1172,"nbLiaisons":6,"nbPassengers":19,"x":626.2009344941615,"y":506.1901168136221,"sizeLabel":0,"colorLabel":"white","r":10,"width":20,"height":20,"relativeR":10,"relativeScaleR":1,"isHover":false,"color":"#ff7f0e","stroke_color":"#ff7f0e","strokeSize":1,"initial_color":"#ff7f0e","initial_stroke_color":"#ff7f0e","sketchPaths":[],"isFixed":false},{"city":"Pocatello","airport":"Pocatello Regional","name":"Pocatello Regional","lat":42.91130556,"country":"USA","iata":"PIH","type":"northWest","state":"ID","long":-112.5958611,"id":2622,"nbLiaisons":3,"nbPassengers":117,"x":710.094580329197,"y":215.5057453098131,"sizeLabel":0,"colorLabel":"white","r":10,"width":20,"height":20,"relativeR":10,"relativeScaleR":1,"isHover":false,"color":"#ff7f0e","stroke_color":"#ff7f0e","strokeSize":1,"initial_color":"#ff7f0e","initial_stroke_color":"#ff7f0e","sketchPaths":[],"isFixed":false},{"city":"Butte","airport":"Bert Mooney","name":"Bert Mooney","lat":45.95479528,"country":"USA","iata":"BTM","type":"northWest","state":"MT","long":-112.49746,"id":1008,"nbLiaisons":2,"nbPassengers":199,"x":521.4732196508927,"y":493.6840905100797,"sizeLabel":0,"colorLabel":"white","r":10,"width":20,"height":20,"relativeR":10,"relativeScaleR":1,"isHover":false,"color":"#ff7f0e","stroke_color":"#ff7f0e","strokeSize":1,"initial_color":"#ff7f0e","initial_stroke_color":"#ff7f0e","sketchPaths":[],"isFixed":false},{"city":"Rapid City","airport":"Rapid City Regional","name":"Rapid City Regional","lat":44.04532139,"country":"USA","iata":"RAP","type":"northWest","state":"SD","long":-103.0573708,"id":2745,"nbLiaisons":6,"nbPassengers":49,"x":712.0314624724908,"y":369.12189604148216,"sizeLabel":0,"colorLabel":"white","r":10,"width":20,"height":20,"relativeR":10,"relativeScaleR":1,"isHover":false,"color":"#ff7f0e","stroke_color":"#ff7f0e","strokeSize":1,"initial_color":"#ff7f0e","initial_stroke_color":"#ff7f0e","sketchPaths":[],"isFixed":false},{"city":"Wrangell","airport":"Wrangell","name":"Wrangell","lat":56.48432583,"country":"USA","iata":"WRG","type":"northWest","state":"AK","long":-132.3698242,"id":3301,"nbLiaisons":4,"nbPassengers":63,"x":717.3515712142317,"y":323.6676139307774,"sizeLabel":0,"colorLabel":"white","r":10,"width":20,"height":20,"relativeR":10,"relativeScaleR":1,"isHover":false,"color":"#ff7f0e","stroke_color":"#ff7f0e","strokeSize":1,"initial_color":"#ff7f0e","initial_stroke_color":"#ff7f0e","sketchPaths":[],"isFixed":false},{"city":"Jackson","airport":"Jackson Hole","name":"Jackson Hole","lat":43.60732417,"country":"USA","iata":"JAC","type":"northWest","state":"WY","long":-110.7377389,"id":1904,"nbLiaisons":14,"nbPassengers":180,"x":447.10034881872633,"y":363.42099863639174,"sizeLabel":0,"colorLabel":"white","r":10,"width":20,"height":20,"relativeR":10,"relativeScaleR":1,"isHover":false,"color":"#ff7f0e","stroke_color":"#ff7f0e","strokeSize":1,"initial_color":"#ff7f0e","initial_stroke_color":"#ff7f0e","sketchPaths":[],"isFixed":false},{"city":"Juneau","airport":"Juneau International","name":"Juneau International","lat":58.35496194,"country":"USA","iata":"JNU","type":"northWest","state":"AK","long":-134.5762764,"id":1925,"nbLiaisons":12,"nbPassengers":59,"x":430.60227884473386,"y":305.5133492829684,"sizeLabel":0,"colorLabel":"white","r":10,"width":20,"height":20,"relativeR":10,"relativeScaleR":1,"isHover":false,"color":"#ff7f0e","stroke_color":"#ff7f0e","strokeSize":1,"initial_color":"#ff7f0e","initial_stroke_color":"#ff7f0e","sketchPaths":[],"isFixed":false},{"city":"Bethel","airport":"Bethel","name":"Bethel","lat":60.77977639,"country":"USA","iata":"BET","type":"northWest","state":"AK","long":-161.8379975,"id":939,"nbLiaisons":2,"nbPassengers":30,"x":425.9641288725465,"y":446.83493935845814,"sizeLabel":0,"colorLabel":"white","r":10,"width":20,"height":20,"relativeR":10,"relativeScaleR":1,"isHover":false,"color":"#ff7f0e","stroke_color":"#ff7f0e","strokeSize":1,"initial_color":"#ff7f0e","initial_stroke_color":"#ff7f0e","sketchPaths":[],"isFixed":false},{"city":"Bozeman","airport":"Gallatin ","name":"Gallatin ","lat":45.77690139,"country":"USA","iata":"BZN","type":"northWest","state":"MT","long":-111.1530072,"id":1038,"nbLiaisons":12,"nbPassengers":93,"x":569.954619719593,"y":519.2734184600498,"sizeLabel":0,"colorLabel":"white","r":10,"width":20,"height":20,"relativeR":10,"relativeScaleR":1,"isHover":false,"color":"#ff7f0e","stroke_color":"#ff7f0e","strokeSize":1,"initial_color":"#ff7f0e","initial_stroke_color":"#ff7f0e","sketchPaths":[],"isFixed":false},{"city":"Hayden","airport":"Yampa Valley","name":"Yampa Valley","lat":40.48118028,"country":"USA","iata":"HDN","type":"northWest","state":"CO","long":-107.2176597,"id":1703,"nbLiaisons":20,"nbPassengers":157,"x":647.8822506247732,"y":458.2415493945898,"sizeLabel":0,"colorLabel":"white","r":10,"width":20,"height":20,"relativeR":10,"relativeScaleR":1,"isHover":false,"color":"#ff7f0e","stroke_color":"#ff7f0e","strokeSize":1,"initial_color":"#ff7f0e","initial_stroke_color":"#ff7f0e","sketchPaths":[],"isFixed":false},{"city":"Crescent City","airport":"Jack McNamara ","name":"Jack McNamara ","lat":41.78015722,"country":"USA","iata":"CEC","type":"northWest","state":"CA","long":-124.2365333,"id":1087,"nbLiaisons":4,"nbPassengers":106,"x":614.5087789348884,"y":160.32373722636044,"sizeLabel":0,"colorLabel":"white","r":10,"width":20,"height":20,"relativeR":10,"relativeScaleR":1,"isHover":false,"color":"#ff7f0e","stroke_color":"#ff7f0e","strokeSize":1,"initial_color":"#ff7f0e","initial_stroke_color":"#ff7f0e","sketchPaths":[],"isFixed":false},{"city":"Deadhorse","airport":"Deadhorse","name":"Deadhorse","lat":70.19475583,"country":"USA","iata":"SCC","type":"northWest","state":"AK","long":-148.4651608,"id":2898,"nbLiaisons":4,"nbPassengers":24,"x":705.8723742429771,"y":448.3013079456576,"sizeLabel":0,"colorLabel":"white","r":10,"width":20,"height":20,"relativeR":10,"relativeScaleR":1,"isHover":false,"color":"#ff7f0e","stroke_color":"#ff7f0e","strokeSize":1,"initial_color":"#ff7f0e","initial_stroke_color":"#ff7f0e","sketchPaths":[],"isFixed":false},{"city":"Medford","airport":"Rogue Valley International","name":"Rogue Valley International","lat":42.37422778,"country":"USA","iata":"MFR","type":"northWest","state":"OR","long":-122.8734978,"id":2234,"nbLiaisons":12,"nbPassengers":134,"x":643.7410360711887,"y":395.70669516535315,"sizeLabel":0,"colorLabel":"white","r":10,"width":20,"height":20,"relativeR":10,"relativeScaleR":1,"isHover":false,"color":"#ff7f0e","stroke_color":"#ff7f0e","strokeSize":1,"initial_color":"#ff7f0e","initial_stroke_color":"#ff7f0e","sketchPaths":[],"isFixed":false},{"city":"Spokane","airport":"Spokane Intl","name":"Spokane Intl","lat":47.61985556,"country":"USA","iata":"GEG","type":"northWest","state":"WA","long":-117.5338425,"id":1595,"nbLiaisons":32,"nbPassengers":16,"x":408.6536292847683,"y":271.47433509197975,"sizeLabel":0,"colorLabel":"white","r":10,"width":20,"height":20,"relativeR":10,"relativeScaleR":1,"isHover":false,"color":"#ff7f0e","stroke_color":"#ff7f0e","strokeSize":1,"initial_color":"#ff7f0e","initial_stroke_color":"#ff7f0e","sketchPaths":[],"isFixed":false},{"city":"Anchorage","airport":"Ted Stevens Anchorage International","name":"Ted Stevens Anchorage International","lat":61.17432028,"country":"USA","iata":"ANC","type":"northWest","state":"AK","long":-149.9961856,"id":839,"nbLiaisons":35,"nbPassengers":47,"x":506.2736391129572,"y":169.97243239557082,"sizeLabel":0,"colorLabel":"white","r":10,"width":20,"height":20,"relativeR":10,"relativeScaleR":1,"isHover":false,"color":"#ff7f0e","stroke_color":"#ff7f0e","strokeSize":1,"initial_color":"#ff7f0e","initial_stroke_color":"#ff7f0e","sketchPaths":[],"isFixed":false},{"city":"Yakima","airport":"Yakima Air Terminal","name":"Yakima Air Terminal","lat":46.56816972,"country":"USA","iata":"YKM","type":"northWest","state":"WA","long":-120.5440594,"id":3357,"nbLiaisons":2,"nbPassengers":122,"x":453.13710503417167,"y":259.8419366327926,"sizeLabel":0,"colorLabel":"white","r":10,"width":20,"height":20,"relativeR":10,"relativeScaleR":1,"isHover":false,"color":"#ff7f0e","stroke_color":"#ff7f0e","strokeSize":1,"initial_color":"#ff7f0e","initial_stroke_color":"#ff7f0e","sketchPaths":[],"isFixed":false},{"city":"Missoula","airport":"Missoula International","name":"Missoula International","lat":46.91630556,"country":"USA","iata":"MSO","type":"northWest","state":"MT","long":-114.0905556,"id":2326,"nbLiaisons":4,"nbPassengers":145,"x":597.8594288033914,"y":243.68478330587064,"sizeLabel":0,"colorLabel":"white","r":10,"width":20,"height":20,"relativeR":10,"relativeScaleR":1,"isHover":false,"color":"#ff7f0e","stroke_color":"#ff7f0e","strokeSize":1,"initial_color":"#ff7f0e","initial_stroke_color":"#ff7f0e","sketchPaths":[],"isFixed":false},{"city":"Pasco","airport":"Tri-Cities","name":"Tri-Cities","lat":46.26468028,"country":"USA","iata":"PSC","type":"northWest","state":"WA","long":-119.1190292,"id":2673,"nbLiaisons":5,"nbPassengers":69,"x":674.8206079544032,"y":291.8461563603864,"sizeLabel":0,"colorLabel":"white","r":10,"width":20,"height":20,"relativeR":10,"relativeScaleR":1,"isHover":false,"color":"#ff7f0e","stroke_color":"#ff7f0e","strokeSize":1,"initial_color":"#ff7f0e","initial_stroke_color":"#ff7f0e","sketchPaths":[],"isFixed":false},{"city":"Petersburg","airport":"James C. Johnson Petersburg","name":"James C. Johnson Petersburg","lat":56.80165194,"country":"USA","iata":"PSG","type":"northWest","state":"AK","long":-132.9452781,"id":2676,"nbLiaisons":4,"nbPassengers":11,"x":566.6084085701593,"y":294.87069313590916,"sizeLabel":0,"colorLabel":"white","r":10,"width":20,"height":20,"relativeR":10,"relativeScaleR":1,"isHover":false,"color":"#ff7f0e","stroke_color":"#ff7f0e","strokeSize":1,"initial_color":"#ff7f0e","initial_stroke_color":"#ff7f0e","sketchPaths":[],"isFixed":false},{"city":"Minot","airport":"Minot International","name":"Minot International","lat":48.25937778,"country":"USA","iata":"MOT","type":"northWest","state":"ND","long":-101.2803339,"id":2300,"nbLiaisons":2,"nbPassengers":109,"x":561.3237058898934,"y":396.4116774342216,"sizeLabel":0,"colorLabel":"white","r":10,"width":20,"height":20,"relativeR":10,"relativeScaleR":1,"isHover":false,"color":"#ff7f0e","stroke_color":"#ff7f0e","strokeSize":1,"initial_color":"#ff7f0e","initial_stroke_color":"#ff7f0e","sketchPaths":[],"isFixed":false},{"city":"Helena","airport":"Helena Regional","name":"Helena Regional","lat":46.60681806,"country":"USA","iata":"HLN","type":"northWest","state":"MT","long":-111.9827503,"id":1731,"nbLiaisons":4,"nbPassengers":55,"x":560.207885636461,"y":342.9557190252924,"sizeLabel":0,"colorLabel":"white","r":10,"width":20,"height":20,"relativeR":10,"relativeScaleR":1,"isHover":false,"color":"#ff7f0e","stroke_color":"#ff7f0e","strokeSize":1,"initial_color":"#ff7f0e","initial_stroke_color":"#ff7f0e","sketchPaths":[],"isFixed":false},{"city":"Elko","airport":"Elko Regional","name":"Elko Regional","lat":40.82492611,"country":"USA","iata":"EKO","type":"northWest","state":"NV","long":-115.7916964,"id":1382,"nbLiaisons":3,"nbPassengers":192,"x":673.4616160336908,"y":488.0993894095094,"sizeLabel":0,"colorLabel":"white","r":10,"width":20,"height":20,"relativeR":10,"relativeScaleR":1,"isHover":false,"color":"#ff7f0e","stroke_color":"#ff7f0e","strokeSize":1,"initial_color":"#ff7f0e","initial_stroke_color":"#ff7f0e","sketchPaths":[],"isFixed":false},{"city":"Hailey","airport":"Friedman Memorial","name":"Friedman Memorial","lat":43.50484139,"country":"USA","iata":"SUN","type":"northWest","state":"ID","long":-114.2965903,"id":3028,"nbLiaisons":2,"nbPassengers":10,"x":509.52549714557193,"y":443.55090742347295,"sizeLabel":0,"colorLabel":"white","r":10,"width":20,"height":20,"relativeR":10,"relativeScaleR":1,"isHover":false,"color":"#ff7f0e","stroke_color":"#ff7f0e","strokeSize":1,"initial_color":"#ff7f0e","initial_stroke_color":"#ff7f0e","sketchPaths":[],"isFixed":false},{"city":"Cody","airport":"Yellowstone Regional","name":"Yellowstone Regional","lat":44.52019417,"country":"USA","iata":"COD","type":"northWest","state":"WY","long":-109.0237961,"id":1160,"nbLiaisons":4,"nbPassengers":61,"x":485.76115607771914,"y":394.7039994481306,"sizeLabel":0,"colorLabel":"white","r":10,"width":20,"height":20,"relativeR":10,"relativeScaleR":1,"isHover":false,"color":"#ff7f0e","stroke_color":"#ff7f0e","strokeSize":1,"initial_color":"#ff7f0e","initial_stroke_color":"#ff7f0e","sketchPaths":[],"isFixed":false},{"city":"Idaho Falls","airport":"Idaho Falls Regional","name":"Idaho Falls Regional","lat":43.51455556,"country":"USA","iata":"IDA","type":"northWest","state":"ID","long":-112.0701667,"id":1842,"nbLiaisons":7,"nbPassengers":90,"x":650.382420898504,"y":245.46464947105028,"sizeLabel":0,"colorLabel":"white","r":10,"width":20,"height":20,"relativeR":10,"relativeScaleR":1,"isHover":false,"color":"#ff7f0e","stroke_color":"#ff7f0e","strokeSize":1,"initial_color":"#ff7f0e","initial_stroke_color":"#ff7f0e","sketchPaths":[],"isFixed":false},{"city":"Kalispell","airport":"Glacier Park Intl","name":"Glacier Park Intl","lat":48.31140472,"country":"USA","iata":"FCA","type":"northWest","state":"MT","long":-114.2550694,"id":1493,"nbLiaisons":6,"nbPassengers":170,"x":666.942262130812,"y":193.31376239905188,"sizeLabel":0,"colorLabel":"white","r":10,"width":20,"height":20,"relativeR":10,"relativeScaleR":1,"isHover":false,"color":"#ff7f0e","stroke_color":"#ff7f0e","strokeSize":1,"initial_color":"#ff7f0e","initial_stroke_color":"#ff7f0e","sketchPaths":[],"isFixed":false},{"city":"Arcata/Eureka","airport":"Arcata","name":"Arcata","lat":40.97811528,"country":"USA","iata":"ACV","type":"northWest","state":"CA","long":-124.1086189,"id":770,"nbLiaisons":6,"nbPassengers":35,"x":496.9267832795841,"y":268.27483918041264,"sizeLabel":0,"colorLabel":"white","r":10,"width":20,"height":20,"relativeR":10,"relativeScaleR":1,"isHover":false,"color":"#ff7f0e","stroke_color":"#ff7f0e","strokeSize":1,"initial_color":"#ff7f0e","initial_stroke_color":"#ff7f0e","sketchPaths":[],"isFixed":false},{"city":"Seattle","airport":"Seattle-Tacoma Intl","name":"Seattle-Tacoma Intl","lat":47.44898194,"country":"USA","iata":"SEA","type":"northWest","state":"WA","long":-122.3093131,"id":2921,"nbLiaisons":101,"nbPassengers":88,"x":702.0954118689632,"y":252.9337709755757,"sizeLabel":0,"colorLabel":"white","r":10,"width":20,"height":20,"relativeR":10,"relativeScaleR":1,"isHover":false,"color":"#ff7f0e","stroke_color":"#ff7f0e","strokeSize":1,"initial_color":"#ff7f0e","initial_stroke_color":"#ff7f0e","sketchPaths":[],"isFixed":false},{"city":"Salt Lake City","airport":"Salt Lake City Intl","name":"Salt Lake City Intl","lat":40.78838778,"country":"USA","iata":"SLC","type":"northWest","state":"UT","long":-111.9777731,"id":2969,"nbLiaisons":183,"nbPassengers":94,"x":463.68249905519406,"y":435.0618505579759,"sizeLabel":0,"colorLabel":"white","r":10,"width":20,"height":20,"relativeR":10,"relativeScaleR":1,"isHover":false,"color":"#ff7f0e","stroke_color":"#ff7f0e","strokeSize":1,"initial_color":"#ff7f0e","initial_stroke_color":"#ff7f0e","sketchPaths":[],"isFixed":false},{"city":"Great Falls","airport":"Great Falls Intl","name":"Great Falls Intl","lat":47.48200194,"country":"USA","iata":"GTF","type":"northWest","state":"MT","long":-111.3706853,"id":1652,"nbLiaisons":6,"nbPassengers":177,"x":610.1704622175093,"y":363.2968761722291,"sizeLabel":0,"colorLabel":"white","r":10,"width":20,"height":20,"relativeR":10,"relativeScaleR":1,"isHover":false,"color":"#ff7f0e","stroke_color":"#ff7f0e","strokeSize":1,"initial_color":"#ff7f0e","initial_stroke_color":"#ff7f0e","sketchPaths":[],"isFixed":false},{"city":"Portland","airport":"Portland Intl","name":"Portland Intl","lat":45.58872222,"country":"USA","iata":"PDX","type":"northWest","state":"OR","long":-122.5975,"id":2596,"nbLiaisons":78,"nbPassengers":110,"x":448.89397072698137,"y":216.9891210258591,"sizeLabel":0,"colorLabel":"white","r":10,"width":20,"height":20,"relativeR":10,"relativeScaleR":1,"isHover":false,"color":"#ff7f0e","stroke_color":"#ff7f0e","strokeSize":1,"initial_color":"#ff7f0e","initial_stroke_color":"#ff7f0e","sketchPaths":[],"isFixed":false},{"city":"Eugene","airport":"Mahlon Sweet ","name":"Mahlon Sweet ","lat":44.12326,"country":"USA","iata":"EUG","type":"northWest","state":"OR","long":-123.2186856,"id":1425,"nbLiaisons":14,"nbPassengers":35,"x":736.6858360648786,"y":401.7556654856448,"sizeLabel":0,"colorLabel":"white","r":10,"width":20,"height":20,"relativeR":10,"relativeScaleR":1,"isHover":false,"color":"#ff7f0e","stroke_color":"#ff7f0e","strokeSize":1,"initial_color":"#ff7f0e","initial_stroke_color":"#ff7f0e","sketchPaths":[],"isFixed":false},{"city":"Redding","airport":"Redding Municipal","name":"Redding Municipal","lat":40.50898361,"country":"USA","iata":"RDD","type":"northWest","state":"CA","long":-122.2934019,"id":2755,"nbLiaisons":2,"nbPassengers":96,"x":553.8476196685168,"y":444.1027928722341,"sizeLabel":0,"colorLabel":"white","r":10,"width":20,"height":20,"relativeR":10,"relativeScaleR":1,"isHover":false,"color":"#ff7f0e","stroke_color":"#ff7f0e","strokeSize":1,"initial_color":"#ff7f0e","initial_stroke_color":"#ff7f0e","sketchPaths":[],"isFixed":false},{"city":"Yakutat","airport":"Yakutat","name":"Yakutat","lat":59.50336056,"country":"USA","iata":"YAK","type":"northWest","state":"AK","long":-139.6602261,"id":3354,"nbLiaisons":4,"nbPassengers":26,"x":617.5103894626351,"y":200.17201479642915,"sizeLabel":0,"colorLabel":"white","r":10,"width":20,"height":20,"relativeR":10,"relativeScaleR":1,"isHover":false,"color":"#ff7f0e","stroke_color":"#ff7f0e","strokeSize":1,"initial_color":"#ff7f0e","initial_stroke_color":"#ff7f0e","sketchPaths":[],"isFixed":false},{"city":"Bellingham","airport":"Bellingham Intl","name":"Bellingham Intl","lat":48.79275,"country":"USA","iata":"BLI","type":"northWest","state":"WA","long":-122.5375278,"id":976,"nbLiaisons":2,"nbPassengers":5,"x":471.6464625841708,"y":314.5720758599299,"sizeLabel":0,"colorLabel":"white","r":10,"width":20,"height":20,"relativeR":10,"relativeScaleR":1,"isHover":false,"color":"#ff7f0e","stroke_color":"#ff7f0e","strokeSize":1,"initial_color":"#ff7f0e","initial_stroke_color":"#ff7f0e","sketchPaths":[],"isFixed":false},{"city":"Nome","airport":"Nome","name":"Nome","lat":64.51220222,"country":"USA","iata":"OME","type":"northWest","state":"AK","long":-165.4452458,"id":2508,"nbLiaisons":4,"nbPassengers":35,"x":673.3802587170611,"y":343.34716379825716,"sizeLabel":0,"colorLabel":"white","r":10,"width":20,"height":20,"relativeR":10,"relativeScaleR":1,"isHover":false,"color":"#ff7f0e","stroke_color":"#ff7f0e","strokeSize":1,"initial_color":"#ff7f0e","initial_stroke_color":"#ff7f0e","sketchPaths":[],"isFixed":false},{"city":"Barrow","airport":"Wiley Post Will Rogers Memorial","name":"Wiley Post Will Rogers Memorial","lat":71.2854475,"country":"USA","iata":"BRW","type":"northWest","state":"AK","long":-156.7660019,"id":1003,"nbLiaisons":4,"nbPassengers":193,"x":609.3149374224005,"y":435.13218219537924,"sizeLabel":0,"colorLabel":"white","r":10,"width":20,"height":20,"relativeR":10,"relativeScaleR":1,"isHover":false,"color":"#ff7f0e","stroke_color":"#ff7f0e","strokeSize":1,"initial_color":"#ff7f0e","initial_stroke_color":"#ff7f0e","sketchPaths":[],"isFixed":false},{"city":"Cordova","airport":"Merle K (Mudhole) Smith","name":"Merle K (Mudhole) Smith","lat":60.49183389,"country":"USA","iata":"CDV","type":"northWest","state":"AK","long":-145.4776503,"id":1085,"nbLiaisons":4,"nbPassengers":171,"x":511.1221238765749,"y":349.95172818677355,"sizeLabel":0,"colorLabel":"white","r":10,"width":20,"height":20,"relativeR":10,"relativeScaleR":1,"isHover":false,"color":"#ff7f0e","stroke_color":"#ff7f0e","strokeSize":1,"initial_color":"#ff7f0e","initial_stroke_color":"#ff7f0e","sketchPaths":[],"isFixed":false},{"city":"Twin Falls","airport":"Joslin Field - Magic Valley","name":"Joslin Field - Magic Valley","lat":42.48180389,"country":"USA","iata":"TWF","type":"northWest","state":"ID","long":-114.4877356,"id":3157,"nbLiaisons":7,"nbPassengers":1,"x":546.9992857187517,"y":249.74055008588226,"sizeLabel":0,"colorLabel":"white","r":10,"width":20,"height":20,"relativeR":10,"relativeScaleR":1,"isHover":false,"color":"#ff7f0e","stroke_color":"#ff7f0e","strokeSize":1,"initial_color":"#ff7f0e","initial_stroke_color":"#ff7f0e","sketchPaths":[],"isFixed":false},{"city":"Lewiston","airport":"Lewiston-Nez Perce County","name":"Lewiston-Nez Perce County","lat":46.37449806,"country":"USA","iata":"LWS","type":"northWest","state":"ID","long":-117.0153944,"id":2124,"nbLiaisons":1,"nbPassengers":117,"x":473.3579297508368,"y":482.97241424159193,"sizeLabel":0,"colorLabel":"white","r":10,"width":20,"height":20,"relativeR":10,"relativeScaleR":1,"isHover":false,"color":"#ff7f0e","stroke_color":"#ff7f0e","strokeSize":1,"initial_color":"#ff7f0e","initial_stroke_color":"#ff7f0e","sketchPaths":[],"isFixed":false},{"city":"Kodiak","airport":"Kodiak ","name":"Kodiak ","lat":57.74996778,"country":"USA","iata":"ADQ","type":"northWest","state":"AK","long":-152.4938553,"id":778,"nbLiaisons":2,"nbPassengers":196,"x":620.8517131870577,"y":297.7610133455301,"sizeLabel":0,"colorLabel":"white","r":10,"width":20,"height":20,"relativeR":10,"relativeScaleR":1,"isHover":false,"color":"#ff7f0e","stroke_color":"#ff7f0e","strokeSize":1,"initial_color":"#ff7f0e","initial_stroke_color":"#ff7f0e","sketchPaths":[],"isFixed":false},{"city":"Bismarck","airport":"Bismarck Municipal","name":"Bismarck Municipal","lat":46.77411111,"country":"USA","iata":"BIS","type":"northWest","state":"ND","long":-100.7467222,"id":963,"nbLiaisons":4,"nbPassengers":40,"x":686.195202306744,"y":410.5782675553207,"sizeLabel":0,"colorLabel":"white","r":10,"width":20,"height":20,"relativeR":10,"relativeScaleR":1,"isHover":false,"color":"#ff7f0e","stroke_color":"#ff7f0e","strokeSize":1,"initial_color":"#ff7f0e","initial_stroke_color":"#ff7f0e","sketchPaths":[],"isFixed":false},{"city":"Billings","airport":"Billings Logan Intl","name":"Billings Logan Intl","lat":45.8076625,"country":"USA","iata":"BIL","type":"northWest","state":"MT","long":-108.5428611,"id":962,"nbLiaisons":7,"nbPassengers":173,"x":744.778246899181,"y":290.58969226994327,"sizeLabel":0,"colorLabel":"white","r":10,"width":20,"height":20,"relativeR":10,"relativeScaleR":1,"isHover":false,"color":"#ff7f0e","stroke_color":"#ff7f0e","strokeSize":1,"initial_color":"#ff7f0e","initial_stroke_color":"#ff7f0e","sketchPaths":[],"isFixed":false},{"city":"Redmond","airport":"Roberts ","name":"Roberts ","lat":44.25406722,"country":"USA","iata":"RDM","type":"northWest","state":"OR","long":-121.1499633,"id":2758,"nbLiaisons":6,"nbPassengers":119,"x":501.80574020073135,"y":212.19770532235248,"sizeLabel":0,"colorLabel":"white","r":10,"width":20,"height":20,"relativeR":10,"relativeScaleR":1,"isHover":false,"color":"#ff7f0e","stroke_color":"#ff7f0e","strokeSize":1,"initial_color":"#ff7f0e","initial_stroke_color":"#ff7f0e","sketchPaths":[],"isFixed":false},{"city":"Kotzebue","airport":"Ralph Wien Memorial","name":"Ralph Wien Memorial","lat":66.88467694,"country":"USA","iata":"OTZ","type":"northWest","state":"AK","long":-162.5985497,"id":2548,"nbLiaisons":4,"nbPassengers":103,"x":404.0437266090148,"y":337.56933758935077,"sizeLabel":0,"colorLabel":"white","r":10,"width":20,"height":20,"relativeR":10,"relativeScaleR":1,"isHover":false,"color":"#ff7f0e","stroke_color":"#ff7f0e","strokeSize":1,"initial_color":"#ff7f0e","initial_stroke_color":"#ff7f0e","sketchPaths":[],"isFixed":false},{"city":"Fairbanks","airport":"Fairbanks International","name":"Fairbanks International","lat":64.8136775,"country":"USA","iata":"FAI","type":"northWest","state":"AK","long":-147.8596694,"id":1484,"nbLiaisons":7,"nbPassengers":103,"x":587.0418140700535,"y":484.05653493031963,"sizeLabel":0,"colorLabel":"white","r":10,"width":20,"height":20,"relativeR":10,"relativeScaleR":1,"isHover":false,"color":"#ff7f0e","stroke_color":"#ff7f0e","strokeSize":1,"initial_color":"#ff7f0e","initial_stroke_color":"#ff7f0e","sketchPaths":[],"isFixed":false},{"city":"Ketchikan","airport":"Ketchikan International","name":"Ketchikan International","lat":55.35556861,"country":"USA","iata":"KTN","type":"northWest","state":"AK","long":-131.71374,"id":1997,"nbLiaisons":8,"nbPassengers":115,"x":560.738878425215,"y":168.02355451639002,"sizeLabel":0,"colorLabel":"white","r":10,"width":20,"height":20,"relativeR":10,"relativeScaleR":1,"isHover":false,"color":"#ff7f0e","stroke_color":"#ff7f0e","strokeSize":1,"initial_color":"#ff7f0e","initial_stroke_color":"#ff7f0e","sketchPaths":[],"isFixed":false},{"city":"Salem","airport":"McNary Fld","name":"McNary Fld","lat":44.90952778,"country":"USA","iata":"SLE","type":"northWest","state":"OR","long":-123.0025,"id":2970,"nbLiaisons":2,"nbPassengers":60,"x":417.9014166677522,"y":396.8295129483561,"sizeLabel":0,"colorLabel":"white","r":10,"width":20,"height":20,"relativeR":10,"relativeScaleR":1,"isHover":false,"color":"#ff7f0e","stroke_color":"#ff7f0e","strokeSize":1,"initial_color":"#ff7f0e","initial_stroke_color":"#ff7f0e","sketchPaths":[],"isFixed":false}],"links":[],"images":[],"freeDrawing":[]}